Time,Throughput,RTT,Loss
1,12032,,
2,12032,,
3,12032,,
4,12032,,
5,12032,,
6,12032,,
7,12032,,
8,12032,,
9,12032,,
10,12032,,
11,12032,,
12,12032,,
13,12032,,
14,12032,,
15,12032,,
16,12032,,
17,12032,,
18,12032,,
19,12032,,
20,12032,,
21,12032,,
22,12032,,
23,12032,,
24,12032,,
25,12032,,
26,12032,,
27,12032,,
28,12032,,
29,12032,,
30,12032,,
31,12032,,
32,12032,,
33,12032,,
34,12032,,
35,12032,,
36,12032,,
37,12032,,
38,12032,,
39,12032,,
40,12032,,
41,12032,,
42,12032,,
43,12032,,
44,12032,,
45,12032,,
46,12032,,
47,12032,,
48,12032,,
49,12032,,
50,12032,,
51,12032,,
52,12032,,
53,12032,,
54,12032,,
55,12032,,
56,12032,,
57,12032,,
58,12032,,
59,12032,,
60,12032,,
61,12032,,
62,12032,,
63,12032,,
64,12032,,
65,12032,,
66,12032,,
67,12032,,
68,12032,,
69,12032,,
70,12032,,
71,12032,,
72,12032,,
73,12032,,
74,12032,,
75,12032,,
76,12032,,
77,12032,,
78,12032,,
79,12032,,
80,12032,,
81,12032,,
82,12032,,
83,12032,,
84,12032,,
85,12032,,
86,12032,,
87,12032,,
88,12032,,
89,12032,,
90,12032,,
91,12032,,
92,12032,,
93,12032,,
94,12032,,
95,12032,,
96,12032,,
97,12032,,
98,12032,,
99,12032,,
100,12032,,
101,12032,,
102,12032,,
103,12032,,
104,12032,,
105,12032,,
106,12032,,
107,12032,,
108,12032,,
109,12032,,
110,12032,,
111,12032,,
112,12032,,
113,12032,,
114,12032,,
115,12032,,
116,12032,,
117,12032,,
118,12032,,
119,12032,,
120,12032,,
121,12032,,
122,12032,,
123,12032,,
124,12032,,
125,12032,,
126,12032,,
127,12032,,
128,12032,,
129,12032,,
130,12032,,
131,12032,,
132,12032,,
133,12032,,
134,12032,,
135,12032,,
136,12032,,
137,12032,,
138,12032,,
139,12032,,
140,12032,,
141,12032,,
142,12032,,
143,12032,,
144,12032,,
145,12032,,
146,12032,,
147,12032,,
148,12032,,
149,12032,,
150,12032,,
151,12032,,
152,12032,,
153,12032,,
154,12032,,
155,12032,,
156,12032,,
157,12032,,
158,12032,,
159,12032,,
160,12032,,
161,12032,,
162,12032,,
163,12032,,
164,12032,,
165,12032,,
166,12032,,
167,12032,,
168,12032,,
169,12032,,
170,12032,,
171,12032,,
172,12032,,
173,12032,,
174,12032,,
175,12032,,
176,12032,,
177,12032,,
178,12032,,
179,12032,,
180,12032,,
181,12032,,
182,12032,,
183,12032,,
184,12032,,
185,12032,,
186,12032,,
187,12032,,
188,12032,,
189,12032,,
190,12032,,
191,12032,,
192,12032,,
193,12032,,
194,12032,,
195,12032,,
196,12032,,
197,12032,,
198,12032,,
199,12032,,
200,12032,,
201,12032,,
202,12032,,
203,12032,,
204,12032,,
205,12032,,
206,12032,,
207,12032,,
208,12032,,
209,12032,,
210,12032,,
211,12032,,
212,12032,,
213,12032,,
214,12032,,
215,12032,,
216,12032,,
217,12032,,
218,12032,,
219,12032,,
220,12032,,
221,12032,,
222,12032,,
223,12032,,
224,12032,,
225,12032,,
226,12032,,
227,12032,,
228,12032,,
229,12032,,
230,12032,,
231,12032,,
232,12032,,
233,12032,,
234,12032,,
235,12032,,
236,12032,,
237,12032,,
238,12032,,
239,12032,,
240,12032,,
241,12032,,
242,12032,,
243,12032,,
244,12032,,
245,12032,,
246,12032,,
247,12032,,
248,12032,,
249,12032,,
250,12032,,
251,12032,,
252,12032,,
253,12032,,
254,12032,,
255,12032,,
256,12032,,
257,12032,,
258,12032,,
259,12032,,
260,12032,,
261,12032,,
262,12032,,
263,12032,,
264,12032,,
265,12032,,
266,12032,,
267,12032,,
268,12032,,
269,12032,,
270,12032,,
271,12032,,
272,12032,,
273,12032,,
274,12032,,
275,12032,,
276,12032,,
277,12032,,
278,12032,,
279,12032,,
280,12032,,
281,12032,,
282,12032,,
283,12032,,
284,12032,,
285,12032,,
286,12032,,
287,12032,,
288,12032,,
289,12032,,
290,12032,,
291,12032,,
292,12032,,
293,12032,,
294,12032,,
295,12032,,
296,12032,,
297,12032,,
298,12032,,
299,12032,,
300,12032,,
301,12032,,
302,12032,,
303,12032,,
304,12032,,
305,12032,,
306,12032,,
307,12032,,
308,12032,,
309,12032,,
310,12032,,
311,12032,,
312,12032,,
313,12032,,
314,12032,,
315,12032,,
316,12032,,
317,12032,,
318,12032,,
319,12032,,
320,12032,,
321,12032,,
322,12032,,
323,12032,,
324,12032,,
325,12032,,
326,12032,,
327,12032,,
328,12032,,
329,12032,,
330,12032,,
331,12032,,
332,12032,,
333,12032,,
334,12032,,
335,12032,,
336,12032,,
337,12032,,
338,12032,,
339,12032,,
340,12032,,
341,12032,,
342,12032,,
343,12032,,
344,12032,,
345,12032,,
346,12032,,
347,12032,,
348,12032,,
349,12032,,
350,12032,,
351,12032,,
352,12032,,
353,12032,,
354,12032,,
355,12032,,
356,12032,,
357,12032,,
358,12032,,
359,12032,,
360,12032,,
361,12032,,
362,12032,,
363,12032,,
364,12032,,
365,12032,,
366,12032,,
367,12032,,
368,12032,,
369,12032,,
370,12032,,
371,12032,,
372,12032,,
373,12032,,
374,12032,,
375,12032,,
376,12032,,
377,12032,,
378,12032,,
379,12032,,
380,12032,,
381,12032,,
382,12032,,
383,12032,,
384,12032,,
385,12032,,
386,12032,,
387,12032,,
388,12032,,
389,12032,,
390,12032,,
391,12032,,
392,12032,,
393,12032,,
394,12032,,
395,12032,,
396,12032,,
397,12032,,
398,12032,,
399,12032,,
400,12032,,
401,12032,,
402,12032,,
403,12032,,
404,12032,,
405,12032,,
406,12032,,
407,12032,,
408,12032,,
409,12032,,
410,12032,,
411,12032,,
412,12032,,
413,12032,,
414,12032,,
415,12032,,
416,12032,,
417,12032,,
418,12032,,
419,12032,,
420,12032,,
421,12032,,
422,12032,,
423,12032,,
424,12032,,
425,12032,,
426,12032,,
427,12032,,
428,12032,,
429,12032,,
430,12032,,
431,12032,,
432,12032,,
433,12032,,
434,12032,,
435,12032,,
436,12032,,
437,12032,,
438,12032,,
439,12032,,
440,12032,,
441,12032,,
442,12032,,
443,12032,,
444,12032,,
445,12032,,
446,12032,,
447,12032,,
448,12032,,
449,12032,,
450,12032,,
451,12032,,
452,12032,,
453,12032,,
454,12032,,
455,12032,,
456,12032,,
457,12032,,
458,12032,,
459,12032,,
460,12032,,
461,12032,,
462,12032,,
463,12032,,
464,12032,,
465,12032,,
466,12032,,
467,12032,,
468,12032,,
469,12032,,
470,12032,,
471,12032,,
472,12032,,
473,12032,,
474,12032,,
475,12032,,
476,12032,,
477,12032,,
478,12032,,
479,12032,,
480,12032,,
481,12032,,
482,12032,,
483,12032,,
484,12032,,
485,12032,,
486,12032,,
487,12032,,
488,12032,,
489,12032,,
490,12032,,
491,12032,,
492,12032,,
493,12032,,
494,12032,,
495,12032,,
496,12032,,
497,12032,,
498,12032,,
499,12032,,
500,12032,,
501,12032,,
502,12032,,
503,12032,,
504,12032,,
505,12032,,
506,12032,,
507,12032,,
508,12032,,
509,12032,,
510,12032,,
511,12032,,
512,12032,,
513,12032,,
514,12032,,
515,12032,,
516,12032,,
517,12032,,
518,12032,,
519,12032,,
520,12032,,
521,12032,,
522,12032,,
523,12032,,
524,12032,,
525,12032,,
526,12032,,
527,12032,,
528,12032,,
529,12032,,
530,12032,,
531,12032,,
532,12032,,
533,12032,,
534,12032,,
535,12032,,
536,12032,,
537,12032,,
538,12032,,
539,12032,,
540,12032,,
541,12032,,
542,12032,,
543,12032,,
544,12032,,
545,12032,,
546,12032,,
547,12032,,
548,12032,,
549,12032,,
550,12032,,
551,12032,,
552,12032,,
553,12032,,
554,12032,,
555,12032,,
556,12032,,
557,12032,,
558,12032,,
559,12032,,
560,12032,,
561,12032,,
562,12032,,
563,12032,,
564,12032,,
565,12032,,
566,12032,,
567,12032,,
568,12032,,
569,12032,,
570,12032,,
571,12032,,
572,12032,,
573,12032,,
574,12032,,
575,12032,,
576,12032,,
577,12032,,
578,12032,,
579,12032,,
580,12032,,
581,12032,,
582,12032,,
583,12032,,
584,12032,,
585,12032,,
586,12032,,
587,12032,,
588,12032,,
589,12032,,
590,12032,,
591,12032,,
592,12032,,
593,12032,,
594,12032,,
595,12032,,
596,12032,,
597,12032,,
598,12032,,
599,12032,,
600,12032,,
601,12032,,
602,12032,,
603,12032,,
604,12032,,
605,12032,,
606,12032,,
607,12032,,
608,12032,,
609,12032,,
610,12032,,
611,12032,,
612,12032,,
613,12032,,
614,12032,,
615,12032,,
616,12032,,
617,12032,,
618,12032,,
619,12032,,
620,12032,,
621,12032,,
622,12032,,
623,12032,,
624,12032,,
625,12032,,
626,12032,,
627,12032,,
628,12032,,
629,12032,,
630,12032,,
631,12032,,
632,12032,,
633,12032,,
634,12032,,
635,12032,,
636,12032,,
637,12032,,
638,12032,,
639,12032,,
640,12032,,
641,12032,,
642,12032,,
643,12032,,
644,12032,,
645,12032,,
646,12032,,
647,12032,,
648,12032,,
649,12032,,
650,12032,,
651,12032,,
652,12032,,
653,12032,,
654,12032,,
655,12032,,
656,12032,,
657,12032,,
658,12032,,
659,12032,,
660,12032,,
661,12032,,
662,12032,,
663,12032,,
664,12032,,
665,12032,,
666,12032,,
667,12032,,
668,12032,,
669,12032,,
670,12032,,
671,12032,,
672,12032,,
673,12032,,
674,12032,,
675,12032,,
676,12032,,
677,12032,,
678,12032,,
679,12032,,
680,12032,,
681,12032,,
682,12032,,
683,12032,,
684,12032,,
685,12032,,
686,12032,,
687,12032,,
688,12032,,
689,12032,,
690,12032,,
691,12032,,
692,12032,,
693,12032,,
694,12032,,
695,12032,,
696,12032,,
697,12032,,
698,12032,,
699,12032,,
700,12032,,
701,12032,,
702,12032,,
703,12032,,
704,12032,,
705,12032,,
706,12032,,
707,12032,,
708,12032,,
709,12032,,
710,12032,,
711,12032,,
712,12032,,
713,12032,,
714,12032,,
715,12032,,
716,12032,,
717,12032,,
718,12032,,
719,12032,,
720,12032,,
721,12032,,
722,12032,,
723,12032,,
724,12032,,
725,12032,,
726,12032,,
727,12032,,
728,12032,,
729,12032,,
730,12032,,
731,12032,,
732,12032,,
733,12032,,
734,12032,,
735,12032,,
736,12032,,
737,12032,,
738,12032,,
739,12032,,
740,12032,,
741,12032,,
742,12032,,
743,12032,,
744,12032,,
745,12032,,
746,12032,,
747,12032,,
748,12032,,
749,12032,,
750,12032,,
751,12032,,
752,12032,,
753,12032,,
754,12032,,
755,12032,,
756,12032,,
757,12032,,
758,12032,,
759,12032,,
760,12032,,
761,12032,,
762,12032,,
763,12032,,
764,12032,,
765,12032,,
766,12032,,
767,12032,,
768,12032,,
769,12032,,
770,12032,,
771,12032,,
772,12032,,
773,12032,,
774,12032,,
775,12032,,
776,12032,,
777,12032,,
778,12032,,
779,12032,,
780,12032,,
781,12032,,
782,12032,,
783,12032,,
784,12032,,
785,12032,,
786,12032,,
787,12032,,
788,12032,,
789,12032,,
790,12032,,
791,12032,,
792,12032,,
793,12032,,
794,12032,,
795,12032,,
796,12032,,
797,12032,,
798,12032,,
799,12032,,
800,12032,,
801,12032,,
802,12032,,
803,12032,,
804,12032,,
805,12032,,
806,12032,,
807,12032,,
808,12032,,
809,12032,,
810,12032,,
811,12032,,
812,12032,,
813,12032,,
814,12032,,
815,12032,,
816,12032,,
817,12032,,
818,12032,,
819,12032,,
820,12032,,
821,12032,,
822,12032,,
823,12032,,
824,12032,,
825,12032,,
826,12032,,
827,12032,,
828,12032,,
829,12032,,
830,12032,,
831,12032,,
832,12032,,
833,12032,,
834,12032,,
835,12032,,
836,12032,,
837,12032,,
838,12032,,
839,12032,,
840,12032,,
841,12032,,
842,12032,,
843,12032,,
844,12032,,
845,12032,,
846,12032,,
847,12032,,
848,12032,,
849,12032,,
850,12032,,
851,12032,,
852,12032,,
853,12032,,
854,12032,,
855,12032,,
856,12032,,
857,12032,,
858,12032,,
859,12032,,
860,12032,,
861,12032,,
862,12032,,
863,12032,,
864,12032,,
865,12032,,
866,12032,,
867,12032,,
868,12032,,
869,12032,,
870,12032,,
871,12032,,
872,12032,,
873,12032,,
874,12032,,
875,12032,,
876,12032,,
877,12032,,
878,12032,,
879,12032,,
880,12032,,
881,12032,,
882,12032,,
883,12032,,
884,12032,,
885,12032,,
886,12032,,
887,12032,,
888,12032,,
889,12032,,
890,12032,,
891,12032,,
892,12032,,
893,12032,,
894,12032,,
895,12032,,
896,12032,,
897,12032,,
898,12032,,
899,12032,,
900,12032,,
901,12032,,
902,12032,,
903,12032,,
904,12032,,
905,12032,,
906,12032,,
907,12032,,
908,12032,,
909,12032,,
910,12032,,
911,12032,,
912,12032,,
913,12032,,
914,12032,,
915,12032,,
916,12032,,
917,12032,,
918,12032,,
919,12032,,
920,12032,,
921,12032,,
922,12032,,
923,12032,,
924,12032,,
925,12032,,
926,12032,,
927,12032,,
928,12032,,
929,12032,,
930,12032,,
931,12032,,
932,12032,,
933,12032,,
934,12032,,
935,12032,,
936,12032,,
937,12032,,
938,12032,,
939,12032,,
940,12032,,
941,12032,,
942,12032,,
943,12032,,
944,12032,,
945,12032,,
946,12032,,
947,12032,,
948,12032,,
949,12032,,
950,12032,,
951,12032,,
952,12032,,
953,12032,,
954,12032,,
955,12032,,
956,12032,,
957,12032,,
958,12032,,
959,12032,,
960,12032,,
961,12032,,
962,12032,,
963,12032,,
964,12032,,
965,12032,,
966,12032,,
967,12032,,
968,12032,,
969,12032,,
970,12032,,
971,12032,,
972,12032,,
973,12032,,
974,12032,,
975,12032,,
976,12032,,
977,12032,,
978,12032,,
979,12032,,
980,12032,,
981,12032,,
982,12032,,
983,12032,,
984,12032,,
985,12032,,
986,12032,,
987,12032,,
988,12032,,
989,12032,,
990,12032,,
991,12032,,
992,12032,,
993,12032,,
994,12032,,
995,12032,,
996,12032,,
997,12032,,
998,12032,,
999,12032,,
1000,12032,,
1001,12032,,
1002,12032,,
1003,12032,,
1004,12032,,
1005,12032,,
1006,12032,,
1007,12032,,
1008,12032,,
1009,12032,,
1010,12032,,
1011,12032,,
1012,12032,,
1013,12032,,
1014,12032,,
1015,12032,,
1016,12032,,
1017,12032,,
1018,12032,,
1019,12032,,
1020,12032,,
1021,12032,,
1022,12032,,
1023,12032,,
1024,12032,,
1025,12032,,
1026,12032,,
1027,12032,,
1028,12032,,
1029,12032,,
1030,12032,,
1031,12032,,
1032,12032,,
1033,12032,,
1034,12032,,
1035,12032,,
1036,12032,,
1037,12032,,
1038,12032,,
1039,12032,,
1040,12032,,
1041,12032,,
1042,12032,,
1043,12032,,
1044,12032,,
1045,12032,,
1046,12032,,
1047,12032,,
1048,12032,,
1049,12032,,
1050,12032,,
1051,12032,,
1052,12032,,
1053,12032,,
1054,12032,,
1055,12032,,
1056,12032,,
1057,12032,,
1058,12032,,
1059,12032,,
1060,12032,,
1061,12032,,
1062,12032,,
1063,12032,,
1064,12032,,
1065,12032,,
1066,12032,,
1067,12032,,
1068,12032,,
1069,12032,,
1070,12032,,
1071,12032,,
1072,12032,,
1073,12032,,
1074,12032,,
1075,12032,,
1076,12032,,
1077,12032,,
1078,12032,,
1079,12032,,
1080,12032,,
1081,12032,,
1082,12032,,
1083,12032,,
1084,12032,,
1085,12032,,
1086,12032,,
1087,12032,,
1088,12032,,
1089,12032,,
1090,12032,,
1091,12032,,
1092,12032,,
1093,12032,,
1094,12032,,
1095,12032,,
1096,12032,,
1097,12032,,
1098,12032,,
1099,12032,,
1100,12032,,
1101,12032,,
1102,12032,,
1103,12032,,
1104,12032,,
1105,12032,,
1106,12032,,
1107,12032,,
1108,12032,,
1109,12032,,
1110,12032,,
1111,12032,,
1112,12032,,
1113,12032,,
1114,12032,,
1115,12032,,
1116,12032,,
1117,12032,,
1118,12032,,
1119,12032,,
1120,12032,,
1121,12032,,
1122,12032,,
1123,12032,,
1124,12032,,
1125,12032,,
1126,12032,,
1127,12032,,
1128,12032,,
1129,12032,,
1130,12032,,
1131,12032,,
1132,12032,,
1133,12032,,
1134,12032,,
1135,12032,,
1136,12032,,
1137,12032,,
1138,12032,,
1139,12032,,
1140,12032,,
1141,12032,,
1142,12032,,
1143,12032,,
1144,12032,,
1145,12032,,
1146,12032,,
1147,12032,,
1148,12032,,
1149,12032,,
1150,12032,,
1151,12032,,
1152,12032,,
1153,12032,,
1154,12032,,
1155,12032,,
1156,12032,,
1157,12032,,
1158,12032,,
1159,12032,,
1160,12032,,
1161,12032,,
1162,12032,,
1163,12032,,
1164,12032,,
1165,12032,,
1166,12032,,
1167,12032,,
1168,12032,,
1169,12032,,
1170,12032,,
1171,12032,,
1172,12032,,
1173,12032,,
1174,12032,,
1175,12032,,
1176,12032,,
1177,12032,,
1178,12032,,
1179,12032,,
1180,12032,,
1181,12032,,
1182,12032,,
1183,12032,,
1184,12032,,
1185,12032,,
1186,12032,,
1187,12032,,
1188,12032,,
1189,12032,,
1190,12032,,
1191,12032,,
1192,12032,,
1193,12032,,
1194,12032,,
1195,12032,,
1196,12032,,
1197,12032,,
1198,12032,,
1199,12032,,
1200,12032,,
1201,12032,,
1202,12032,,
1203,12032,,
1204,12032,,
1205,12032,,
1206,12032,,
1207,12032,,
1208,12032,,
1209,12032,,
1210,12032,,
1211,12032,,
1212,12032,,
1213,12032,,
1214,12032,,
1215,12032,,
1216,12032,,
1217,12032,,
1218,12032,,
1219,12032,,
1220,12032,,
1221,12032,,
1222,12032,,
1223,12032,,
1224,12032,,
1225,12032,,
1226,12032,,
1227,12032,,
1228,12032,,
1229,12032,,
1230,12032,,
1231,12032,,
1232,12032,,
1233,12032,,
1234,12032,,
1235,12032,,
1236,12032,,
1237,12032,,
1238,12032,,
1239,12032,,
1240,12032,,
1241,12032,,
1242,12032,,
1243,12032,,
1244,12032,,
1245,12032,,
1246,12032,,
1247,12032,,
1248,12032,,
1249,12032,,
1250,12032,,
1251,12032,,
1252,12032,,
1253,12032,,
1254,12032,,
1255,12032,,
1256,12032,,
1257,12032,,
1258,12032,,
1259,12032,,
1260,12032,,
1261,12032,,
1262,12032,,
1263,12032,,
1264,12032,,
1265,12032,,
1266,12032,,
1267,12032,,
1268,12032,,
1269,12032,,
1270,12032,,
1271,12032,,
1272,12032,,
1273,12032,,
1274,12032,,
1275,12032,,
1276,12032,,
1277,12032,,
1278,12032,,
1279,12032,,
1280,12032,,
1281,12032,,
1282,12032,,
1283,12032,,
1284,12032,,
1285,12032,,
1286,12032,,
1287,12032,,
1288,12032,,
1289,12032,,
1290,12032,,
1291,12032,,
1292,12032,,
1293,12032,,
1294,12032,,
1295,12032,,
1296,12032,,
1297,12032,,
1298,12032,,
1299,12032,,
1300,12032,,
1301,12032,,
1302,12032,,
1303,12032,,
1304,12032,,
1305,12032,,
1306,12032,,
1307,12032,,
1308,12032,,
1309,12032,,
1310,12032,,
1311,12032,,
1312,12032,,
1313,12032,,
1314,12032,,
1315,12032,,
1316,12032,,
1317,12032,,
1318,12032,,
1319,12032,,
1320,12032,,
1321,12032,,
1322,12032,,
1323,12032,,
1324,12032,,
1325,12032,,
1326,12032,,
1327,12032,,
1328,12032,,
1329,12032,,
1330,12032,,
1331,12032,,
1332,12032,,
1333,12032,,
1334,12032,,
1335,12032,,
1336,12032,,
1337,12032,,
1338,12032,,
1339,12032,,
1340,12032,,
1341,12032,,
1342,12032,,
1343,12032,,
1344,12032,,
1345,12032,,
1346,12032,,
1347,12032,,
1348,12032,,
1349,12032,,
1350,12032,,
1351,12032,,
1352,12032,,
1353,12032,,
1354,12032,,
1355,12032,,
1356,12032,,
1357,12032,,
1358,12032,,
1359,12032,,
1360,12032,,
1361,12032,,
1362,12032,,
1363,12032,,
1364,12032,,
1365,12032,,
1366,12032,,
1367,12032,,
1368,12032,,
1369,12032,,
1370,12032,,
1371,12032,,
1372,12032,,
1373,12032,,
1374,12032,,
1375,12032,,
1376,12032,,
1377,12032,,
1378,12032,,
1379,12032,,
1380,12032,,
1381,12032,,
1382,12032,,
1383,12032,,
1384,12032,,
1385,12032,,
1386,12032,,
1387,12032,,
1388,12032,,
1389,12032,,
1390,12032,,
1391,12032,,
1392,12032,,
1393,12032,,
1394,12032,,
1395,12032,,
1396,12032,,
1397,12032,,
1398,12032,,
1399,12032,,
1400,12032,,
1401,12032,,
1402,12032,,
1403,12032,,
1404,12032,,
1405,12032,,
1406,12032,,
1407,12032,,
1408,12032,,
1409,12032,,
1410,12032,,
1411,12032,,
1412,12032,,
1413,12032,,
1414,12032,,
1415,12032,,
1416,12032,,
1417,12032,,
1418,12032,,
1419,12032,,
1420,12032,,
1421,12032,,
1422,12032,,
1423,12032,,
1424,12032,,
1425,12032,,
1426,12032,,
1427,12032,,
1428,12032,,
1429,12032,,
1430,12032,,
1431,12032,,
1432,12032,,
1433,12032,,
1434,12032,,
1435,12032,,
1436,12032,,
1437,12032,,
1438,12032,,
1439,12032,,
1440,12032,,
1441,12032,,
1442,12032,,
1443,12032,,
1444,12032,,
1445,12032,,
1446,12032,,
1447,12032,,
1448,12032,,
1449,12032,,
1450,12032,,
1451,12032,,
1452,12032,,
1453,12032,,
1454,12032,,
1455,12032,,
1456,12032,,
1457,12032,,
1458,12032,,
1459,12032,,
1460,12032,,
1461,12032,,
1462,12032,,
1463,12032,,
1464,12032,,
1465,12032,,
1466,12032,,
1467,12032,,
1468,12032,,
1469,12032,,
1470,12032,,
1471,12032,,
1472,12032,,
1473,12032,,
1474,12032,,
1475,12032,,
1476,12032,,
1477,12032,,
1478,12032,,
1479,12032,,
1480,12032,,
1481,12032,,
1482,12032,,
1483,12032,,
1484,12032,,
1485,12032,,
1486,12032,,
1487,12032,,
1488,12032,,
1489,12032,,
1490,12032,,
1491,12032,,
1492,12032,,
1493,12032,,
1494,12032,,
1495,12032,,
1496,12032,,
1497,12032,,
1498,12032,,
1499,12032,,
1500,12032,,
1501,12032,,
1502,12032,,
1503,12032,,
1504,12032,,
1505,12032,,
1506,12032,,
1507,12032,,
1508,12032,,
1509,12032,,
1510,12032,,
1511,12032,,
1512,12032,,
1513,12032,,
1514,12032,,
1515,12032,,
1516,12032,,
1517,12032,,
1518,12032,,
1519,12032,,
1520,12032,,
1521,12032,,
1522,12032,,
1523,12032,,
1524,12032,,
1525,12032,,
1526,12032,,
1527,12032,,
1528,12032,,
1529,12032,,
1530,12032,,
1531,12032,,
1532,12032,,
1533,12032,,
1534,12032,,
1535,12032,,
1536,12032,,
1537,12032,,
1538,12032,,
1539,12032,,
1540,12032,,
1541,12032,,
1542,12032,,
1543,12032,,
1544,12032,,
1545,12032,,
1546,12032,,
1547,12032,,
1548,12032,,
1549,12032,,
1550,12032,,
1551,12032,,
1552,12032,,
1553,12032,,
1554,12032,,
1555,12032,,
1556,12032,,
1557,12032,,
1558,12032,,
1559,12032,,
1560,12032,,
1561,12032,,
1562,12032,,
1563,12032,,
1564,12032,,
1565,12032,,
1566,12032,,
1567,12032,,
1568,12032,,
1569,12032,,
1570,12032,,
1571,12032,,
1572,12032,,
1573,12032,,
1574,12032,,
1575,12032,,
1576,12032,,
1577,12032,,
1578,12032,,
1579,12032,,
1580,12032,,
1581,12032,,
1582,12032,,
1583,12032,,
1584,12032,,
1585,12032,,
1586,12032,,
1587,12032,,
1588,12032,,
1589,12032,,
1590,12032,,
1591,12032,,
1592,12032,,
1593,12032,,
1594,12032,,
1595,12032,,
1596,12032,,
1597,12032,,
1598,12032,,
1599,12032,,
1600,12032,,
1601,12032,,
1602,12032,,
1603,12032,,
1604,12032,,
1605,12032,,
1606,12032,,
1607,12032,,
1608,12032,,
1609,12032,,
1610,12032,,
1611,12032,,
1612,12032,,
1613,12032,,
1614,12032,,
1615,12032,,
1616,12032,,
1617,12032,,
1618,12032,,
1619,12032,,
1620,12032,,
1621,12032,,
1622,12032,,
1623,12032,,
1624,12032,,
1625,12032,,
1626,12032,,
1627,12032,,
1628,12032,,
1629,12032,,
1630,12032,,
1631,12032,,
1632,12032,,
1633,12032,,
1634,12032,,
1635,12032,,
1636,12032,,
1637,12032,,
1638,12032,,
1639,12032,,
1640,12032,,
1641,12032,,
1642,12032,,
1643,12032,,
1644,12032,,
1645,12032,,
1646,12032,,
1647,12032,,
1648,12032,,
1649,12032,,
1650,12032,,
1651,12032,,
1652,12032,,
1653,12032,,
1654,12032,,
1655,12032,,
1656,12032,,
1657,12032,,
1658,12032,,
1659,12032,,
1660,12032,,
1661,12032,,
1662,12032,,
1663,12032,,
1664,12032,,
1665,12032,,
1666,12032,,
1667,12032,,
1668,12032,,
1669,12032,,
1670,12032,,
1671,12032,,
1672,12032,,
1673,12032,,
1674,12032,,
1675,12032,,
1676,12032,,
1677,12032,,
1678,12032,,
1679,12032,,
1680,12032,,
1681,12032,,
1682,12032,,
1683,12032,,
1684,12032,,
1685,12032,,
1686,12032,,
1687,12032,,
1688,12032,,
1689,12032,,
1690,12032,,
1691,12032,,
1692,12032,,
1693,12032,,
1694,12032,,
1695,12032,,
1696,12032,,
1697,12032,,
1698,12032,,
1699,12032,,
1700,12032,,
1701,12032,,
1702,12032,,
1703,12032,,
1704,12032,,
1705,12032,,
1706,12032,,
1707,12032,,
1708,12032,,
1709,12032,,
1710,12032,,
1711,12032,,
1712,12032,,
1713,12032,,
1714,12032,,
1715,12032,,
1716,12032,,
1717,12032,,
1718,12032,,
1719,12032,,
1720,12032,,
1721,12032,,
1722,12032,,
1723,12032,,
1724,12032,,
1725,12032,,
1726,12032,,
1727,12032,,
1728,12032,,
1729,12032,,
1730,12032,,
1731,12032,,
1732,12032,,
1733,12032,,
1734,12032,,
1735,12032,,
1736,12032,,
1737,12032,,
1738,12032,,
1739,12032,,
1740,12032,,
1741,12032,,
1742,12032,,
1743,12032,,
1744,12032,,
1745,12032,,
1746,12032,,
1747,12032,,
1748,12032,,
1749,12032,,
1750,12032,,
1751,12032,,
1752,12032,,
1753,12032,,
1754,12032,,
1755,12032,,
1756,12032,,
1757,12032,,
1758,12032,,
1759,12032,,
1760,12032,,
1761,12032,,
1762,12032,,
1763,12032,,
1764,12032,,
1765,12032,,
1766,12032,,
1767,12032,,
1768,12032,,
1769,12032,,
1770,12032,,
1771,12032,,
1772,12032,,
1773,12032,,
1774,12032,,
1775,12032,,
1776,12032,,
1777,12032,,
1778,12032,,
1779,12032,,
1780,12032,,
1781,12032,,
1782,12032,,
1783,12032,,
1784,12032,,
1785,12032,,
1786,12032,,
1787,12032,,
1788,12032,,
1789,12032,,
1790,12032,,
1791,12032,,
1792,12032,,
1793,12032,,
1794,12032,,
1795,12032,,
1796,12032,,
1797,12032,,
1798,12032,,
1799,12032,,
1800,12032,,
1801,12032,,
1802,12032,,
1803,12032,,
1804,12032,,
1805,12032,,
1806,12032,,
1807,12032,,
1808,12032,,
1809,12032,,
1810,12032,,
1811,12032,,
1812,12032,,
1813,12032,,
1814,12032,,
1815,12032,,
1816,12032,,
1817,12032,,
1818,12032,,
1819,12032,,
1820,12032,,
1821,12032,,
1822,12032,,
1823,12032,,
1824,12032,,
1825,12032,,
1826,12032,,
1827,12032,,
1828,12032,,
1829,12032,,
1830,12032,,
1831,12032,,
1832,12032,,
1833,12032,,
1834,12032,,
1835,12032,,
1836,12032,,
1837,12032,,
1838,12032,,
1839,12032,,
1840,12032,,
1841,12032,,
1842,12032,,
1843,12032,,
1844,12032,,
1845,12032,,
1846,12032,,
1847,12032,,
1848,12032,,
1849,12032,,
1850,12032,,
1851,12032,,
1852,12032,,
1853,12032,,
1854,12032,,
1855,12032,,
1856,12032,,
1857,12032,,
1858,12032,,
1859,12032,,
1860,12032,,
1861,12032,,
1862,12032,,
1863,12032,,
1864,12032,,
1865,12032,,
1866,12032,,
1867,12032,,
1868,12032,,
1869,12032,,
1870,12032,,
1871,12032,,
1872,12032,,
1873,12032,,
1874,12032,,
1875,12032,,
1876,12032,,
1877,12032,,
1878,12032,,
1879,12032,,
1880,12032,,
1881,12032,,
1882,12032,,
1883,12032,,
1884,12032,,
1885,12032,,
1886,12032,,
1887,12032,,
1888,12032,,
1889,12032,,
1890,12032,,
1891,12032,,
1892,12032,,
1893,12032,,
1894,12032,,
1895,12032,,
1896,12032,,
1897,12032,,
1898,12032,,
1899,12032,,
1900,12032,,
1901,12032,,
1902,12032,,
1903,12032,,
1904,12032,,
1905,12032,,
1906,12032,,
1907,12032,,
1908,12032,,
1909,12032,,
1910,12032,,
1911,12032,,
1912,12032,,
1913,12032,,
1914,12032,,
1915,12032,,
1916,12032,,
1917,12032,,
1918,12032,,
1919,12032,,
1920,12032,,
1921,12032,,
1922,12032,,
1923,12032,,
1924,12032,,
1925,12032,,
1926,12032,,
1927,12032,,
1928,12032,,
1929,12032,,
1930,12032,,
1931,12032,,
1932,12032,,
1933,12032,,
1934,12032,,
1935,12032,,
1936,12032,,
1937,12032,,
1938,12032,,
1939,12032,,
1940,12032,,
1941,12032,,
1942,12032,,
1943,12032,,
1944,12032,,
1945,12032,,
1946,12032,,
1947,12032,,
1948,12032,,
1949,12032,,
1950,12032,,
1951,12032,,
1952,12032,,
1953,12032,,
1954,12032,,
1955,12032,,
1956,12032,,
1957,12032,,
1958,12032,,
1959,12032,,
1960,12032,,
1961,12032,,
1962,12032,,
1963,12032,,
1964,12032,,
1965,12032,,
1966,12032,,
1967,12032,,
1968,12032,,
1969,12032,,
1970,12032,,
1971,12032,,
1972,12032,,
1973,12032,,
1974,12032,,
1975,12032,,
1976,12032,,
1977,12032,,
1978,12032,,
1979,12032,,
1980,12032,,
1981,12032,,
1982,12032,,
1983,12032,,
1984,12032,,
1985,12032,,
1986,12032,,
1987,12032,,
1988,12032,,
1989,12032,,
1990,12032,,
1991,12032,,
1992,12032,,
1993,12032,,
1994,12032,,
1995,12032,,
1996,12032,,
1997,12032,,
1998,12032,,
1999,12032,,
2000,12032,,
2001,12032,,
2002,12032,,
2003,12032,,
2004,12032,,
2005,12032,,
2006,12032,,
2007,12032,,
2008,12032,,
2009,12032,,
2010,12032,,
2011,12032,,
2012,12032,,
2013,12032,,
2014,12032,,
2015,12032,,
2016,12032,,
2017,12032,,
2018,12032,,
2019,12032,,
2020,12032,,
2021,12032,,
2022,12032,,
2023,12032,,
2024,12032,,
2025,12032,,
2026,12032,,
2027,12032,,
2028,12032,,
2029,12032,,
2030,12032,,
2031,12032,,
2032,12032,,
2033,12032,,
2034,12032,,
2035,12032,,
2036,12032,,
2037,12032,,
2038,12032,,
2039,12032,,
2040,12032,,
2041,12032,,
2042,12032,,
2043,12032,,
2044,12032,,
2045,12032,,
2046,12032,,
2047,12032,,
2048,12032,,
2049,12032,,
2050,12032,,
2051,12032,,
2052,12032,,
2053,12032,,
2054,12032,,
2055,12032,,
2056,12032,,
2057,12032,,
2058,12032,,
2059,12032,,
2060,12032,,
2061,12032,,
2062,12032,,
2063,12032,,
2064,12032,,
2065,12032,,
2066,12032,,
2067,12032,,
2068,12032,,
2069,12032,,
2070,12032,,
2071,12032,,
2072,12032,,
2073,12032,,
2074,12032,,
2075,12032,,
2076,12032,,
2077,12032,,
2078,12032,,
2079,12032,,
2080,12032,,
2081,12032,,
2082,12032,,
2083,12032,,
2084,12032,,
2085,12032,,
2086,12032,,
2087,12032,,
2088,12032,,
2089,12032,,
2090,12032,,
2091,12032,,
2092,12032,,
2093,12032,,
2094,12032,,
2095,12032,,
2096,12032,,
2097,12032,,
2098,12032,,
2099,12032,,
2100,12032,,
2101,12032,,
2102,12032,,
2103,12032,,
2104,12032,,
2105,12032,,
2106,12032,,
2107,12032,,
2108,12032,,
2109,12032,,
2110,12032,,
2111,12032,,
2112,12032,,
2113,12032,,
2114,12032,,
2115,12032,,
2116,12032,,
2117,12032,,
2118,12032,,
2119,12032,,
2120,12032,,
2121,12032,,
2122,12032,,
2123,12032,,
2124,12032,,
2125,12032,,
2126,12032,,
2127,12032,,
2128,12032,,
2129,12032,,
2130,12032,,
2131,12032,,
2132,12032,,
2133,12032,,
2134,12032,,
2135,12032,,
2136,12032,,
2137,12032,,
2138,12032,,
2139,12032,,
2140,12032,,
2141,12032,,
2142,12032,,
2143,12032,,
2144,12032,,
2145,12032,,
2146,12032,,
2147,12032,,
2148,12032,,
2149,12032,,
2150,12032,,
2151,12032,,
2152,12032,,
2153,12032,,
2154,12032,,
2155,12032,,
2156,12032,,
2157,12032,,
2158,12032,,
2159,12032,,
2160,12032,,
2161,12032,,
2162,12032,,
2163,12032,,
2164,12032,,
2165,12032,,
2166,12032,,
2167,12032,,
2168,12032,,
2169,12032,,
2170,12032,,
2171,12032,,
2172,12032,,
2173,12032,,
2174,12032,,
2175,12032,,
2176,12032,,
2177,12032,,
2178,12032,,
2179,12032,,
2180,12032,,
2181,12032,,
2182,12032,,
2183,12032,,
2184,12032,,
2185,12032,,
2186,12032,,
2187,12032,,
2188,12032,,
2189,12032,,
2190,12032,,
2191,12032,,
2192,12032,,
2193,12032,,
2194,12032,,
2195,12032,,
2196,12032,,
2197,12032,,
2198,12032,,
2199,12032,,
2200,12032,,
2201,12032,,
2202,12032,,
2203,12032,,
2204,12032,,
2205,12032,,
2206,12032,,
2207,12032,,
2208,12032,,
2209,12032,,
2210,12032,,
2211,12032,,
2212,12032,,
2213,12032,,
2214,12032,,
2215,12032,,
2216,12032,,
2217,12032,,
2218,12032,,
2219,12032,,
2220,12032,,
2221,12032,,
2222,12032,,
2223,12032,,
2224,12032,,
2225,12032,,
2226,12032,,
2227,12032,,
2228,12032,,
2229,12032,,
2230,12032,,
2231,12032,,
2232,12032,,
2233,12032,,
2234,12032,,
2235,12032,,
2236,12032,,
2237,12032,,
2238,12032,,
2239,12032,,
2240,12032,,
2241,12032,,
2242,12032,,
2243,12032,,
2244,12032,,
2245,12032,,
2246,12032,,
2247,12032,,
2248,12032,,
2249,12032,,
2250,12032,,
2251,12032,,
2252,12032,,
2253,12032,,
2254,12032,,
2255,12032,,
2256,12032,,
2257,12032,,
2258,12032,,
2259,12032,,
2260,12032,,
2261,12032,,
2262,12032,,
2263,12032,,
2264,12032,,
2265,12032,,
2266,12032,,
2267,12032,,
2268,12032,,
2269,12032,,
2270,12032,,
2271,12032,,
2272,12032,,
2273,12032,,
2274,12032,,
2275,12032,,
2276,12032,,
2277,12032,,
2278,12032,,
2279,12032,,
2280,12032,,
2281,12032,,
2282,12032,,
2283,12032,,
2284,12032,,
2285,12032,,
2286,12032,,
2287,12032,,
2288,12032,,
2289,12032,,
2290,12032,,
2291,12032,,
2292,12032,,
2293,12032,,
2294,12032,,
2295,12032,,
2296,12032,,
2297,12032,,
2298,12032,,
2299,12032,,
2300,12032,,
2301,12032,,
2302,12032,,
2303,12032,,
2304,12032,,
2305,12032,,
2306,12032,,
2307,12032,,
2308,12032,,
2309,12032,,
2310,12032,,
2311,12032,,
2312,12032,,
2313,12032,,
2314,12032,,
2315,12032,,
2316,12032,,
2317,12032,,
2318,12032,,
2319,12032,,
2320,12032,,
2321,12032,,
2322,12032,,
2323,12032,,
2324,12032,,
2325,12032,,
2326,12032,,
2327,12032,,
2328,12032,,
2329,12032,,
2330,12032,,
2331,12032,,
2332,12032,,
2333,12032,,
2334,12032,,
2335,12032,,
2336,12032,,
2337,12032,,
2338,12032,,
2339,12032,,
2340,12032,,
2341,12032,,
2342,12032,,
2343,12032,,
2344,12032,,
2345,12032,,
2346,12032,,
2347,12032,,
2348,12032,,
2349,12032,,
2350,12032,,
2351,12032,,
2352,12032,,
2353,12032,,
2354,12032,,
2355,12032,,
2356,12032,,
2357,12032,,
2358,12032,,
2359,12032,,
2360,12032,,
2361,12032,,
2362,12032,,
2363,12032,,
2364,12032,,
2365,12032,,
2366,12032,,
2367,12032,,
2368,12032,,
2369,12032,,
2370,12032,,
2371,12032,,
2372,12032,,
2373,12032,,
2374,12032,,
2375,12032,,
2376,12032,,
2377,12032,,
2378,12032,,
2379,12032,,
2380,12032,,
2381,12032,,
2382,12032,,
2383,12032,,
2384,12032,,
2385,12032,,
2386,12032,,
2387,12032,,
2388,12032,,
2389,12032,,
2390,12032,,
2391,12032,,
2392,12032,,
2393,12032,,
2394,12032,,
2395,12032,,
2396,12032,,
2397,12032,,
2398,12032,,
2399,12032,,
2400,12032,,
2401,12032,,
2402,12032,,
2403,12032,,
2404,12032,,
2405,12032,,
2406,12032,,
2407,12032,,
2408,12032,,
2409,12032,,
2410,12032,,
2411,12032,,
2412,12032,,
2413,12032,,
2414,12032,,
2415,12032,,
2416,12032,,
2417,12032,,
2418,12032,,
2419,12032,,
2420,12032,,
2421,12032,,
2422,12032,,
2423,12032,,
2424,12032,,
2425,12032,,
2426,12032,,
2427,12032,,
2428,12032,,
2429,12032,,
2430,12032,,
2431,12032,,
2432,12032,,
2433,12032,,
2434,12032,,
2435,12032,,
2436,12032,,
2437,12032,,
2438,12032,,
2439,12032,,
2440,12032,,
2441,12032,,
2442,12032,,
2443,12032,,
2444,12032,,
2445,12032,,
2446,12032,,
2447,12032,,
2448,12032,,
2449,12032,,
2450,12032,,
2451,12032,,
2452,12032,,
2453,12032,,
2454,12032,,
2455,12032,,
2456,12032,,
2457,12032,,
2458,12032,,
2459,12032,,
2460,12032,,
2461,12032,,
2462,12032,,
2463,12032,,
2464,12032,,
2465,12032,,
2466,12032,,
2467,12032,,
2468,12032,,
2469,12032,,
2470,12032,,
2471,12032,,
2472,12032,,
2473,12032,,
2474,12032,,
2475,12032,,
2476,12032,,
2477,12032,,
2478,12032,,
2479,12032,,
2480,12032,,
2481,12032,,
2482,12032,,
2483,12032,,
2484,12032,,
2485,12032,,
2486,12032,,
2487,12032,,
2488,12032,,
2489,12032,,
2490,12032,,
2491,12032,,
2492,12032,,
2493,12032,,
2494,12032,,
2495,12032,,
2496,12032,,
2497,12032,,
2498,12032,,
2499,12032,,
2500,12032,,
2501,12032,,
2502,12032,,
2503,12032,,
2504,12032,,
2505,12032,,
2506,12032,,
2507,12032,,
2508,12032,,
2509,12032,,
2510,12032,,
2511,12032,,
2512,12032,,
2513,12032,,
2514,12032,,
2515,12032,,
2516,12032,,
2517,12032,,
2518,12032,,
2519,12032,,
2520,12032,,
2521,12032,,
2522,12032,,
2523,12032,,
2524,12032,,
2525,12032,,
2526,12032,,
2527,12032,,
2528,12032,,
2529,12032,,
2530,12032,,
2531,12032,,
2532,12032,,
2533,12032,,
2534,12032,,
2535,12032,,
2536,12032,,
2537,12032,,
2538,12032,,
2539,12032,,
2540,12032,,
2541,12032,,
2542,12032,,
2543,12032,,
2544,12032,,
2545,12032,,
2546,12032,,
2547,12032,,
2548,12032,,
2549,12032,,
2550,12032,,
2551,12032,,
2552,12032,,
2553,12032,,
2554,12032,,
2555,12032,,
2556,12032,,
2557,12032,,
2558,12032,,
2559,12032,,
2560,12032,,
2561,12032,,
2562,12032,,
2563,12032,,
2564,12032,,
2565,12032,,
2566,12032,,
2567,12032,,
2568,12032,,
2569,12032,,
2570,12032,,
2571,12032,,
2572,12032,,
2573,12032,,
2574,12032,,
2575,12032,,
2576,12032,,
2577,12032,,
2578,12032,,
2579,12032,,
2580,12032,,
2581,12032,,
2582,12032,,
2583,12032,,
2584,12032,,
2585,12032,,
2586,12032,,
2587,12032,,
2588,12032,,
2589,12032,,
2590,12032,,
2591,12032,,
2592,12032,,
2593,12032,,
2594,12032,,
2595,12032,,
2596,12032,,
2597,12032,,
2598,12032,,
2599,12032,,
2600,12032,,
2601,12032,,
2602,12032,,
2603,12032,,
2604,12032,,
2605,12032,,
2606,12032,,
2607,12032,,
2608,12032,,
2609,12032,,
2610,12032,,
2611,12032,,
2612,12032,,
2613,12032,,
2614,12032,,
2615,12032,,
2616,12032,,
2617,12032,,
2618,12032,,
2619,12032,,
2620,12032,,
2621,12032,,
2622,12032,,
2623,12032,,
2624,12032,,
2625,12032,,
2626,12032,,
2627,12032,,
2628,12032,,
2629,12032,,
2630,12032,,
2631,12032,,
2632,12032,,
2633,12032,,
2634,12032,,
2635,12032,,
2636,12032,,
2637,12032,,
2638,12032,,
2639,12032,,
2640,12032,,
2641,12032,,
2642,12032,,
2643,12032,,
2644,12032,,
2645,12032,,
2646,12032,,
2647,12032,,
2648,12032,,
2649,12032,,
2650,12032,,
2651,12032,,
2652,12032,,
2653,12032,,
2654,12032,,
2655,12032,,
2656,12032,,
2657,12032,,
2658,12032,,
2659,12032,,
2660,12032,,
2661,12032,,
2662,12032,,
2663,12032,,
2664,12032,,
2665,12032,,
2666,12032,,
2667,12032,,
2668,12032,,
2669,12032,,
2670,12032,,
2671,12032,,
2672,12032,,
2673,12032,,
2674,12032,,
2675,12032,,
2676,12032,,
2677,12032,,
2678,12032,,
2679,12032,,
2680,12032,,
2681,12032,,
2682,12032,,
2683,12032,,
2684,12032,,
2685,12032,,
2686,12032,,
2687,12032,,
2688,12032,,
2689,12032,,
2690,12032,,
2691,12032,,
2692,12032,,
2693,12032,,
2694,12032,,
2695,12032,,
2696,12032,,
2697,12032,,
2698,12032,,
2699,12032,,
2700,12032,,
2701,12032,,
2702,12032,,
2703,12032,,
2704,12032,,
2705,12032,,
2706,12032,,
2707,12032,,
2708,12032,,
2709,12032,,
2710,12032,,
2711,12032,,
2712,12032,,
2713,12032,,
2714,12032,,
2715,12032,,
2716,12032,,
2717,12032,,
2718,12032,,
2719,12032,,
2720,12032,,
2721,12032,,
2722,12032,,
2723,12032,,
2724,12032,,
2725,12032,,
2726,12032,,
2727,12032,,
2728,12032,,
2729,12032,,
2730,12032,,
2731,12032,,
2732,12032,,
2733,12032,,
2734,12032,,
2735,12032,,
2736,12032,,
2737,12032,,
2738,12032,,
2739,12032,,
2740,12032,,
2741,12032,,
2742,12032,,
2743,12032,,
2744,12032,,
2745,12032,,
2746,12032,,
2747,12032,,
2748,12032,,
2749,12032,,
2750,12032,,
2751,12032,,
2752,12032,,
2753,12032,,
2754,12032,,
2755,12032,,
2756,12032,,
2757,12032,,
2758,12032,,
2759,12032,,
2760,12032,,
2761,12032,,
2762,12032,,
2763,12032,,
2764,12032,,
2765,12032,,
2766,12032,,
2767,12032,,
2768,12032,,
2769,12032,,
2770,12032,,
2771,12032,,
2772,12032,,
2773,12032,,
2774,12032,,
2775,12032,,
2776,12032,,
2777,12032,,
2778,12032,,
2779,12032,,
2780,12032,,
2781,12032,,
2782,12032,,
2783,12032,,
2784,12032,,
2785,12032,,
2786,12032,,
2787,12032,,
2788,12032,,
2789,12032,,
2790,12032,,
2791,12032,,
2792,12032,,
2793,12032,,
2794,12032,,
2795,12032,,
2796,12032,,
2797,12032,,
2798,12032,,
2799,12032,,
2800,12032,,
2801,12032,,
2802,12032,,
2803,12032,,
2804,12032,,
2805,12032,,
2806,12032,,
2807,12032,,
2808,12032,,
2809,12032,,
2810,12032,,
2811,12032,,
2812,12032,,
2813,12032,,
2814,12032,,
2815,12032,,
2816,12032,,
2817,12032,,
2818,12032,,
2819,12032,,
2820,12032,,
2821,12032,,
2822,12032,,
2823,12032,,
2824,12032,,
2825,12032,,
2826,12032,,
2827,12032,,
2828,12032,,
2829,12032,,
2830,12032,,
2831,12032,,
2832,12032,,
2833,12032,,
2834,12032,,
2835,12032,,
2836,12032,,
2837,12032,,
2838,12032,,
2839,12032,,
2840,12032,,
2841,12032,,
2842,12032,,
2843,12032,,
2844,12032,,
2845,12032,,
2846,12032,,
2847,12032,,
2848,12032,,
2849,12032,,
2850,12032,,
2851,12032,,
2852,12032,,
2853,12032,,
2854,12032,,
2855,12032,,
2856,12032,,
2857,12032,,
2858,12032,,
2859,12032,,
2860,12032,,
2861,12032,,
2862,12032,,
2863,12032,,
2864,12032,,
2865,12032,,
2866,12032,,
2867,12032,,
2868,12032,,
2869,12032,,
2870,12032,,
2871,12032,,
2872,12032,,
2873,12032,,
2874,12032,,
2875,12032,,
2876,12032,,
2877,12032,,
2878,12032,,
2879,12032,,
2880,12032,,
2881,12032,,
2882,12032,,
2883,12032,,
2884,12032,,
2885,12032,,
2886,12032,,
2887,12032,,
2888,12032,,
2889,12032,,
2890,12032,,
2891,12032,,
2892,12032,,
2893,12032,,
2894,12032,,
2895,12032,,
2896,12032,,
2897,12032,,
2898,12032,,
2899,12032,,
2900,12032,,
2901,12032,,
2902,12032,,
2903,12032,,
2904,12032,,
2905,12032,,
2906,12032,,
2907,12032,,
2908,12032,,
2909,12032,,
2910,12032,,
2911,12032,,
2912,12032,,
2913,12032,,
2914,12032,,
2915,12032,,
2916,12032,,
2917,12032,,
2918,12032,,
2919,12032,,
2920,12032,,
2921,12032,,
2922,12032,,
2923,12032,,
2924,12032,,
2925,12032,,
2926,12032,,
2927,12032,,
2928,12032,,
2929,12032,,
2930,12032,,
2931,12032,,
2932,12032,,
2933,12032,,
2934,12032,,
2935,12032,,
2936,12032,,
2937,12032,,
2938,12032,,
2939,12032,,
2940,12032,,
2941,12032,,
2942,12032,,
2943,12032,,
2944,12032,,
2945,12032,,
2946,12032,,
2947,12032,,
2948,12032,,
2949,12032,,
2950,12032,,
2951,12032,,
2952,12032,,
2953,12032,,
2954,12032,,
2955,12032,,
2956,12032,,
2957,12032,,
2958,12032,,
2959,12032,,
2960,12032,,
2961,12032,,
2962,12032,,
2963,12032,,
2964,12032,,
2965,12032,,
2966,12032,,
2967,12032,,
2968,12032,,
2969,12032,,
2970,12032,,
2971,12032,,
2972,12032,,
2973,12032,,
2974,12032,,
2975,12032,,
2976,12032,,
2977,12032,,
2978,12032,,
2979,12032,,
2980,12032,,
2981,12032,,
2982,12032,,
2983,12032,,
2984,12032,,
2985,12032,,
2986,12032,,
2987,12032,,
2988,12032,,
2989,12032,,
2990,12032,,
2991,12032,,
2992,12032,,
2993,12032,,
2994,12032,,
2995,12032,,
2996,12032,,
2997,12032,,
2998,12032,,
2999,12032,,
3000,12032,,
3001,12032,,
3002,12032,,
3003,12032,,
3004,12032,,
3005,12032,,
3006,12032,,
3007,12032,,
3008,12032,,
3009,12032,,
3010,12032,,
3011,12032,,
3012,12032,,
3013,12032,,
3014,12032,,
3015,12032,,
3016,12032,,
3017,12032,,
3018,12032,,
3019,12032,,
3020,12032,,
3021,12032,,
3022,12032,,
3023,12032,,
3024,12032,,
3025,12032,,
3026,12032,,
3027,12032,,
3028,12032,,
3029,12032,,
3030,12032,,
3031,12032,,
3032,12032,,
3033,12032,,
3034,12032,,
3035,12032,,
3036,12032,,
3037,12032,,
3038,12032,,
3039,12032,,
3040,12032,,
3041,12032,,
3042,12032,,
3043,12032,,
3044,12032,,
3045,12032,,
3046,12032,,
3047,12032,,
3048,12032,,
3049,12032,,
3050,12032,,
3051,12032,,
3052,12032,,
3053,12032,,
3054,12032,,
3055,12032,,
3056,12032,,
3057,12032,,
3058,12032,,
3059,12032,,
3060,12032,,
3061,12032,,
3062,12032,,
3063,12032,,
3064,12032,,
3065,12032,,
3066,12032,,
3067,12032,,
3068,12032,,
3069,12032,,
3070,12032,,
3071,12032,,
3072,12032,,
3073,12032,,
3074,12032,,
3075,12032,,
3076,12032,,
3077,12032,,
3078,12032,,
3079,12032,,
3080,12032,,
3081,12032,,
3082,12032,,
3083,12032,,
3084,12032,,
3085,12032,,
3086,12032,,
3087,12032,,
3088,12032,,
3089,12032,,
3090,12032,,
3091,12032,,
3092,12032,,
3093,12032,,
3094,12032,,
3095,12032,,
3096,12032,,
3097,12032,,
3098,12032,,
3099,12032,,
3100,12032,,
3101,12032,,
3102,12032,,
3103,12032,,
3104,12032,,
3105,12032,,
3106,12032,,
3107,12032,,
3108,12032,,
3109,12032,,
3110,12032,,
3111,12032,,
3112,12032,,
3113,12032,,
3114,12032,,
3115,12032,,
3116,12032,,
3117,12032,,
3118,12032,,
3119,12032,,
3120,12032,,
3121,12032,,
3122,12032,,
3123,12032,,
3124,12032,,
3125,12032,,
3126,12032,,
3127,12032,,
3128,12032,,
3129,12032,,
3130,12032,,
3131,12032,,
3132,12032,,
3133,12032,,
3134,12032,,
3135,12032,,
3136,12032,,
3137,12032,,
3138,12032,,
3139,12032,,
3140,12032,,
3141,12032,,
3142,12032,,
3143,12032,,
3144,12032,,
3145,12032,,
3146,12032,,
3147,12032,,
3148,12032,,
3149,12032,,
3150,12032,,
3151,12032,,
3152,12032,,
3153,12032,,
3154,12032,,
3155,12032,,
3156,12032,,
3157,12032,,
3158,12032,,
3159,12032,,
3160,12032,,
3161,12032,,
3162,12032,,
3163,12032,,
3164,12032,,
3165,12032,,
3166,12032,,
3167,12032,,
3168,12032,,
3169,12032,,
3170,12032,,
3171,12032,,
3172,12032,,
3173,12032,,
3174,12032,,
3175,12032,,
3176,12032,,
3177,12032,,
3178,12032,,
3179,12032,,
3180,12032,,
3181,12032,,
3182,12032,,
3183,12032,,
3184,12032,,
3185,12032,,
3186,12032,,
3187,12032,,
3188,12032,,
3189,12032,,
3190,12032,,
3191,12032,,
3192,12032,,
3193,12032,,
3194,12032,,
3195,12032,,
3196,12032,,
3197,12032,,
3198,12032,,
3199,12032,,
3200,12032,,
3201,12032,,
3202,12032,,
3203,12032,,
3204,12032,,
3205,12032,,
3206,12032,,
3207,12032,,
3208,12032,,
3209,12032,,
3210,12032,,
3211,12032,,
3212,12032,,
3213,12032,,
3214,12032,,
3215,12032,,
3216,12032,,
3217,12032,,
3218,12032,,
3219,12032,,
3220,12032,,
3221,12032,,
3222,12032,,
3223,12032,,
3224,12032,,
3225,12032,,
3226,12032,,
3227,12032,,
3228,12032,,
3229,12032,,
3230,12032,,
3231,12032,,
3232,12032,,
3233,12032,,
3234,12032,,
3235,12032,,
3236,12032,,
3237,12032,,
3238,12032,,
3239,12032,,
3240,12032,,
3241,12032,,
3242,12032,,
3243,12032,,
3244,12032,,
3245,12032,,
3246,12032,,
3247,12032,,
3248,12032,,
3249,12032,,
3250,12032,,
3251,12032,,
3252,12032,,
3253,12032,,
3254,12032,,
3255,12032,,
3256,12032,,
3257,12032,,
3258,12032,,
3259,12032,,
3260,12032,,
3261,12032,,
3262,12032,,
3263,12032,,
3264,12032,,
3265,12032,,
3266,12032,,
3267,12032,,
3268,12032,,
3269,12032,,
3270,12032,,
3271,12032,,
3272,12032,,
3273,12032,,
3274,12032,,
3275,12032,,
3276,12032,,
3277,12032,,
3278,12032,,
3279,12032,,
3280,12032,,
3281,12032,,
3282,12032,,
3283,12032,,
3284,12032,,
3285,12032,,
3286,12032,,
3287,12032,,
3288,12032,,
3289,12032,,
3290,12032,,
3291,12032,,
3292,12032,,
3293,12032,,
3294,12032,,
3295,12032,,
3296,12032,,
3297,12032,,
3298,12032,,
3299,12032,,
3300,12032,,
3301,12032,,
3302,12032,,
3303,12032,,
3304,12032,,
3305,12032,,
3306,12032,,
3307,12032,,
3308,12032,,
3309,12032,,
3310,12032,,
3311,12032,,
3312,12032,,
3313,12032,,
3314,12032,,
3315,12032,,
3316,12032,,
3317,12032,,
3318,12032,,
3319,12032,,
3320,12032,,
3321,12032,,
3322,12032,,
3323,12032,,
3324,12032,,
3325,12032,,
3326,12032,,
3327,12032,,
3328,12032,,
3329,12032,,
3330,12032,,
3331,12032,,
3332,12032,,
3333,12032,,
3334,12032,,
3335,12032,,
3336,12032,,
3337,12032,,
3338,12032,,
3339,12032,,
3340,12032,,
3341,12032,,
3342,12032,,
3343,12032,,
3344,12032,,
3345,12032,,
3346,12032,,
3347,12032,,
3348,12032,,
3349,12032,,
3350,12032,,
3351,12032,,
3352,12032,,
3353,12032,,
3354,12032,,
3355,12032,,
3356,12032,,
3357,12032,,
3358,12032,,
3359,12032,,
3360,12032,,
3361,12032,,
3362,12032,,
3363,12032,,
3364,12032,,
3365,12032,,
3366,12032,,
3367,12032,,
3368,12032,,
3369,12032,,
3370,12032,,
3371,12032,,
3372,12032,,
3373,12032,,
3374,12032,,
3375,12032,,
3376,12032,,
3377,12032,,
3378,12032,,
3379,12032,,
3380,12032,,
3381,12032,,
3382,12032,,
3383,12032,,
3384,12032,,
3385,12032,,
3386,12032,,
3387,12032,,
3388,12032,,
3389,12032,,
3390,12032,,
3391,12032,,
3392,12032,,
3393,12032,,
3394,12032,,
3395,12032,,
3396,12032,,
3397,12032,,
3398,12032,,
3399,12032,,
3400,12032,,
3401,12032,,
3402,12032,,
3403,12032,,
3404,12032,,
3405,12032,,
3406,12032,,
3407,12032,,
3408,12032,,
3409,12032,,
3410,12032,,
3411,12032,,
3412,12032,,
3413,12032,,
3414,12032,,
3415,12032,,
3416,12032,,
3417,12032,,
3418,12032,,
3419,12032,,
3420,12032,,
3421,12032,,
3422,12032,,
3423,12032,,
3424,12032,,
3425,12032,,
3426,12032,,
3427,12032,,
3428,12032,,
3429,12032,,
3430,12032,,
3431,12032,,
3432,12032,,
3433,12032,,
3434,12032,,
3435,12032,,
3436,12032,,
3437,12032,,
3438,12032,,
3439,12032,,
3440,12032,,
3441,12032,,
3442,12032,,
3443,12032,,
3444,12032,,
3445,12032,,
3446,12032,,
3447,12032,,
3448,12032,,
3449,12032,,
3450,12032,,
3451,12032,,
3452,12032,,
3453,12032,,
3454,12032,,
3455,12032,,
3456,12032,,
3457,12032,,
3458,12032,,
3459,12032,,
3460,12032,,
3461,12032,,
3462,12032,,
3463,12032,,
3464,12032,,
3465,12032,,
3466,12032,,
3467,12032,,
3468,12032,,
3469,12032,,
3470,12032,,
3471,12032,,
3472,12032,,
3473,12032,,
3474,12032,,
3475,12032,,
3476,12032,,
3477,12032,,
3478,12032,,
3479,12032,,
3480,12032,,
3481,12032,,
3482,12032,,
3483,12032,,
3484,12032,,
3485,12032,,
3486,12032,,
3487,12032,,
3488,12032,,
3489,12032,,
3490,12032,,
3491,12032,,
3492,12032,,
3493,12032,,
3494,12032,,
3495,12032,,
3496,12032,,
3497,12032,,
3498,12032,,
3499,12032,,
3500,12032,,
3501,12032,,
3502,12032,,
3503,12032,,
3504,12032,,
3505,12032,,
3506,12032,,
3507,12032,,
3508,12032,,
3509,12032,,
3510,12032,,
3511,12032,,
3512,12032,,
3513,12032,,
3514,12032,,
3515,12032,,
3516,12032,,
3517,12032,,
3518,12032,,
3519,12032,,
3520,12032,,
3521,12032,,
3522,12032,,
3523,12032,,
3524,12032,,
3525,12032,,
3526,12032,,
3527,12032,,
3528,12032,,
3529,12032,,
3530,12032,,
3531,12032,,
3532,12032,,
3533,12032,,
3534,12032,,
3535,12032,,
3536,12032,,
3537,12032,,
3538,12032,,
3539,12032,,
3540,12032,,
3541,12032,,
3542,12032,,
3543,12032,,
3544,12032,,
3545,12032,,
3546,12032,,
3547,12032,,
3548,12032,,
3549,12032,,
3550,12032,,
3551,12032,,
3552,12032,,
3553,12032,,
3554,12032,,
3555,12032,,
3556,12032,,
3557,12032,,
3558,12032,,
3559,12032,,
3560,12032,,
3561,12032,,
3562,12032,,
3563,12032,,
3564,12032,,
3565,12032,,
3566,12032,,
3567,12032,,
3568,12032,,
3569,12032,,
3570,12032,,
3571,12032,,
3572,12032,,
3573,12032,,
3574,12032,,
3575,12032,,
3576,12032,,
3577,12032,,
3578,12032,,
3579,12032,,
3580,12032,,
3581,12032,,
3582,12032,,
3583,12032,,
3584,12032,,
3585,12032,,
3586,12032,,
3587,12032,,
3588,12032,,
3589,12032,,
3590,12032,,
3591,12032,,
3592,12032,,
3593,12032,,
3594,12032,,
3595,12032,,
3596,12032,,
3597,12032,,
3598,12032,,
3599,12032,,
3600,12032,,
3601,12032,,
3602,12032,,
3603,12032,,
3604,12032,,
3605,12032,,
3606,12032,,
3607,12032,,
3608,12032,,
3609,12032,,
3610,12032,,
3611,12032,,
3612,12032,,
3613,12032,,
3614,12032,,
3615,12032,,
3616,12032,,
3617,12032,,
3618,12032,,
3619,12032,,
3620,12032,,
3621,12032,,
3622,12032,,
3623,12032,,
3624,12032,,
3625,12032,,
3626,12032,,
3627,12032,,
3628,12032,,
3629,12032,,
3630,12032,,
3631,12032,,
3632,12032,,
3633,12032,,
3634,12032,,
3635,12032,,
3636,12032,,
3637,12032,,
3638,12032,,
3639,12032,,
3640,12032,,
3641,12032,,
3642,12032,,
3643,12032,,
3644,12032,,
3645,12032,,
3646,12032,,
3647,12032,,
3648,12032,,
3649,12032,,
3650,12032,,
3651,12032,,
3652,12032,,
3653,12032,,
3654,12032,,
3655,12032,,
3656,12032,,
3657,12032,,
3658,12032,,
3659,12032,,
3660,12032,,
3661,12032,,
3662,12032,,
3663,12032,,
3664,12032,,
3665,12032,,
3666,12032,,
3667,12032,,
3668,12032,,
3669,12032,,
3670,12032,,
3671,12032,,
3672,12032,,
3673,12032,,
3674,12032,,
3675,12032,,
3676,12032,,
3677,12032,,
3678,12032,,
3679,12032,,
3680,12032,,
3681,12032,,
3682,12032,,
3683,12032,,
3684,12032,,
3685,12032,,
3686,12032,,
3687,12032,,
3688,12032,,
3689,12032,,
3690,12032,,
3691,12032,,
3692,12032,,
3693,12032,,
3694,12032,,
3695,12032,,
3696,12032,,
3697,12032,,
3698,12032,,
3699,12032,,
3700,12032,,
3701,12032,,
3702,12032,,
3703,12032,,
3704,12032,,
3705,12032,,
3706,12032,,
3707,12032,,
3708,12032,,
3709,12032,,
3710,12032,,
3711,12032,,
3712,12032,,
3713,12032,,
3714,12032,,
3715,12032,,
3716,12032,,
3717,12032,,
3718,12032,,
3719,12032,,
3720,12032,,
3721,12032,,
3722,12032,,
3723,12032,,
3724,12032,,
3725,12032,,
3726,12032,,
3727,12032,,
3728,12032,,
3729,12032,,
3730,12032,,
3731,12032,,
3732,12032,,
3733,12032,,
3734,12032,,
3735,12032,,
3736,12032,,
3737,12032,,
3738,12032,,
3739,12032,,
3740,12032,,
3741,12032,,
3742,12032,,
3743,12032,,
3744,12032,,
3745,12032,,
3746,12032,,
3747,12032,,
3748,12032,,
3749,12032,,
3750,12032,,
3751,12032,,
3752,12032,,
3753,12032,,
3754,12032,,
3755,12032,,
3756,12032,,
3757,12032,,
3758,12032,,
3759,12032,,
3760,12032,,
3761,12032,,
3762,12032,,
3763,12032,,
3764,12032,,
3765,12032,,
3766,12032,,
3767,12032,,
3768,12032,,
3769,12032,,
3770,12032,,
3771,12032,,
3772,12032,,
3773,12032,,
3774,12032,,
3775,12032,,
3776,12032,,
3777,12032,,
3778,12032,,
3779,12032,,
3780,12032,,
3781,12032,,
3782,12032,,
3783,12032,,
3784,12032,,
3785,12032,,
3786,12032,,
3787,12032,,
3788,12032,,
3789,12032,,
3790,12032,,
3791,12032,,
3792,12032,,
3793,12032,,
3794,12032,,
3795,12032,,
3796,12032,,
3797,12032,,
3798,12032,,
3799,12032,,
3800,12032,,
3801,12032,,
3802,12032,,
3803,12032,,
3804,12032,,
3805,12032,,
3806,12032,,
3807,12032,,
3808,12032,,
3809,12032,,
3810,12032,,
3811,12032,,
3812,12032,,
3813,12032,,
3814,12032,,
3815,12032,,
3816,12032,,
3817,12032,,
3818,12032,,
3819,12032,,
3820,12032,,
3821,12032,,
3822,12032,,
3823,12032,,
3824,12032,,
3825,12032,,
3826,12032,,
3827,12032,,
3828,12032,,
3829,12032,,
3830,12032,,
3831,12032,,
3832,12032,,
3833,12032,,
3834,12032,,
3835,12032,,
3836,12032,,
3837,12032,,
3838,12032,,
3839,12032,,
3840,12032,,
3841,12032,,
3842,12032,,
3843,12032,,
3844,12032,,
3845,12032,,
3846,12032,,
3847,12032,,
3848,12032,,
3849,12032,,
3850,12032,,
3851,12032,,
3852,12032,,
3853,12032,,
3854,12032,,
3855,12032,,
3856,12032,,
3857,12032,,
3858,12032,,
3859,12032,,
3860,12032,,
3861,12032,,
3862,12032,,
3863,12032,,
3864,12032,,
3865,12032,,
3866,12032,,
3867,12032,,
3868,12032,,
3869,12032,,
3870,12032,,
3871,12032,,
3872,12032,,
3873,12032,,
3874,12032,,
3875,12032,,
3876,12032,,
3877,12032,,
3878,12032,,
3879,12032,,
3880,12032,,
3881,12032,,
3882,12032,,
3883,12032,,
3884,12032,,
3885,12032,,
3886,12032,,
3887,12032,,
3888,12032,,
3889,12032,,
3890,12032,,
3891,12032,,
3892,12032,,
3893,12032,,
3894,12032,,
3895,12032,,
3896,12032,,
3897,12032,,
3898,12032,,
3899,12032,,
3900,12032,,
3901,12032,,
3902,12032,,
3903,12032,,
3904,12032,,
3905,12032,,
3906,12032,,
3907,12032,,
3908,12032,,
3909,12032,,
3910,12032,,
3911,12032,,
3912,12032,,
3913,12032,,
3914,12032,,
3915,12032,,
3916,12032,,
3917,12032,,
3918,12032,,
3919,12032,,
3920,12032,,
3921,12032,,
3922,12032,,
3923,12032,,
3924,12032,,
3925,12032,,
3926,12032,,
3927,12032,,
3928,12032,,
3929,12032,,
3930,12032,,
3931,12032,,
3932,12032,,
3933,12032,,
3934,12032,,
3935,12032,,
3936,12032,,
3937,12032,,
3938,12032,,
3939,12032,,
3940,12032,,
3941,12032,,
3942,12032,,
3943,12032,,
3944,12032,,
3945,12032,,
3946,12032,,
3947,12032,,
3948,12032,,
3949,12032,,
3950,12032,,
3951,12032,,
3952,12032,,
3953,12032,,
3954,12032,,
3955,12032,,
3956,12032,,
3957,12032,,
3958,12032,,
3959,12032,,
3960,12032,,
3961,12032,,
3962,12032,,
3963,12032,,
3964,12032,,
3965,12032,,
3966,12032,,
3967,12032,,
3968,12032,,
3969,12032,,
3970,12032,,
3971,12032,,
3972,12032,,
3973,12032,,
3974,12032,,
3975,12032,,
3976,12032,,
3977,12032,,
3978,12032,,
3979,12032,,
3980,12032,,
3981,12032,,
3982,12032,,
3983,12032,,
3984,12032,,
3985,12032,,
3986,12032,,
3987,12032,,
3988,12032,,
3989,12032,,
3990,12032,,
3991,12032,,
3992,12032,,
3993,12032,,
3994,12032,,
3995,12032,,
3996,12032,,
3997,12032,,
3998,12032,,
3999,12032,,
4000,12032,,
4001,12032,,
4002,12032,,
4003,12032,,
4004,12032,,
4005,12032,,
4006,12032,,
4007,12032,,
4008,12032,,
4009,12032,,
4010,12032,,
4011,12032,,
4012,12032,,
4013,12032,,
4014,12032,,
4015,12032,,
4016,12032,,
4017,12032,,
4018,12032,,
4019,12032,,
4020,12032,,
4021,12032,,
4022,12032,,
4023,12032,,
4024,12032,,
4025,12032,,
4026,12032,,
4027,12032,,
4028,12032,,
4029,12032,,
4030,12032,,
4031,12032,,
4032,12032,,
4033,12032,,
4034,12032,,
4035,12032,,
4036,12032,,
4037,12032,,
4038,12032,,
4039,12032,,
4040,12032,,
4041,12032,,
4042,12032,,
4043,12032,,
4044,12032,,
4045,12032,,
4046,12032,,
4047,12032,,
4048,12032,,
4049,12032,,
4050,12032,,
4051,12032,,
4052,12032,,
4053,12032,,
4054,12032,,
4055,12032,,
4056,12032,,
4057,12032,,
4058,12032,,
4059,12032,,
4060,12032,,
4061,12032,,
4062,12032,,
4063,12032,,
4064,12032,,
4065,12032,,
4066,12032,,
4067,12032,,
4068,12032,,
4069,12032,,
4070,12032,,
4071,12032,,
4072,12032,,
4073,12032,,
4074,12032,,
4075,12032,,
4076,12032,,
4077,12032,,
4078,12032,,
4079,12032,,
4080,12032,,
4081,12032,,
4082,12032,,
4083,12032,,
4084,12032,,
4085,12032,,
4086,12032,,
4087,12032,,
4088,12032,,
4089,12032,,
4090,12032,,
4091,12032,,
4092,12032,,
4093,12032,,
4094,12032,,
4095,12032,,
4096,12032,,
4097,12032,,
4098,12032,,
4099,12032,,
4100,12032,,
4101,12032,,
4102,12032,,
4103,12032,,
4104,12032,,
4105,12032,,
4106,12032,,
4107,12032,,
4108,12032,,
4109,12032,,
4110,12032,,
4111,12032,,
4112,12032,,
4113,12032,,
4114,12032,,
4115,12032,,
4116,12032,,
4117,12032,,
4118,12032,,
4119,12032,,
4120,12032,,
4121,12032,,
4122,12032,,
4123,12032,,
4124,12032,,
4125,12032,,
4126,12032,,
4127,12032,,
4128,12032,,
4129,12032,,
4130,12032,,
4131,12032,,
4132,12032,,
4133,12032,,
4134,12032,,
4135,12032,,
4136,12032,,
4137,12032,,
4138,12032,,
4139,12032,,
4140,12032,,
4141,12032,,
4142,12032,,
4143,12032,,
4144,12032,,
4145,12032,,
4146,12032,,
4147,12032,,
4148,12032,,
4149,12032,,
4150,12032,,
4151,12032,,
4152,12032,,
4153,12032,,
4154,12032,,
4155,12032,,
4156,12032,,
4157,12032,,
4158,12032,,
4159,12032,,
4160,12032,,
4161,12032,,
4162,12032,,
4163,12032,,
4164,12032,,
4165,12032,,
4166,12032,,
4167,12032,,
4168,12032,,
4169,12032,,
4170,12032,,
4171,12032,,
4172,12032,,
4173,12032,,
4174,12032,,
4175,12032,,
4176,12032,,
4177,12032,,
4178,12032,,
4179,12032,,
4180,12032,,
4181,12032,,
4182,12032,,
4183,12032,,
4184,12032,,
4185,12032,,
4186,12032,,
4187,12032,,
4188,12032,,
4189,12032,,
4190,12032,,
4191,12032,,
4192,12032,,
4193,12032,,
4194,12032,,
4195,12032,,
4196,12032,,
4197,12032,,
4198,12032,,
4199,12032,,
4200,12032,,
4201,12032,,
4202,12032,,
4203,12032,,
4204,12032,,
4205,12032,,
4206,12032,,
4207,12032,,
4208,12032,,
4209,12032,,
4210,12032,,
4211,12032,,
4212,12032,,
4213,12032,,
4214,12032,,
4215,12032,,
4216,12032,,
4217,12032,,
4218,12032,,
4219,12032,,
4220,12032,,
4221,12032,,
4222,12032,,
4223,12032,,
4224,12032,,
4225,12032,,
4226,12032,,
4227,12032,,
4228,12032,,
4229,12032,,
4230,12032,,
4231,12032,,
4232,12032,,
4233,12032,,
4234,12032,,
4235,12032,,
4236,12032,,
4237,12032,,
4238,12032,,
4239,12032,,
4240,12032,,
4241,12032,,
4242,12032,,
4243,12032,,
4244,12032,,
4245,12032,,
4246,12032,,
4247,12032,,
4248,12032,,
4249,12032,,
4250,12032,,
4251,12032,,
4252,12032,,
4253,12032,,
4254,12032,,
4255,12032,,
4256,12032,,
4257,12032,,
4258,12032,,
4259,12032,,
4260,12032,,
4261,12032,,
4262,12032,,
4263,12032,,
4264,12032,,
4265,12032,,
4266,12032,,
4267,12032,,
4268,12032,,
4269,12032,,
4270,12032,,
4271,12032,,
4272,12032,,
4273,12032,,
4274,12032,,
4275,12032,,
4276,12032,,
4277,12032,,
4278,12032,,
4279,12032,,
4280,12032,,
4281,12032,,
4282,12032,,
4283,12032,,
4284,12032,,
4285,12032,,
4286,12032,,
4287,12032,,
4288,12032,,
4289,12032,,
4290,12032,,
4291,12032,,
4292,12032,,
4293,12032,,
4294,12032,,
4295,12032,,
4296,12032,,
4297,12032,,
4298,12032,,
4299,12032,,
4300,12032,,
4301,12032,,
4302,12032,,
4303,12032,,
4304,12032,,
4305,12032,,
4306,12032,,
4307,12032,,
4308,12032,,
4309,12032,,
4310,12032,,
4311,12032,,
4312,12032,,
4313,12032,,
4314,12032,,
4315,12032,,
4316,12032,,
4317,12032,,
4318,12032,,
4319,12032,,
4320,12032,,
4321,12032,,
4322,12032,,
4323,12032,,
4324,12032,,
4325,12032,,
4326,12032,,
4327,12032,,
4328,12032,,
4329,12032,,
4330,12032,,
4331,12032,,
4332,12032,,
4333,12032,,
4334,12032,,
4335,12032,,
4336,12032,,
4337,12032,,
4338,12032,,
4339,12032,,
4340,12032,,
4341,12032,,
4342,12032,,
4343,12032,,
4344,12032,,
4345,12032,,
4346,12032,,
4347,12032,,
4348,12032,,
4349,12032,,
4350,12032,,
4351,12032,,
4352,12032,,
4353,12032,,
4354,12032,,
4355,12032,,
4356,12032,,
4357,12032,,
4358,12032,,
4359,12032,,
4360,12032,,
4361,12032,,
4362,12032,,
4363,12032,,
4364,12032,,
4365,12032,,
4366,12032,,
4367,12032,,
4368,12032,,
4369,12032,,
4370,12032,,
4371,12032,,
4372,12032,,
4373,12032,,
4374,12032,,
4375,12032,,
4376,12032,,
4377,12032,,
4378,12032,,
4379,12032,,
4380,12032,,
4381,12032,,
4382,12032,,
4383,12032,,
4384,12032,,
4385,12032,,
4386,12032,,
4387,12032,,
4388,12032,,
4389,12032,,
4390,12032,,
4391,12032,,
4392,12032,,
4393,12032,,
4394,12032,,
4395,12032,,
4396,12032,,
4397,12032,,
4398,12032,,
4399,12032,,
4400,12032,,
4401,12032,,
4402,12032,,
4403,12032,,
4404,12032,,
4405,12032,,
4406,12032,,
4407,12032,,
4408,12032,,
4409,12032,,
4410,12032,,
4411,12032,,
4412,12032,,
4413,12032,,
4414,12032,,
4415,12032,,
4416,12032,,
4417,12032,,
4418,12032,,
4419,12032,,
4420,12032,,
4421,12032,,
4422,12032,,
4423,12032,,
4424,12032,,
4425,12032,,
4426,12032,,
4427,12032,,
4428,12032,,
4429,12032,,
4430,12032,,
4431,12032,,
4432,12032,,
4433,12032,,
4434,12032,,
4435,12032,,
4436,12032,,
4437,12032,,
4438,12032,,
4439,12032,,
4440,12032,,
4441,12032,,
4442,12032,,
4443,12032,,
4444,12032,,
4445,12032,,
4446,12032,,
4447,12032,,
4448,12032,,
4449,12032,,
4450,12032,,
4451,12032,,
4452,12032,,
4453,12032,,
4454,12032,,
4455,12032,,
4456,12032,,
4457,12032,,
4458,12032,,
4459,12032,,
4460,12032,,
4461,12032,,
4462,12032,,
4463,12032,,
4464,12032,,
4465,12032,,
4466,12032,,
4467,12032,,
4468,12032,,
4469,12032,,
4470,12032,,
4471,12032,,
4472,12032,,
4473,12032,,
4474,12032,,
4475,12032,,
4476,12032,,
4477,12032,,
4478,12032,,
4479,12032,,
4480,12032,,
4481,12032,,
4482,12032,,
4483,12032,,
4484,12032,,
4485,12032,,
4486,12032,,
4487,12032,,
4488,12032,,
4489,12032,,
4490,12032,,
4491,12032,,
4492,12032,,
4493,12032,,
4494,12032,,
4495,12032,,
4496,12032,,
4497,12032,,
4498,12032,,
4499,12032,,
4500,12032,,
4501,12032,,
4502,12032,,
4503,12032,,
4504,12032,,
4505,12032,,
4506,12032,,
4507,12032,,
4508,12032,,
4509,12032,,
4510,12032,,
4511,12032,,
4512,12032,,
4513,12032,,
4514,12032,,
4515,12032,,
4516,12032,,
4517,12032,,
4518,12032,,
4519,12032,,
4520,12032,,
4521,12032,,
4522,12032,,
4523,12032,,
4524,12032,,
4525,12032,,
4526,12032,,
4527,12032,,
4528,12032,,
4529,12032,,
4530,12032,,
4531,12032,,
4532,12032,,
4533,12032,,
4534,12032,,
4535,12032,,
4536,12032,,
4537,12032,,
4538,12032,,
4539,12032,,
4540,12032,,
4541,12032,,
4542,12032,,
4543,12032,,
4544,12032,,
4545,12032,,
4546,12032,,
4547,12032,,
4548,12032,,
4549,12032,,
4550,12032,,
4551,12032,,
4552,12032,,
4553,12032,,
4554,12032,,
4555,12032,,
4556,12032,,
4557,12032,,
4558,12032,,
4559,12032,,
4560,12032,,
4561,12032,,
4562,12032,,
4563,12032,,
4564,12032,,
4565,12032,,
4566,12032,,
4567,12032,,
4568,12032,,
4569,12032,,
4570,12032,,
4571,12032,,
4572,12032,,
4573,12032,,
4574,12032,,
4575,12032,,
4576,12032,,
4577,12032,,
4578,12032,,
4579,12032,,
4580,12032,,
4581,12032,,
4582,12032,,
4583,12032,,
4584,12032,,
4585,12032,,
4586,12032,,
4587,12032,,
4588,12032,,
4589,12032,,
4590,12032,,
4591,12032,,
4592,12032,,
4593,12032,,
4594,12032,,
4595,12032,,
4596,12032,,
4597,12032,,
4598,12032,,
4599,12032,,
4600,12032,,
4601,12032,,
4602,12032,,
4603,12032,,
4604,12032,,
4605,12032,,
4606,12032,,
4607,12032,,
4608,12032,,
4609,12032,,
4610,12032,,
4611,12032,,
4612,12032,,
4613,12032,,
4614,12032,,
4615,12032,,
4616,12032,,
4617,12032,,
4618,12032,,
4619,12032,,
4620,12032,,
4621,12032,,
4622,12032,,
4623,12032,,
4624,12032,,
4625,12032,,
4626,12032,,
4627,12032,,
4628,12032,,
4629,12032,,
4630,12032,,
4631,12032,,
4632,12032,,
4633,12032,,
4634,12032,,
4635,12032,,
4636,12032,,
4637,12032,,
4638,12032,,
4639,12032,,
4640,12032,,
4641,12032,,
4642,12032,,
4643,12032,,
4644,12032,,
4645,12032,,
4646,12032,,
4647,12032,,
4648,12032,,
4649,12032,,
4650,12032,,
4651,12032,,
4652,12032,,
4653,12032,,
4654,12032,,
4655,12032,,
4656,12032,,
4657,12032,,
4658,12032,,
4659,12032,,
4660,12032,,
4661,12032,,
4662,12032,,
4663,12032,,
4664,12032,,
4665,12032,,
4666,12032,,
4667,12032,,
4668,12032,,
4669,12032,,
4670,12032,,
4671,12032,,
4672,12032,,
4673,12032,,
4674,12032,,
4675,12032,,
4676,12032,,
4677,12032,,
4678,12032,,
4679,12032,,
4680,12032,,
4681,12032,,
4682,12032,,
4683,12032,,
4684,12032,,
4685,12032,,
4686,12032,,
4687,12032,,
4688,12032,,
4689,12032,,
4690,12032,,
4691,12032,,
4692,12032,,
4693,12032,,
4694,12032,,
4695,12032,,
4696,12032,,
4697,12032,,
4698,12032,,
4699,12032,,
4700,12032,,
4701,12032,,
4702,12032,,
4703,12032,,
4704,12032,,
4705,12032,,
4706,12032,,
4707,12032,,
4708,12032,,
4709,12032,,
4710,12032,,
4711,12032,,
4712,12032,,
4713,12032,,
4714,12032,,
4715,12032,,
4716,12032,,
4717,12032,,
4718,12032,,
4719,12032,,
4720,12032,,
4721,12032,,
4722,12032,,
4723,12032,,
4724,12032,,
4725,12032,,
4726,12032,,
4727,12032,,
4728,12032,,
4729,12032,,
4730,12032,,
4731,12032,,
4732,12032,,
4733,12032,,
4734,12032,,
4735,12032,,
4736,12032,,
4737,12032,,
4738,12032,,
4739,12032,,
4740,12032,,
4741,12032,,
4742,12032,,
4743,12032,,
4744,12032,,
4745,12032,,
4746,12032,,
4747,12032,,
4748,12032,,
4749,12032,,
4750,12032,,
4751,12032,,
4752,12032,,
4753,12032,,
4754,12032,,
4755,12032,,
4756,12032,,
4757,12032,,
4758,12032,,
4759,12032,,
4760,12032,,
4761,12032,,
4762,12032,,
4763,12032,,
4764,12032,,
4765,12032,,
4766,12032,,
4767,12032,,
4768,12032,,
4769,12032,,
4770,12032,,
4771,12032,,
4772,12032,,
4773,12032,,
4774,12032,,
4775,12032,,
4776,12032,,
4777,12032,,
4778,12032,,
4779,12032,,
4780,12032,,
4781,12032,,
4782,12032,,
4783,12032,,
4784,12032,,
4785,12032,,
4786,12032,,
4787,12032,,
4788,12032,,
4789,12032,,
4790,12032,,
4791,12032,,
4792,12032,,
4793,12032,,
4794,12032,,
4795,12032,,
4796,12032,,
4797,12032,,
4798,12032,,
4799,12032,,
4800,12032,,
4801,12032,,
4802,12032,,
4803,12032,,
4804,12032,,
4805,12032,,
4806,12032,,
4807,12032,,
4808,12032,,
4809,12032,,
4810,12032,,
4811,12032,,
4812,12032,,
4813,12032,,
4814,12032,,
4815,12032,,
4816,12032,,
4817,12032,,
4818,12032,,
4819,12032,,
4820,12032,,
4821,12032,,
4822,12032,,
4823,12032,,
4824,12032,,
4825,12032,,
4826,12032,,
4827,12032,,
4828,12032,,
4829,12032,,
4830,12032,,
4831,12032,,
4832,12032,,
4833,12032,,
4834,12032,,
4835,12032,,
4836,12032,,
4837,12032,,
4838,12032,,
4839,12032,,
4840,12032,,
4841,12032,,
4842,12032,,
4843,12032,,
4844,12032,,
4845,12032,,
4846,12032,,
4847,12032,,
4848,12032,,
4849,12032,,
4850,12032,,
4851,12032,,
4852,12032,,
4853,12032,,
4854,12032,,
4855,12032,,
4856,12032,,
4857,12032,,
4858,12032,,
4859,12032,,
4860,12032,,
4861,12032,,
4862,12032,,
4863,12032,,
4864,12032,,
4865,12032,,
4866,12032,,
4867,12032,,
4868,12032,,
4869,12032,,
4870,12032,,
4871,12032,,
4872,12032,,
4873,12032,,
4874,12032,,
4875,12032,,
4876,12032,,
4877,12032,,
4878,12032,,
4879,12032,,
4880,12032,,
4881,12032,,
4882,12032,,
4883,12032,,
4884,12032,,
4885,12032,,
4886,12032,,
4887,12032,,
4888,12032,,
4889,12032,,
4890,12032,,
4891,12032,,
4892,12032,,
4893,12032,,
4894,12032,,
4895,12032,,
4896,12032,,
4897,12032,,
4898,12032,,
4899,12032,,
4900,12032,,
4901,12032,,
4902,12032,,
4903,12032,,
4904,12032,,
4905,12032,,
4906,12032,,
4907,12032,,
4908,12032,,
4909,12032,,
4910,12032,,
4911,12032,,
4912,12032,,
4913,12032,,
4914,12032,,
4915,12032,,
4916,12032,,
4917,12032,,
4918,12032,,
4919,12032,,
4920,12032,,
4921,12032,,
4922,12032,,
4923,12032,,
4924,12032,,
4925,12032,,
4926,12032,,
4927,12032,,
4928,12032,,
4929,12032,,
4930,12032,,
4931,12032,,
4932,12032,,
4933,12032,,
4934,12032,,
4935,12032,,
4936,12032,,
4937,12032,,
4938,12032,,
4939,12032,,
4940,12032,,
4941,12032,,
4942,12032,,
4943,12032,,
4944,12032,,
4945,12032,,
4946,12032,,
4947,12032,,
4948,12032,,
4949,12032,,
4950,12032,,
4951,12032,,
4952,12032,,
4953,12032,,
4954,12032,,
4955,12032,,
4956,12032,,
4957,12032,,
4958,12032,,
4959,12032,,
4960,12032,,
4961,12032,,
4962,12032,,
4963,12032,,
4964,12032,,
4965,12032,,
4966,12032,,
4967,12032,,
4968,12032,,
4969,12032,,
4970,12032,,
4971,12032,,
4972,12032,,
4973,12032,,
4974,12032,,
4975,12032,,
4976,12032,,
4977,12032,,
4978,12032,,
4979,12032,,
4980,12032,,
4981,12032,,
4982,12032,,
4983,12032,,
4984,12032,,
4985,12032,,
4986,12032,,
4987,12032,,
4988,12032,,
4989,12032,,
4990,12032,,
4991,12032,,
4992,12032,,
4993,12032,,
4994,12032,,
4995,12032,,
4996,12032,,
4997,12032,,
4998,12032,,
4999,12032,,
5000,12032,,
5001,12032,,
5002,12032,,
5003,12032,,
5004,12032,,
5005,12032,,
5006,12032,,
5007,12032,,
5008,12032,,
5009,12032,,
5010,12032,,
5011,12032,,
5012,12032,,
5013,12032,,
5014,12032,,
5015,12032,,
5016,12032,,
5017,12032,,
5018,12032,,
5019,12032,,
5020,12032,,
5021,12032,,
5022,12032,,
5023,12032,,
5024,12032,,
5025,12032,,
5026,12032,,
5027,12032,,
5028,12032,,
5029,12032,,
5030,12032,,
5031,12032,,
5032,12032,,
5033,12032,,
5034,12032,,
5035,12032,,
5036,12032,,
5037,12032,,
5038,12032,,
5039,12032,,
5040,12032,,
5041,12032,,
5042,12032,,
5043,12032,,
5044,12032,,
5045,12032,,
5046,12032,,
5047,12032,,
5048,12032,,
5049,12032,,
5050,12032,,
5051,12032,,
5052,12032,,
5053,12032,,
5054,12032,,
5055,12032,,
5056,12032,,
5057,12032,,
5058,12032,,
5059,12032,,
5060,12032,,
5061,12032,,
5062,12032,,
5063,12032,,
5064,12032,,
5065,12032,,
5066,12032,,
5067,12032,,
5068,12032,,
5069,12032,,
5070,12032,,
5071,12032,,
5072,12032,,
5073,12032,,
5074,12032,,
5075,12032,,
5076,12032,,
5077,12032,,
5078,12032,,
5079,12032,,
5080,12032,,
5081,12032,,
5082,12032,,
5083,12032,,
5084,12032,,
5085,12032,,
5086,12032,,
5087,12032,,
5088,12032,,
5089,12032,,
5090,12032,,
5091,12032,,
5092,12032,,
5093,12032,,
5094,12032,,
5095,12032,,
5096,12032,,
5097,12032,,
5098,12032,,
5099,12032,,
5100,12032,,
5101,12032,,
5102,12032,,
5103,12032,,
5104,12032,,
5105,12032,,
5106,12032,,
5107,12032,,
5108,12032,,
5109,12032,,
5110,12032,,
5111,12032,,
5112,12032,,
5113,12032,,
5114,12032,,
5115,12032,,
5116,12032,,
5117,12032,,
5118,12032,,
5119,12032,,
5120,12032,,
5121,12032,,
5122,12032,,
5123,12032,,
5124,12032,,
5125,12032,,
5126,12032,,
5127,12032,,
5128,12032,,
5129,12032,,
5130,12032,,
5131,12032,,
5132,12032,,
5133,12032,,
5134,12032,,
5135,12032,,
5136,12032,,
5137,12032,,
5138,12032,,
5139,12032,,
5140,12032,,
5141,12032,,
5142,12032,,
5143,12032,,
5144,12032,,
5145,12032,,
5146,12032,,
5147,12032,,
5148,12032,,
5149,12032,,
5150,12032,,
5151,12032,,
5152,12032,,
5153,12032,,
5154,12032,,
5155,12032,,
5156,12032,,
5157,12032,,
5158,12032,,
5159,12032,,
5160,12032,,
5161,12032,,
5162,12032,,
5163,12032,,
5164,12032,,
5165,12032,,
5166,12032,,
5167,12032,,
5168,12032,,
5169,12032,,
5170,12032,,
5171,12032,,
5172,12032,,
5173,12032,,
5174,12032,,
5175,12032,,
5176,12032,,
5177,12032,,
5178,12032,,
5179,12032,,
5180,12032,,
5181,12032,,
5182,12032,,
5183,12032,,
5184,12032,,
5185,12032,,
5186,12032,,
5187,12032,,
5188,12032,,
5189,12032,,
5190,12032,,
5191,12032,,
5192,12032,,
5193,12032,,
5194,12032,,
5195,12032,,
5196,12032,,
5197,12032,,
5198,12032,,
5199,12032,,
5200,12032,,
5201,12032,,
5202,12032,,
5203,12032,,
5204,12032,,
5205,12032,,
5206,12032,,
5207,12032,,
5208,12032,,
5209,12032,,
5210,12032,,
5211,12032,,
5212,12032,,
5213,12032,,
5214,12032,,
5215,12032,,
5216,12032,,
5217,12032,,
5218,12032,,
5219,12032,,
5220,12032,,
5221,12032,,
5222,12032,,
5223,12032,,
5224,12032,,
5225,12032,,
5226,12032,,
5227,12032,,
5228,12032,,
5229,12032,,
5230,12032,,
5231,12032,,
5232,12032,,
5233,12032,,
5234,12032,,
5235,12032,,
5236,12032,,
5237,12032,,
5238,12032,,
5239,12032,,
5240,12032,,
5241,12032,,
5242,12032,,
5243,12032,,
5244,12032,,
5245,12032,,
5246,12032,,
5247,12032,,
5248,12032,,
5249,12032,,
5250,12032,,
5251,12032,,
5252,12032,,
5253,12032,,
5254,12032,,
5255,12032,,
5256,12032,,
5257,12032,,
5258,12032,,
5259,12032,,
5260,12032,,
5261,12032,,
5262,12032,,
5263,12032,,
5264,12032,,
5265,12032,,
5266,12032,,
5267,12032,,
5268,12032,,
5269,12032,,
5270,12032,,
5271,12032,,
5272,12032,,
5273,12032,,
5274,12032,,
5275,12032,,
5276,12032,,
5277,12032,,
5278,12032,,
5279,12032,,
5280,12032,,
5281,12032,,
5282,12032,,
5283,12032,,
5284,12032,,
5285,12032,,
5286,12032,,
5287,12032,,
5288,12032,,
5289,12032,,
5290,12032,,
5291,12032,,
5292,12032,,
5293,12032,,
5294,12032,,
5295,12032,,
5296,12032,,
5297,12032,,
5298,12032,,
5299,12032,,
5300,12032,,
5301,12032,,
5302,12032,,
5303,12032,,
5304,12032,,
5305,12032,,
5306,12032,,
5307,12032,,
5308,12032,,
5309,12032,,
5310,12032,,
5311,12032,,
5312,12032,,
5313,12032,,
5314,12032,,
5315,12032,,
5316,12032,,
5317,12032,,
5318,12032,,
5319,12032,,
5320,12032,,
5321,12032,,
5322,12032,,
5323,12032,,
5324,12032,,
5325,12032,,
5326,12032,,
5327,12032,,
5328,12032,,
5329,12032,,
5330,12032,,
5331,12032,,
5332,12032,,
5333,12032,,
5334,12032,,
5335,12032,,
5336,12032,,
5337,12032,,
5338,12032,,
5339,12032,,
5340,12032,,
5341,12032,,
5342,12032,,
5343,12032,,
5344,12032,,
5345,12032,,
5346,12032,,
5347,12032,,
5348,12032,,
5349,12032,,
5350,12032,,
5351,12032,,
5352,12032,,
5353,12032,,
5354,12032,,
5355,12032,,
5356,12032,,
5357,12032,,
5358,12032,,
5359,12032,,
5360,12032,,
5361,12032,,
5362,12032,,
5363,12032,,
5364,12032,,
5365,12032,,
5366,12032,,
5367,12032,,
5368,12032,,
5369,12032,,
5370,12032,,
5371,12032,,
5372,12032,,
5373,12032,,
5374,12032,,
5375,12032,,
5376,12032,,
5377,12032,,
5378,12032,,
5379,12032,,
5380,12032,,
5381,12032,,
5382,12032,,
5383,12032,,
5384,12032,,
5385,12032,,
5386,12032,,
5387,12032,,
5388,12032,,
5389,12032,,
5390,12032,,
5391,12032,,
5392,12032,,
5393,12032,,
5394,12032,,
5395,12032,,
5396,12032,,
5397,12032,,
5398,12032,,
5399,12032,,
5400,12032,,
5401,12032,,
5402,12032,,
5403,12032,,
5404,12032,,
5405,12032,,
5406,12032,,
5407,12032,,
5408,12032,,
5409,12032,,
5410,12032,,
5411,12032,,
5412,12032,,
5413,12032,,
5414,12032,,
5415,12032,,
5416,12032,,
5417,12032,,
5418,12032,,
5419,12032,,
5420,12032,,
5421,12032,,
5422,12032,,
5423,12032,,
5424,12032,,
5425,12032,,
5426,12032,,
5427,12032,,
5428,12032,,
5429,12032,,
5430,12032,,
5431,12032,,
5432,12032,,
5433,12032,,
5434,12032,,
5435,12032,,
5436,12032,,
5437,12032,,
5438,12032,,
5439,12032,,
5440,12032,,
5441,12032,,
5442,12032,,
5443,12032,,
5444,12032,,
5445,12032,,
5446,12032,,
5447,12032,,
5448,12032,,
5449,12032,,
5450,12032,,
5451,12032,,
5452,12032,,
5453,12032,,
5454,12032,,
5455,12032,,
5456,12032,,
5457,12032,,
5458,12032,,
5459,12032,,
5460,12032,,
5461,12032,,
5462,12032,,
5463,12032,,
5464,12032,,
5465,12032,,
5466,12032,,
5467,12032,,
5468,12032,,
5469,12032,,
5470,12032,,
5471,12032,,
5472,12032,,
5473,12032,,
5474,12032,,
5475,12032,,
5476,12032,,
5477,12032,,
5478,12032,,
5479,12032,,
5480,12032,,
5481,12032,,
5482,12032,,
5483,12032,,
5484,12032,,
5485,12032,,
5486,12032,,
5487,12032,,
5488,12032,,
5489,12032,,
5490,12032,,
5491,12032,,
5492,12032,,
5493,12032,,
5494,12032,,
5495,12032,,
5496,12032,,
5497,12032,,
5498,12032,,
5499,12032,,
5500,12032,,
5501,12032,,
5502,12032,,
5503,12032,,
5504,12032,,
5505,12032,,
5506,12032,,
5507,12032,,
5508,12032,,
5509,12032,,
5510,12032,,
5511,12032,,
5512,12032,,
5513,12032,,
5514,12032,,
5515,12032,,
5516,12032,,
5517,12032,,
5518,12032,,
5519,12032,,
5520,12032,,
5521,12032,,
5522,12032,,
5523,12032,,
5524,12032,,
5525,12032,,
5526,12032,,
5527,12032,,
5528,12032,,
5529,12032,,
5530,12032,,
5531,12032,,
5532,12032,,
5533,12032,,
5534,12032,,
5535,12032,,
5536,12032,,
5537,12032,,
5538,12032,,
5539,12032,,
5540,12032,,
5541,12032,,
5542,12032,,
5543,12032,,
5544,12032,,
5545,12032,,
5546,12032,,
5547,12032,,
5548,12032,,
5549,12032,,
5550,12032,,
5551,12032,,
5552,12032,,
5553,12032,,
5554,12032,,
5555,12032,,
5556,12032,,
5557,12032,,
5558,12032,,
5559,12032,,
5560,12032,,
5561,12032,,
5562,12032,,
5563,12032,,
5564,12032,,
5565,12032,,
5566,12032,,
5567,12032,,
5568,12032,,
5569,12032,,
5570,12032,,
5571,12032,,
5572,12032,,
5573,12032,,
5574,12032,,
5575,12032,,
5576,12032,,
5577,12032,,
5578,12032,,
5579,12032,,
5580,12032,,
5581,12032,,
5582,12032,,
5583,12032,,
5584,12032,,
5585,12032,,
5586,12032,,
5587,12032,,
5588,12032,,
5589,12032,,
5590,12032,,
5591,12032,,
5592,12032,,
5593,12032,,
5594,12032,,
5595,12032,,
5596,12032,,
5597,12032,,
5598,12032,,
5599,12032,,
5600,12032,,
5601,12032,,
5602,12032,,
5603,12032,,
5604,12032,,
5605,12032,,
5606,12032,,
5607,12032,,
5608,12032,,
5609,12032,,
5610,12032,,
5611,12032,,
5612,12032,,
5613,12032,,
5614,12032,,
5615,12032,,
5616,12032,,
5617,12032,,
5618,12032,,
5619,12032,,
5620,12032,,
5621,12032,,
5622,12032,,
5623,12032,,
5624,12032,,
5625,12032,,
5626,12032,,
5627,12032,,
5628,12032,,
5629,12032,,
5630,12032,,
5631,12032,,
5632,12032,,
5633,12032,,
5634,12032,,
5635,12032,,
5636,12032,,
5637,12032,,
5638,12032,,
5639,12032,,
5640,12032,,
5641,12032,,
5642,12032,,
5643,12032,,
5644,12032,,
5645,12032,,
5646,12032,,
5647,12032,,
5648,12032,,
5649,12032,,
5650,12032,,
5651,12032,,
5652,12032,,
5653,12032,,
5654,12032,,
5655,12032,,
5656,12032,,
5657,12032,,
5658,12032,,
5659,12032,,
5660,12032,,
5661,12032,,
5662,12032,,
5663,12032,,
5664,12032,,
5665,12032,,
5666,12032,,
5667,12032,,
5668,12032,,
5669,12032,,
5670,12032,,
5671,12032,,
5672,12032,,
5673,12032,,
5674,12032,,
5675,12032,,
5676,12032,,
5677,12032,,
5678,12032,,
5679,12032,,
5680,12032,,
5681,12032,,
5682,12032,,
5683,12032,,
5684,12032,,
5685,12032,,
5686,12032,,
5687,12032,,
5688,12032,,
5689,12032,,
5690,12032,,
5691,12032,,
5692,12032,,
5693,12032,,
5694,12032,,
5695,12032,,
5696,12032,,
5697,12032,,
5698,12032,,
5699,12032,,
5700,12032,,
5701,12032,,
5702,12032,,
5703,12032,,
5704,12032,,
5705,12032,,
5706,12032,,
5707,12032,,
5708,12032,,
5709,12032,,
5710,12032,,
5711,12032,,
5712,12032,,
5713,12032,,
5714,12032,,
5715,12032,,
5716,12032,,
5717,12032,,
5718,12032,,
5719,12032,,
5720,12032,,
5721,12032,,
5722,12032,,
5723,12032,,
5724,12032,,
5725,12032,,
5726,12032,,
5727,12032,,
5728,12032,,
5729,12032,,
5730,12032,,
5731,12032,,
5732,12032,,
5733,12032,,
5734,12032,,
5735,12032,,
5736,12032,,
5737,12032,,
5738,12032,,
5739,12032,,
5740,12032,,
5741,12032,,
5742,12032,,
5743,12032,,
5744,12032,,
5745,12032,,
5746,12032,,
5747,12032,,
5748,12032,,
5749,12032,,
5750,12032,,
5751,12032,,
5752,12032,,
5753,12032,,
5754,12032,,
5755,12032,,
5756,12032,,
5757,12032,,
5758,12032,,
5759,12032,,
5760,12032,,
5761,12032,,
5762,12032,,
5763,12032,,
5764,12032,,
5765,12032,,
5766,12032,,
5767,12032,,
5768,12032,,
5769,12032,,
5770,12032,,
5771,12032,,
5772,12032,,
5773,12032,,
5774,12032,,
5775,12032,,
5776,12032,,
5777,12032,,
5778,12032,,
5779,12032,,
5780,12032,,
5781,12032,,
5782,12032,,
5783,12032,,
5784,12032,,
5785,12032,,
5786,12032,,
5787,12032,,
5788,12032,,
5789,12032,,
5790,12032,,
5791,12032,,
5792,12032,,
5793,12032,,
5794,12032,,
5795,12032,,
5796,12032,,
5797,12032,,
5798,12032,,
5799,12032,,
5800,12032,,
5801,12032,,
5802,12032,,
5803,12032,,
5804,12032,,
5805,12032,,
5806,12032,,
5807,12032,,
5808,12032,,
5809,12032,,
5810,12032,,
5811,12032,,
5812,12032,,
5813,12032,,
5814,12032,,
5815,12032,,
5816,12032,,
5817,12032,,
5818,12032,,
5819,12032,,
5820,12032,,
5821,12032,,
5822,12032,,
5823,12032,,
5824,12032,,
5825,12032,,
5826,12032,,
5827,12032,,
5828,12032,,
5829,12032,,
5830,12032,,
5831,12032,,
5832,12032,,
5833,12032,,
5834,12032,,
5835,12032,,
5836,12032,,
5837,12032,,
5838,12032,,
5839,12032,,
5840,12032,,
5841,12032,,
5842,12032,,
5843,12032,,
5844,12032,,
5845,12032,,
5846,12032,,
5847,12032,,
5848,12032,,
5849,12032,,
5850,12032,,
5851,12032,,
5852,12032,,
5853,12032,,
5854,12032,,
5855,12032,,
5856,12032,,
5857,12032,,
5858,12032,,
5859,12032,,
5860,12032,,
5861,12032,,
5862,12032,,
5863,12032,,
5864,12032,,
5865,12032,,
5866,12032,,
5867,12032,,
5868,12032,,
5869,12032,,
5870,12032,,
5871,12032,,
5872,12032,,
5873,12032,,
5874,12032,,
5875,12032,,
5876,12032,,
5877,12032,,
5878,12032,,
5879,12032,,
5880,12032,,
5881,12032,,
5882,12032,,
5883,12032,,
5884,12032,,
5885,12032,,
5886,12032,,
5887,12032,,
5888,12032,,
5889,12032,,
5890,12032,,
5891,12032,,
5892,12032,,
5893,12032,,
5894,12032,,
5895,12032,,
5896,12032,,
5897,12032,,
5898,12032,,
5899,12032,,
5900,12032,,
5901,12032,,
5902,12032,,
5903,12032,,
5904,12032,,
5905,12032,,
5906,12032,,
5907,12032,,
5908,12032,,
5909,12032,,
5910,12032,,
5911,12032,,
5912,12032,,
5913,12032,,
5914,12032,,
5915,12032,,
5916,12032,,
5917,12032,,
5918,12032,,
5919,12032,,
5920,12032,,
5921,12032,,
5922,12032,,
5923,12032,,
5924,12032,,
5925,12032,,
5926,12032,,
5927,12032,,
5928,12032,,
5929,12032,,
5930,12032,,
5931,12032,,
5932,12032,,
5933,12032,,
5934,12032,,
5935,12032,,
5936,12032,,
5937,12032,,
5938,12032,,
5939,12032,,
5940,12032,,
5941,12032,,
5942,12032,,
5943,12032,,
5944,12032,,
5945,12032,,
5946,12032,,
5947,12032,,
5948,12032,,
5949,12032,,
5950,12032,,
5951,12032,,
5952,12032,,
5953,12032,,
5954,12032,,
5955,12032,,
5956,12032,,
5957,12032,,
5958,12032,,
5959,12032,,
5960,12032,,
5961,12032,,
5962,12032,,
5963,12032,,
5964,12032,,
5965,12032,,
5966,12032,,
5967,12032,,
5968,12032,,
5969,12032,,
5970,12032,,
5971,12032,,
5972,12032,,
5973,12032,,
5974,12032,,
5975,12032,,
5976,12032,,
5977,12032,,
5978,12032,,
5979,12032,,
5980,12032,,
5981,12032,,
5982,12032,,
5983,12032,,
5984,12032,,
5985,12032,,
5986,12032,,
5987,12032,,
5988,12032,,
5989,12032,,
5990,12032,,
5991,12032,,
5992,12032,,
5993,12032,,
5994,12032,,
5995,12032,,
5996,12032,,
5997,12032,,
5998,12032,,
5999,12032,,
6000,12032,,
6001,12032,,
6002,12032,,
6003,12032,,
6004,12032,,
6005,12032,,
6006,12032,,
6007,12032,,
6008,12032,,
6009,12032,,
6010,12032,,
6011,12032,,
6012,12032,,
6013,12032,,
6014,12032,,
6015,12032,,
6016,12032,,
6017,12032,,
6018,12032,,
6019,12032,,
6020,12032,,
6021,12032,,
6022,12032,,
6023,12032,,
6024,12032,,
6025,12032,,
6026,12032,,
6027,12032,,
6028,12032,,
6029,12032,,
6030,12032,,
6031,12032,,
6032,12032,,
6033,12032,,
6034,12032,,
6035,12032,,
6036,12032,,
6037,12032,,
6038,12032,,
6039,12032,,
6040,12032,,
6041,12032,,
6042,12032,,
6043,12032,,
6044,12032,,
6045,12032,,
6046,12032,,
6047,12032,,
6048,12032,,
6049,12032,,
6050,12032,,
6051,12032,,
6052,12032,,
6053,12032,,
6054,12032,,
6055,12032,,
6056,12032,,
6057,12032,,
6058,12032,,
6059,12032,,
6060,12032,,
6061,12032,,
6062,12032,,
6063,12032,,
6064,12032,,
6065,12032,,
6066,12032,,
6067,12032,,
6068,12032,,
6069,12032,,
6070,12032,,
6071,12032,,
6072,12032,,
6073,12032,,
6074,12032,,
6075,12032,,
6076,12032,,
6077,12032,,
6078,12032,,
6079,12032,,
6080,12032,,
6081,12032,,
6082,12032,,
6083,12032,,
6084,12032,,
6085,12032,,
6086,12032,,
6087,12032,,
6088,12032,,
6089,12032,,
6090,12032,,
6091,12032,,
6092,12032,,
6093,12032,,
6094,12032,,
6095,12032,,
6096,12032,,
6097,12032,,
6098,12032,,
6099,12032,,
6100,12032,,
6101,12032,,
6102,12032,,
6103,12032,,
6104,12032,,
6105,12032,,
6106,12032,,
6107,12032,,
6108,12032,,
6109,12032,,
6110,12032,,
6111,12032,,
6112,12032,,
6113,12032,,
6114,12032,,
6115,12032,,
6116,12032,,
6117,12032,,
6118,12032,,
6119,12032,,
6120,12032,,
6121,12032,,
6122,12032,,
6123,12032,,
6124,12032,,
6125,12032,,
6126,12032,,
6127,12032,,
6128,12032,,
6129,12032,,
6130,12032,,
6131,12032,,
6132,12032,,
6133,12032,,
6134,12032,,
6135,12032,,
6136,12032,,
6137,12032,,
6138,12032,,
6139,12032,,
6140,12032,,
6141,12032,,
6142,12032,,
6143,12032,,
6144,12032,,
6145,12032,,
6146,12032,,
6147,12032,,
6148,12032,,
6149,12032,,
6150,12032,,
6151,12032,,
6152,12032,,
6153,12032,,
6154,12032,,
6155,12032,,
6156,12032,,
6157,12032,,
6158,12032,,
6159,12032,,
6160,12032,,
6161,12032,,
6162,12032,,
6163,12032,,
6164,12032,,
6165,12032,,
6166,12032,,
6167,12032,,
6168,12032,,
6169,12032,,
6170,12032,,
6171,12032,,
6172,12032,,
6173,12032,,
6174,12032,,
6175,12032,,
6176,12032,,
6177,12032,,
6178,12032,,
6179,12032,,
6180,12032,,
6181,12032,,
6182,12032,,
6183,12032,,
6184,12032,,
6185,12032,,
6186,12032,,
6187,12032,,
6188,12032,,
6189,12032,,
6190,12032,,
6191,12032,,
6192,12032,,
6193,12032,,
6194,12032,,
6195,12032,,
6196,12032,,
6197,12032,,
6198,12032,,
6199,12032,,
6200,12032,,
6201,12032,,
6202,12032,,
6203,12032,,
6204,12032,,
6205,12032,,
6206,12032,,
6207,12032,,
6208,12032,,
6209,12032,,
6210,12032,,
6211,12032,,
6212,12032,,
6213,12032,,
6214,12032,,
6215,12032,,
6216,12032,,
6217,12032,,
6218,12032,,
6219,12032,,
6220,12032,,
6221,12032,,
6222,12032,,
6223,12032,,
6224,12032,,
6225,12032,,
6226,12032,,
6227,12032,,
6228,12032,,
6229,12032,,
6230,12032,,
6231,12032,,
6232,12032,,
6233,12032,,
6234,12032,,
6235,12032,,
6236,12032,,
6237,12032,,
6238,12032,,
6239,12032,,
6240,12032,,
6241,12032,,
6242,12032,,
6243,12032,,
6244,12032,,
6245,12032,,
6246,12032,,
6247,12032,,
6248,12032,,
6249,12032,,
6250,12032,,
6251,12032,,
6252,12032,,
6253,12032,,
6254,12032,,
6255,12032,,
6256,12032,,
6257,12032,,
6258,12032,,
6259,12032,,
6260,12032,,
6261,12032,,
6262,12032,,
6263,12032,,
6264,12032,,
6265,12032,,
6266,12032,,
6267,12032,,
6268,12032,,
6269,12032,,
6270,12032,,
6271,12032,,
6272,12032,,
6273,12032,,
6274,12032,,
6275,12032,,
6276,12032,,
6277,12032,,
6278,12032,,
6279,12032,,
6280,12032,,
6281,12032,,
6282,12032,,
6283,12032,,
6284,12032,,
6285,12032,,
6286,12032,,
6287,12032,,
6288,12032,,
6289,12032,,
6290,12032,,
6291,12032,,
6292,12032,,
6293,12032,,
6294,12032,,
6295,12032,,
6296,12032,,
6297,12032,,
6298,12032,,
6299,12032,,
6300,12032,,
6301,12032,,
6302,12032,,
6303,12032,,
6304,12032,,
6305,12032,,
6306,12032,,
6307,12032,,
6308,12032,,
6309,12032,,
6310,12032,,
6311,12032,,
6312,12032,,
6313,12032,,
6314,12032,,
6315,12032,,
6316,12032,,
6317,12032,,
6318,12032,,
6319,12032,,
6320,12032,,
6321,12032,,
6322,12032,,
6323,12032,,
6324,12032,,
6325,12032,,
6326,12032,,
6327,12032,,
6328,12032,,
6329,12032,,
6330,12032,,
6331,12032,,
6332,12032,,
6333,12032,,
6334,12032,,
6335,12032,,
6336,12032,,
6337,12032,,
6338,12032,,
6339,12032,,
6340,12032,,
6341,12032,,
6342,12032,,
6343,12032,,
6344,12032,,
6345,12032,,
6346,12032,,
6347,12032,,
6348,12032,,
6349,12032,,
6350,12032,,
6351,12032,,
6352,12032,,
6353,12032,,
6354,12032,,
6355,12032,,
6356,12032,,
6357,12032,,
6358,12032,,
6359,12032,,
6360,12032,,
6361,12032,,
6362,12032,,
6363,12032,,
6364,12032,,
6365,12032,,
6366,12032,,
6367,12032,,
6368,12032,,
6369,12032,,
6370,12032,,
6371,12032,,
6372,12032,,
6373,12032,,
6374,12032,,
6375,12032,,
6376,12032,,
6377,12032,,
6378,12032,,
6379,12032,,
6380,12032,,
6381,12032,,
6382,12032,,
6383,12032,,
6384,12032,,
6385,12032,,
6386,12032,,
6387,12032,,
6388,12032,,
6389,12032,,
6390,12032,,
6391,12032,,
6392,12032,,
6393,12032,,
6394,12032,,
6395,12032,,
6396,12032,,
6397,12032,,
6398,12032,,
6399,12032,,
6400,12032,,
6401,12032,,
6402,12032,,
6403,12032,,
6404,12032,,
6405,12032,,
6406,12032,,
6407,12032,,
6408,12032,,
6409,12032,,
6410,12032,,
6411,12032,,
6412,12032,,
6413,12032,,
6414,12032,,
6415,12032,,
6416,12032,,
6417,12032,,
6418,12032,,
6419,12032,,
6420,12032,,
6421,12032,,
6422,12032,,
6423,12032,,
6424,12032,,
6425,12032,,
6426,12032,,
6427,12032,,
6428,12032,,
6429,12032,,
6430,12032,,
6431,12032,,
6432,12032,,
6433,12032,,
6434,12032,,
6435,12032,,
6436,12032,,
6437,12032,,
6438,12032,,
6439,12032,,
6440,12032,,
6441,12032,,
6442,12032,,
6443,12032,,
6444,12032,,
6445,12032,,
6446,12032,,
6447,12032,,
6448,12032,,
6449,12032,,
6450,12032,,
6451,12032,,
6452,12032,,
6453,12032,,
6454,12032,,
6455,12032,,
6456,12032,,
6457,12032,,
6458,12032,,
6459,12032,,
6460,12032,,
6461,12032,,
6462,12032,,
6463,12032,,
6464,12032,,
6465,12032,,
6466,12032,,
6467,12032,,
6468,12032,,
6469,12032,,
6470,12032,,
6471,12032,,
6472,12032,,
6473,12032,,
6474,12032,,
6475,12032,,
6476,12032,,
6477,12032,,
6478,12032,,
6479,12032,,
6480,12032,,
6481,12032,,
6482,12032,,
6483,12032,,
6484,12032,,
6485,12032,,
6486,12032,,
6487,12032,,
6488,12032,,
6489,12032,,
6490,12032,,
6491,12032,,
6492,12032,,
6493,12032,,
6494,12032,,
6495,12032,,
6496,12032,,
6497,12032,,
6498,12032,,
6499,12032,,
6500,12032,,
6501,12032,,
6502,12032,,
6503,12032,,
6504,12032,,
6505,12032,,
6506,12032,,
6507,12032,,
6508,12032,,
6509,12032,,
6510,12032,,
6511,12032,,
6512,12032,,
6513,12032,,
6514,12032,,
6515,12032,,
6516,12032,,
6517,12032,,
6518,12032,,
6519,12032,,
6520,12032,,
6521,12032,,
6522,12032,,
6523,12032,,
6524,12032,,
6525,12032,,
6526,12032,,
6527,12032,,
6528,12032,,
6529,12032,,
6530,12032,,
6531,12032,,
6532,12032,,
6533,12032,,
6534,12032,,
6535,12032,,
6536,12032,,
6537,12032,,
6538,12032,,
6539,12032,,
6540,12032,,
6541,12032,,
6542,12032,,
6543,12032,,
6544,12032,,
6545,12032,,
6546,12032,,
6547,12032,,
6548,12032,,
6549,12032,,
6550,12032,,
6551,12032,,
6552,12032,,
6553,12032,,
6554,12032,,
6555,12032,,
6556,12032,,
6557,12032,,
6558,12032,,
6559,12032,,
6560,12032,,
6561,12032,,
6562,12032,,
6563,12032,,
6564,12032,,
6565,12032,,
6566,12032,,
6567,12032,,
6568,12032,,
6569,12032,,
6570,12032,,
6571,12032,,
6572,12032,,
6573,12032,,
6574,12032,,
6575,12032,,
6576,12032,,
6577,12032,,
6578,12032,,
6579,12032,,
6580,12032,,
6581,12032,,
6582,12032,,
6583,12032,,
6584,12032,,
6585,12032,,
6586,12032,,
6587,12032,,
6588,12032,,
6589,12032,,
6590,12032,,
6591,12032,,
6592,12032,,
6593,12032,,
6594,12032,,
6595,12032,,
6596,12032,,
6597,12032,,
6598,12032,,
6599,12032,,
6600,12032,,
6601,12032,,
6602,12032,,
6603,12032,,
6604,12032,,
6605,12032,,
6606,12032,,
6607,12032,,
6608,12032,,
6609,12032,,
6610,12032,,
6611,12032,,
6612,12032,,
6613,12032,,
6614,12032,,
6615,12032,,
6616,12032,,
6617,12032,,
6618,12032,,
6619,12032,,
6620,12032,,
6621,12032,,
6622,12032,,
6623,12032,,
6624,12032,,
6625,12032,,
6626,12032,,
6627,12032,,
6628,12032,,
6629,12032,,
6630,12032,,
6631,12032,,
6632,12032,,
6633,12032,,
6634,12032,,
6635,12032,,
6636,12032,,
6637,12032,,
6638,12032,,
6639,12032,,
6640,12032,,
6641,12032,,
6642,12032,,
6643,12032,,
6644,12032,,
6645,12032,,
6646,12032,,
6647,12032,,
6648,12032,,
6649,12032,,
6650,12032,,
6651,12032,,
6652,12032,,
6653,12032,,
6654,12032,,
6655,12032,,
6656,12032,,
6657,12032,,
6658,12032,,
6659,12032,,
6660,12032,,
6661,12032,,
6662,12032,,
6663,12032,,
6664,12032,,
6665,12032,,
6666,12032,,
6667,12032,,
6668,12032,,
6669,12032,,
6670,12032,,
6671,12032,,
6672,12032,,
6673,12032,,
6674,12032,,
6675,12032,,
6676,12032,,
6677,12032,,
6678,12032,,
6679,12032,,
6680,12032,,
6681,12032,,
6682,12032,,
6683,12032,,
6684,12032,,
6685,12032,,
6686,12032,,
6687,12032,,
6688,12032,,
6689,12032,,
6690,12032,,
6691,12032,,
6692,12032,,
6693,12032,,
6694,12032,,
6695,12032,,
6696,12032,,
6697,12032,,
6698,12032,,
6699,12032,,
6700,12032,,
6701,12032,,
6702,12032,,
6703,12032,,
6704,12032,,
6705,12032,,
6706,12032,,
6707,12032,,
6708,12032,,
6709,12032,,
6710,12032,,
6711,12032,,
6712,12032,,
6713,12032,,
6714,12032,,
6715,12032,,
6716,12032,,
6717,12032,,
6718,12032,,
6719,12032,,
6720,12032,,
6721,12032,,
6722,12032,,
6723,12032,,
6724,12032,,
6725,12032,,
6726,12032,,
6727,12032,,
6728,12032,,
6729,12032,,
6730,12032,,
6731,12032,,
6732,12032,,
6733,12032,,
6734,12032,,
6735,12032,,
6736,12032,,
6737,12032,,
6738,12032,,
6739,12032,,
6740,12032,,
6741,12032,,
6742,12032,,
6743,12032,,
6744,12032,,
6745,12032,,
6746,12032,,
6747,12032,,
6748,12032,,
6749,12032,,
6750,12032,,
6751,12032,,
6752,12032,,
6753,12032,,
6754,12032,,
6755,12032,,
6756,12032,,
6757,12032,,
6758,12032,,
6759,12032,,
6760,12032,,
6761,12032,,
6762,12032,,
6763,12032,,
6764,12032,,
6765,12032,,
6766,12032,,
6767,12032,,
6768,12032,,
6769,12032,,
6770,12032,,
6771,12032,,
6772,12032,,
6773,12032,,
6774,12032,,
6775,12032,,
6776,12032,,
6777,12032,,
6778,12032,,
6779,12032,,
6780,12032,,
6781,12032,,
6782,12032,,
6783,12032,,
6784,12032,,
6785,12032,,
6786,12032,,
6787,12032,,
6788,12032,,
6789,12032,,
6790,12032,,
6791,12032,,
6792,12032,,
6793,12032,,
6794,12032,,
6795,12032,,
6796,12032,,
6797,12032,,
6798,12032,,
6799,12032,,
6800,12032,,
6801,12032,,
6802,12032,,
6803,12032,,
6804,12032,,
6805,12032,,
6806,12032,,
6807,12032,,
6808,12032,,
6809,12032,,
6810,12032,,
6811,12032,,
6812,12032,,
6813,12032,,
6814,12032,,
6815,12032,,
6816,12032,,
6817,12032,,
6818,12032,,
6819,12032,,
6820,12032,,
6821,12032,,
6822,12032,,
6823,12032,,
6824,12032,,
6825,12032,,
6826,12032,,
6827,12032,,
6828,12032,,
6829,12032,,
6830,12032,,
6831,12032,,
6832,12032,,
6833,12032,,
6834,12032,,
6835,12032,,
6836,12032,,
6837,12032,,
6838,12032,,
6839,12032,,
6840,12032,,
6841,12032,,
6842,12032,,
6843,12032,,
6844,12032,,
6845,12032,,
6846,12032,,
6847,12032,,
6848,12032,,
6849,12032,,
6850,12032,,
6851,12032,,
6852,12032,,
6853,12032,,
6854,12032,,
6855,12032,,
6856,12032,,
6857,12032,,
6858,12032,,
6859,12032,,
6860,12032,,
6861,12032,,
6862,12032,,
6863,12032,,
6864,12032,,
6865,12032,,
6866,12032,,
6867,12032,,
6868,12032,,
6869,12032,,
6870,12032,,
6871,12032,,
6872,12032,,
6873,12032,,
6874,12032,,
6875,12032,,
6876,12032,,
6877,12032,,
6878,12032,,
6879,12032,,
6880,12032,,
6881,12032,,
6882,12032,,
6883,12032,,
6884,12032,,
6885,12032,,
6886,12032,,
6887,12032,,
6888,12032,,
6889,12032,,
6890,12032,,
6891,12032,,
6892,12032,,
6893,12032,,
6894,12032,,
6895,12032,,
6896,12032,,
6897,12032,,
6898,12032,,
6899,12032,,
6900,12032,,
6901,12032,,
6902,12032,,
6903,12032,,
6904,12032,,
6905,12032,,
6906,12032,,
6907,12032,,
6908,12032,,
6909,12032,,
6910,12032,,
6911,12032,,
6912,12032,,
6913,12032,,
6914,12032,,
6915,12032,,
6916,12032,,
6917,12032,,
6918,12032,,
6919,12032,,
6920,12032,,
6921,12032,,
6922,12032,,
6923,12032,,
6924,12032,,
6925,12032,,
6926,12032,,
6927,12032,,
6928,12032,,
6929,12032,,
6930,12032,,
6931,12032,,
6932,12032,,
6933,12032,,
6934,12032,,
6935,12032,,
6936,12032,,
6937,12032,,
6938,12032,,
6939,12032,,
6940,12032,,
6941,12032,,
6942,12032,,
6943,12032,,
6944,12032,,
6945,12032,,
6946,12032,,
6947,12032,,
6948,12032,,
6949,12032,,
6950,12032,,
6951,12032,,
6952,12032,,
6953,12032,,
6954,12032,,
6955,12032,,
6956,12032,,
6957,12032,,
6958,12032,,
6959,12032,,
6960,12032,,
6961,12032,,
6962,12032,,
6963,12032,,
6964,12032,,
6965,12032,,
6966,12032,,
6967,12032,,
6968,12032,,
6969,12032,,
6970,12032,,
6971,12032,,
6972,12032,,
6973,12032,,
6974,12032,,
6975,12032,,
6976,12032,,
6977,12032,,
6978,12032,,
6979,12032,,
6980,12032,,
6981,12032,,
6982,12032,,
6983,12032,,
6984,12032,,
6985,12032,,
6986,12032,,
6987,12032,,
6988,12032,,
6989,12032,,
6990,12032,,
6991,12032,,
6992,12032,,
6993,12032,,
6994,12032,,
6995,12032,,
6996,12032,,
6997,12032,,
6998,12032,,
6999,12032,,
7000,12032,,
7001,12032,,
7002,12032,,
7003,12032,,
7004,12032,,
7005,12032,,
7006,12032,,
7007,12032,,
7008,12032,,
7009,12032,,
7010,12032,,
7011,12032,,
7012,12032,,
7013,12032,,
7014,12032,,
7015,12032,,
7016,12032,,
7017,12032,,
7018,12032,,
7019,12032,,
7020,12032,,
7021,12032,,
7022,12032,,
7023,12032,,
7024,12032,,
7025,12032,,
7026,12032,,
7027,12032,,
7028,12032,,
7029,12032,,
7030,12032,,
7031,12032,,
7032,12032,,
7033,12032,,
7034,12032,,
7035,12032,,
7036,12032,,
7037,12032,,
7038,12032,,
7039,12032,,
7040,12032,,
7041,12032,,
7042,12032,,
7043,12032,,
7044,12032,,
7045,12032,,
7046,12032,,
7047,12032,,
7048,12032,,
7049,12032,,
7050,12032,,
7051,12032,,
7052,12032,,
7053,12032,,
7054,12032,,
7055,12032,,
7056,12032,,
7057,12032,,
7058,12032,,
7059,12032,,
7060,12032,,
7061,12032,,
7062,12032,,
7063,12032,,
7064,12032,,
7065,12032,,
7066,12032,,
7067,12032,,
7068,12032,,
7069,12032,,
7070,12032,,
7071,12032,,
7072,12032,,
7073,12032,,
7074,12032,,
7075,12032,,
7076,12032,,
7077,12032,,
7078,12032,,
7079,12032,,
7080,12032,,
7081,12032,,
7082,12032,,
7083,12032,,
7084,12032,,
7085,12032,,
7086,12032,,
7087,12032,,
7088,12032,,
7089,12032,,
7090,12032,,
7091,12032,,
7092,12032,,
7093,12032,,
7094,12032,,
7095,12032,,
7096,12032,,
7097,12032,,
7098,12032,,
7099,12032,,
7100,12032,,
7101,12032,,
7102,12032,,
7103,12032,,
7104,12032,,
7105,12032,,
7106,12032,,
7107,12032,,
7108,12032,,
7109,12032,,
7110,12032,,
7111,12032,,
7112,12032,,
7113,12032,,
7114,12032,,
7115,12032,,
7116,12032,,
7117,12032,,
7118,12032,,
7119,12032,,
7120,12032,,
7121,12032,,
7122,12032,,
7123,12032,,
7124,12032,,
7125,12032,,
7126,12032,,
7127,12032,,
7128,12032,,
7129,12032,,
7130,12032,,
7131,12032,,
7132,12032,,
7133,12032,,
7134,12032,,
7135,12032,,
7136,12032,,
7137,12032,,
7138,12032,,
7139,12032,,
7140,12032,,
7141,12032,,
7142,12032,,
7143,12032,,
7144,12032,,
7145,12032,,
7146,12032,,
7147,12032,,
7148,12032,,
7149,12032,,
7150,12032,,
7151,12032,,
7152,12032,,
7153,12032,,
7154,12032,,
7155,12032,,
7156,12032,,
7157,12032,,
7158,12032,,
7159,12032,,
7160,12032,,
7161,12032,,
7162,12032,,
7163,12032,,
7164,12032,,
7165,12032,,
7166,12032,,
7167,12032,,
7168,12032,,
7169,12032,,
7170,12032,,
7171,12032,,
7172,12032,,
7173,12032,,
7174,12032,,
7175,12032,,
7176,12032,,
7177,12032,,
7178,12032,,
7179,12032,,
7180,12032,,
7181,12032,,
7182,12032,,
7183,12032,,
7184,12032,,
7185,12032,,
7186,12032,,
7187,12032,,
7188,12032,,
7189,12032,,
7190,12032,,
7191,12032,,
7192,12032,,
7193,12032,,
7194,12032,,
7195,12032,,
7196,12032,,
7197,12032,,
7198,12032,,
7199,12032,,
7200,12032,,
7201,12032,,
7202,12032,,
7203,12032,,
7204,12032,,
7205,12032,,
7206,12032,,
7207,12032,,
7208,12032,,
7209,12032,,
7210,12032,,
7211,12032,,
7212,12032,,
7213,12032,,
7214,12032,,
7215,12032,,
7216,12032,,
7217,12032,,
7218,12032,,
7219,12032,,
7220,12032,,
7221,12032,,
7222,12032,,
7223,12032,,
7224,12032,,
7225,12032,,
7226,12032,,
7227,12032,,
7228,12032,,
7229,12032,,
7230,12032,,
7231,12032,,
7232,12032,,
7233,12032,,
7234,12032,,
7235,12032,,
7236,12032,,
7237,12032,,
7238,12032,,
7239,12032,,
7240,12032,,
7241,12032,,
7242,12032,,
7243,12032,,
7244,12032,,
7245,12032,,
7246,12032,,
7247,12032,,
7248,12032,,
7249,12032,,
7250,12032,,
7251,12032,,
7252,12032,,
7253,12032,,
7254,12032,,
7255,12032,,
7256,12032,,
7257,12032,,
7258,12032,,
7259,12032,,
7260,12032,,
7261,12032,,
7262,12032,,
7263,12032,,
7264,12032,,
7265,12032,,
7266,12032,,
7267,12032,,
7268,12032,,
7269,12032,,
7270,12032,,
7271,12032,,
7272,12032,,
7273,12032,,
7274,12032,,
7275,12032,,
7276,12032,,
7277,12032,,
7278,12032,,
7279,12032,,
7280,12032,,
7281,12032,,
7282,12032,,
7283,12032,,
7284,12032,,
7285,12032,,
7286,12032,,
7287,12032,,
7288,12032,,
7289,12032,,
7290,12032,,
7291,12032,,
7292,12032,,
7293,12032,,
7294,12032,,
7295,12032,,
7296,12032,,
7297,12032,,
7298,12032,,
7299,12032,,
7300,12032,,
7301,12032,,
7302,12032,,
7303,12032,,
7304,12032,,
7305,12032,,
7306,12032,,
7307,12032,,
7308,12032,,
7309,12032,,
7310,12032,,
7311,12032,,
7312,12032,,
7313,12032,,
7314,12032,,
7315,12032,,
7316,12032,,
7317,12032,,
7318,12032,,
7319,12032,,
7320,12032,,
7321,12032,,
7322,12032,,
7323,12032,,
7324,12032,,
7325,12032,,
7326,12032,,
7327,12032,,
7328,12032,,
7329,12032,,
7330,12032,,
7331,12032,,
7332,12032,,
7333,12032,,
7334,12032,,
7335,12032,,
7336,12032,,
7337,12032,,
7338,12032,,
7339,12032,,
7340,12032,,
7341,12032,,
7342,12032,,
7343,12032,,
7344,12032,,
7345,12032,,
7346,12032,,
7347,12032,,
7348,12032,,
7349,12032,,
7350,12032,,
7351,12032,,
7352,12032,,
7353,12032,,
7354,12032,,
7355,12032,,
7356,12032,,
7357,12032,,
7358,12032,,
7359,12032,,
7360,12032,,
7361,12032,,
7362,12032,,
7363,12032,,
7364,12032,,
7365,12032,,
7366,12032,,
7367,12032,,
7368,12032,,
7369,12032,,
7370,12032,,
7371,12032,,
7372,12032,,
7373,12032,,
7374,12032,,
7375,12032,,
7376,12032,,
7377,12032,,
7378,12032,,
7379,12032,,
7380,12032,,
7381,12032,,
7382,12032,,
7383,12032,,
7384,12032,,
7385,12032,,
7386,12032,,
7387,12032,,
7388,12032,,
7389,12032,,
7390,12032,,
7391,12032,,
7392,12032,,
7393,12032,,
7394,12032,,
7395,12032,,
7396,12032,,
7397,12032,,
7398,12032,,
7399,12032,,
7400,12032,,
7401,12032,,
7402,12032,,
7403,12032,,
7404,12032,,
7405,12032,,
7406,12032,,
7407,12032,,
7408,12032,,
7409,12032,,
7410,12032,,
7411,12032,,
7412,12032,,
7413,12032,,
7414,12032,,
7415,12032,,
7416,12032,,
7417,12032,,
7418,12032,,
7419,12032,,
7420,12032,,
7421,12032,,
7422,12032,,
7423,12032,,
7424,12032,,
7425,12032,,
7426,12032,,
7427,12032,,
7428,12032,,
7429,12032,,
7430,12032,,
7431,12032,,
7432,12032,,
7433,12032,,
7434,12032,,
7435,12032,,
7436,12032,,
7437,12032,,
7438,12032,,
7439,12032,,
7440,12032,,
7441,12032,,
7442,12032,,
7443,12032,,
7444,12032,,
7445,12032,,
7446,12032,,
7447,12032,,
7448,12032,,
7449,12032,,
7450,12032,,
7451,12032,,
7452,12032,,
7453,12032,,
7454,12032,,
7455,12032,,
7456,12032,,
7457,12032,,
7458,12032,,
7459,12032,,
7460,12032,,
7461,12032,,
7462,12032,,
7463,12032,,
7464,12032,,
7465,12032,,
7466,12032,,
7467,12032,,
7468,12032,,
7469,12032,,
7470,12032,,
7471,12032,,
7472,12032,,
7473,12032,,
7474,12032,,
7475,12032,,
7476,12032,,
7477,12032,,
7478,12032,,
7479,12032,,
7480,12032,,
7481,12032,,
7482,12032,,
7483,12032,,
7484,12032,,
7485,12032,,
7486,12032,,
7487,12032,,
7488,12032,,
7489,12032,,
7490,12032,,
7491,12032,,
7492,12032,,
7493,12032,,
7494,12032,,
7495,12032,,
7496,12032,,
7497,12032,,
7498,12032,,
7499,12032,,
7500,12032,,
7501,12032,,
7502,12032,,
7503,12032,,
7504,12032,,
7505,12032,,
7506,12032,,
7507,12032,,
7508,12032,,
7509,12032,,
7510,12032,,
7511,12032,,
7512,12032,,
7513,12032,,
7514,12032,,
7515,12032,,
7516,12032,,
7517,12032,,
7518,12032,,
7519,12032,,
7520,12032,,
7521,12032,,
7522,12032,,
7523,12032,,
7524,12032,,
7525,12032,,
7526,12032,,
7527,12032,,
7528,12032,,
7529,12032,,
7530,12032,,
7531,12032,,
7532,12032,,
7533,12032,,
7534,12032,,
7535,12032,,
7536,12032,,
7537,12032,,
7538,12032,,
7539,12032,,
7540,12032,,
7541,12032,,
7542,12032,,
7543,12032,,
7544,12032,,
7545,12032,,
7546,12032,,
7547,12032,,
7548,12032,,
7549,12032,,
7550,12032,,
7551,12032,,
7552,12032,,
7553,12032,,
7554,12032,,
7555,12032,,
7556,12032,,
7557,12032,,
7558,12032,,
7559,12032,,
7560,12032,,
7561,12032,,
7562,12032,,
7563,12032,,
7564,12032,,
7565,12032,,
7566,12032,,
7567,12032,,
7568,12032,,
7569,12032,,
7570,12032,,
7571,12032,,
7572,12032,,
7573,12032,,
7574,12032,,
7575,12032,,
7576,12032,,
7577,12032,,
7578,12032,,
7579,12032,,
7580,12032,,
7581,12032,,
7582,12032,,
7583,12032,,
7584,12032,,
7585,12032,,
7586,12032,,
7587,12032,,
7588,12032,,
7589,12032,,
7590,12032,,
7591,12032,,
7592,12032,,
7593,12032,,
7594,12032,,
7595,12032,,
7596,12032,,
7597,12032,,
7598,12032,,
7599,12032,,
7600,12032,,
7601,12032,,
7602,12032,,
7603,12032,,
7604,12032,,
7605,12032,,
7606,12032,,
7607,12032,,
7608,12032,,
7609,12032,,
7610,12032,,
7611,12032,,
7612,12032,,
7613,12032,,
7614,12032,,
7615,12032,,
7616,12032,,
7617,12032,,
7618,12032,,
7619,12032,,
7620,12032,,
7621,12032,,
7622,12032,,
7623,12032,,
7624,12032,,
7625,12032,,
7626,12032,,
7627,12032,,
7628,12032,,
7629,12032,,
7630,12032,,
7631,12032,,
7632,12032,,
7633,12032,,
7634,12032,,
7635,12032,,
7636,12032,,
7637,12032,,
7638,12032,,
7639,12032,,
7640,12032,,
7641,12032,,
7642,12032,,
7643,12032,,
7644,12032,,
7645,12032,,
7646,12032,,
7647,12032,,
7648,12032,,
7649,12032,,
7650,12032,,
7651,12032,,
7652,12032,,
7653,12032,,
7654,12032,,
7655,12032,,
7656,12032,,
7657,12032,,
7658,12032,,
7659,12032,,
7660,12032,,
7661,12032,,
7662,12032,,
7663,12032,,
7664,12032,,
7665,12032,,
7666,12032,,
7667,12032,,
7668,12032,,
7669,12032,,
7670,12032,,
7671,12032,,
7672,12032,,
7673,12032,,
7674,12032,,
7675,12032,,
7676,12032,,
7677,12032,,
7678,12032,,
7679,12032,,
7680,12032,,
7681,12032,,
7682,12032,,
7683,12032,,
7684,12032,,
7685,12032,,
7686,12032,,
7687,12032,,
7688,12032,,
7689,12032,,
7690,12032,,
7691,12032,,
7692,12032,,
7693,12032,,
7694,12032,,
7695,12032,,
7696,12032,,
7697,12032,,
7698,12032,,
7699,12032,,
7700,12032,,
7701,12032,,
7702,12032,,
7703,12032,,
7704,12032,,
7705,12032,,
7706,12032,,
7707,12032,,
7708,12032,,
7709,12032,,
7710,12032,,
7711,12032,,
7712,12032,,
7713,12032,,
7714,12032,,
7715,12032,,
7716,12032,,
7717,12032,,
7718,12032,,
7719,12032,,
7720,12032,,
7721,12032,,
7722,12032,,
7723,12032,,
7724,12032,,
7725,12032,,
7726,12032,,
7727,12032,,
7728,12032,,
7729,12032,,
7730,12032,,
7731,12032,,
7732,12032,,
7733,12032,,
7734,12032,,
7735,12032,,
7736,12032,,
7737,12032,,
7738,12032,,
7739,12032,,
7740,12032,,
7741,12032,,
7742,12032,,
7743,12032,,
7744,12032,,
7745,12032,,
7746,12032,,
7747,12032,,
7748,12032,,
7749,12032,,
7750,12032,,
7751,12032,,
7752,12032,,
7753,12032,,
7754,12032,,
7755,12032,,
7756,12032,,
7757,12032,,
7758,12032,,
7759,12032,,
7760,12032,,
7761,12032,,
7762,12032,,
7763,12032,,
7764,12032,,
7765,12032,,
7766,12032,,
7767,12032,,
7768,12032,,
7769,12032,,
7770,12032,,
7771,12032,,
7772,12032,,
7773,12032,,
7774,12032,,
7775,12032,,
7776,12032,,
7777,12032,,
7778,12032,,
7779,12032,,
7780,12032,,
7781,12032,,
7782,12032,,
7783,12032,,
7784,12032,,
7785,12032,,
7786,12032,,
7787,12032,,
7788,12032,,
7789,12032,,
7790,12032,,
7791,12032,,
7792,12032,,
7793,12032,,
7794,12032,,
7795,12032,,
7796,12032,,
7797,12032,,
7798,12032,,
7799,12032,,
7800,12032,,
7801,12032,,
7802,12032,,
7803,12032,,
7804,12032,,
7805,12032,,
7806,12032,,
7807,12032,,
7808,12032,,
7809,12032,,
7810,12032,,
7811,12032,,
7812,12032,,
7813,12032,,
7814,12032,,
7815,12032,,
7816,12032,,
7817,12032,,
7818,12032,,
7819,12032,,
7820,12032,,
7821,12032,,
7822,12032,,
7823,12032,,
7824,12032,,
7825,12032,,
7826,12032,,
7827,12032,,
7828,12032,,
7829,12032,,
7830,12032,,
7831,12032,,
7832,12032,,
7833,12032,,
7834,12032,,
7835,12032,,
7836,12032,,
7837,12032,,
7838,12032,,
7839,12032,,
7840,12032,,
7841,12032,,
7842,12032,,
7843,12032,,
7844,12032,,
7845,12032,,
7846,12032,,
7847,12032,,
7848,12032,,
7849,12032,,
7850,12032,,
7851,12032,,
7852,12032,,
7853,12032,,
7854,12032,,
7855,12032,,
7856,12032,,
7857,12032,,
7858,12032,,
7859,12032,,
7860,12032,,
7861,12032,,
7862,12032,,
7863,12032,,
7864,12032,,
7865,12032,,
7866,12032,,
7867,12032,,
7868,12032,,
7869,12032,,
7870,12032,,
7871,12032,,
7872,12032,,
7873,12032,,
7874,12032,,
7875,12032,,
7876,12032,,
7877,12032,,
7878,12032,,
7879,12032,,
7880,12032,,
7881,12032,,
7882,12032,,
7883,12032,,
7884,12032,,
7885,12032,,
7886,12032,,
7887,12032,,
7888,12032,,
7889,12032,,
7890,12032,,
7891,12032,,
7892,12032,,
7893,12032,,
7894,12032,,
7895,12032,,
7896,12032,,
7897,12032,,
7898,12032,,
7899,12032,,
7900,12032,,
7901,12032,,
7902,12032,,
7903,12032,,
7904,12032,,
7905,12032,,
7906,12032,,
7907,12032,,
7908,12032,,
7909,12032,,
7910,12032,,
7911,12032,,
7912,12032,,
7913,12032,,
7914,12032,,
7915,12032,,
7916,12032,,
7917,12032,,
7918,12032,,
7919,12032,,
7920,12032,,
7921,12032,,
7922,12032,,
7923,12032,,
7924,12032,,
7925,12032,,
7926,12032,,
7927,12032,,
7928,12032,,
7929,12032,,
7930,12032,,
7931,12032,,
7932,12032,,
7933,12032,,
7934,12032,,
7935,12032,,
7936,12032,,
7937,12032,,
7938,12032,,
7939,12032,,
7940,12032,,
7941,12032,,
7942,12032,,
7943,12032,,
7944,12032,,
7945,12032,,
7946,12032,,
7947,12032,,
7948,12032,,
7949,12032,,
7950,12032,,
7951,12032,,
7952,12032,,
7953,12032,,
7954,12032,,
7955,12032,,
7956,12032,,
7957,12032,,
7958,12032,,
7959,12032,,
7960,12032,,
7961,12032,,
7962,12032,,
7963,12032,,
7964,12032,,
7965,12032,,
7966,12032,,
7967,12032,,
7968,12032,,
7969,12032,,
7970,12032,,
7971,12032,,
7972,12032,,
7973,12032,,
7974,12032,,
7975,12032,,
7976,12032,,
7977,12032,,
7978,12032,,
7979,12032,,
7980,12032,,
7981,12032,,
7982,12032,,
7983,12032,,
7984,12032,,
7985,12032,,
7986,12032,,
7987,12032,,
7988,12032,,
7989,12032,,
7990,12032,,
7991,12032,,
7992,12032,,
7993,12032,,
7994,12032,,
7995,12032,,
7996,12032,,
7997,12032,,
7998,12032,,
7999,12032,,
8000,12032,,
8001,12032,,
8002,12032,,
8003,12032,,
8004,12032,,
8005,12032,,
8006,12032,,
8007,12032,,
8008,12032,,
8009,12032,,
8010,12032,,
8011,12032,,
8012,12032,,
8013,12032,,
8014,12032,,
8015,12032,,
8016,12032,,
8017,12032,,
8018,12032,,
8019,12032,,
8020,12032,,
8021,12032,,
8022,12032,,
8023,12032,,
8024,12032,,
8025,12032,,
8026,12032,,
8027,12032,,
8028,12032,,
8029,12032,,
8030,12032,,
8031,12032,,
8032,12032,,
8033,12032,,
8034,12032,,
8035,12032,,
8036,12032,,
8037,12032,,
8038,12032,,
8039,12032,,
8040,12032,,
8041,12032,,
8042,12032,,
8043,12032,,
8044,12032,,
8045,12032,,
8046,12032,,
8047,12032,,
8048,12032,,
8049,12032,,
8050,12032,,
8051,12032,,
8052,12032,,
8053,12032,,
8054,12032,,
8055,12032,,
8056,12032,,
8057,12032,,
8058,12032,,
8059,12032,,
8060,12032,,
8061,12032,,
8062,12032,,
8063,12032,,
8064,12032,,
8065,12032,,
8066,12032,,
8067,12032,,
8068,12032,,
8069,12032,,
8070,12032,,
8071,12032,,
8072,12032,,
8073,12032,,
8074,12032,,
8075,12032,,
8076,12032,,
8077,12032,,
8078,12032,,
8079,12032,,
8080,12032,,
8081,12032,,
8082,12032,,
8083,12032,,
8084,12032,,
8085,12032,,
8086,12032,,
8087,12032,,
8088,12032,,
8089,12032,,
8090,12032,,
8091,12032,,
8092,12032,,
8093,12032,,
8094,12032,,
8095,12032,,
8096,12032,,
8097,12032,,
8098,12032,,
8099,12032,,
8100,12032,,
8101,12032,,
8102,12032,,
8103,12032,,
8104,12032,,
8105,12032,,
8106,12032,,
8107,12032,,
8108,12032,,
8109,12032,,
8110,12032,,
8111,12032,,
8112,12032,,
8113,12032,,
8114,12032,,
8115,12032,,
8116,12032,,
8117,12032,,
8118,12032,,
8119,12032,,
8120,12032,,
8121,12032,,
8122,12032,,
8123,12032,,
8124,12032,,
8125,12032,,
8126,12032,,
8127,12032,,
8128,12032,,
8129,12032,,
8130,12032,,
8131,12032,,
8132,12032,,
8133,12032,,
8134,12032,,
8135,12032,,
8136,12032,,
8137,12032,,
8138,12032,,
8139,12032,,
8140,12032,,
8141,12032,,
8142,12032,,
8143,12032,,
8144,12032,,
8145,12032,,
8146,12032,,
8147,12032,,
8148,12032,,
8149,12032,,
8150,12032,,
8151,12032,,
8152,12032,,
8153,12032,,
8154,12032,,
8155,12032,,
8156,12032,,
8157,12032,,
8158,12032,,
8159,12032,,
8160,12032,,
8161,12032,,
8162,12032,,
8163,12032,,
8164,12032,,
8165,12032,,
8166,12032,,
8167,12032,,
8168,12032,,
8169,12032,,
8170,12032,,
8171,12032,,
8172,12032,,
8173,12032,,
8174,12032,,
8175,12032,,
8176,12032,,
8177,12032,,
8178,12032,,
8179,12032,,
8180,12032,,
8181,12032,,
8182,12032,,
8183,12032,,
8184,12032,,
8185,12032,,
8186,12032,,
8187,12032,,
8188,12032,,
8189,12032,,
8190,12032,,
8191,12032,,
8192,12032,,
8193,12032,,
8194,12032,,
8195,12032,,
8196,12032,,
8197,12032,,
8198,12032,,
8199,12032,,
8200,12032,,
8201,12032,,
8202,12032,,
8203,12032,,
8204,12032,,
8205,12032,,
8206,12032,,
8207,12032,,
8208,12032,,
8209,12032,,
8210,12032,,
8211,12032,,
8212,12032,,
8213,12032,,
8214,12032,,
8215,12032,,
8216,12032,,
8217,12032,,
8218,12032,,
8219,12032,,
8220,12032,,
8221,12032,,
8222,12032,,
8223,12032,,
8224,12032,,
8225,12032,,
8226,12032,,
8227,12032,,
8228,12032,,
8229,12032,,
8230,12032,,
8231,12032,,
8232,12032,,
8233,12032,,
8234,12032,,
8235,12032,,
8236,12032,,
8237,12032,,
8238,12032,,
8239,12032,,
8240,12032,,
8241,12032,,
8242,12032,,
8243,12032,,
8244,12032,,
8245,12032,,
8246,12032,,
8247,12032,,
8248,12032,,
8249,12032,,
8250,12032,,
8251,12032,,
8252,12032,,
8253,12032,,
8254,12032,,
8255,12032,,
8256,12032,,
8257,12032,,
8258,12032,,
8259,12032,,
8260,12032,,
8261,12032,,
8262,12032,,
8263,12032,,
8264,12032,,
8265,12032,,
8266,12032,,
8267,12032,,
8268,12032,,
8269,12032,,
8270,12032,,
8271,12032,,
8272,12032,,
8273,12032,,
8274,12032,,
8275,12032,,
8276,12032,,
8277,12032,,
8278,12032,,
8279,12032,,
8280,12032,,
8281,12032,,
8282,12032,,
8283,12032,,
8284,12032,,
8285,12032,,
8286,12032,,
8287,12032,,
8288,12032,,
8289,12032,,
8290,12032,,
8291,12032,,
8292,12032,,
8293,12032,,
8294,12032,,
8295,12032,,
8296,12032,,
8297,12032,,
8298,12032,,
8299,12032,,
8300,12032,,
8301,12032,,
8302,12032,,
8303,12032,,
8304,12032,,
8305,12032,,
8306,12032,,
8307,12032,,
8308,12032,,
8309,12032,,
8310,12032,,
8311,12032,,
8312,12032,,
8313,12032,,
8314,12032,,
8315,12032,,
8316,12032,,
8317,12032,,
8318,12032,,
8319,12032,,
8320,12032,,
8321,12032,,
8322,12032,,
8323,12032,,
8324,12032,,
8325,12032,,
8326,12032,,
8327,12032,,
8328,12032,,
8329,12032,,
8330,12032,,
8331,12032,,
8332,12032,,
8333,12032,,
8334,12032,,
8335,12032,,
8336,12032,,
8337,12032,,
8338,12032,,
8339,12032,,
8340,12032,,
8341,12032,,
8342,12032,,
8343,12032,,
8344,12032,,
8345,12032,,
8346,12032,,
8347,12032,,
8348,12032,,
8349,12032,,
8350,12032,,
8351,12032,,
8352,12032,,
8353,12032,,
8354,12032,,
8355,12032,,
8356,12032,,
8357,12032,,
8358,12032,,
8359,12032,,
8360,12032,,
8361,12032,,
8362,12032,,
8363,12032,,
8364,12032,,
8365,12032,,
8366,12032,,
8367,12032,,
8368,12032,,
8369,12032,,
8370,12032,,
8371,12032,,
8372,12032,,
8373,12032,,
8374,12032,,
8375,12032,,
8376,12032,,
8377,12032,,
8378,12032,,
8379,12032,,
8380,12032,,
8381,12032,,
8382,12032,,
8383,12032,,
8384,12032,,
8385,12032,,
8386,12032,,
8387,12032,,
8388,12032,,
8389,12032,,
8390,12032,,
8391,12032,,
8392,12032,,
8393,12032,,
8394,12032,,
8395,12032,,
8396,12032,,
8397,12032,,
8398,12032,,
8399,12032,,
8400,12032,,
8401,12032,,
8402,12032,,
8403,12032,,
8404,12032,,
8405,12032,,
8406,12032,,
8407,12032,,
8408,12032,,
8409,12032,,
8410,12032,,
8411,12032,,
8412,12032,,
8413,12032,,
8414,12032,,
8415,12032,,
8416,12032,,
8417,12032,,
8418,12032,,
8419,12032,,
8420,12032,,
8421,12032,,
8422,12032,,
8423,12032,,
8424,12032,,
8425,12032,,
8426,12032,,
8427,12032,,
8428,12032,,
8429,12032,,
8430,12032,,
8431,12032,,
8432,12032,,
8433,12032,,
8434,12032,,
8435,12032,,
8436,12032,,
8437,12032,,
8438,12032,,
8439,12032,,
8440,12032,,
8441,12032,,
8442,12032,,
8443,12032,,
8444,12032,,
8445,12032,,
8446,12032,,
8447,12032,,
8448,12032,,
8449,12032,,
8450,12032,,
8451,12032,,
8452,12032,,
8453,12032,,
8454,12032,,
8455,12032,,
8456,12032,,
8457,12032,,
8458,12032,,
8459,12032,,
8460,12032,,
8461,12032,,
8462,12032,,
8463,12032,,
8464,12032,,
8465,12032,,
8466,12032,,
8467,12032,,
8468,12032,,
8469,12032,,
8470,12032,,
8471,12032,,
8472,12032,,
8473,12032,,
8474,12032,,
8475,12032,,
8476,12032,,
8477,12032,,
8478,12032,,
8479,12032,,
8480,12032,,
8481,12032,,
8482,12032,,
8483,12032,,
8484,12032,,
8485,12032,,
8486,12032,,
8487,12032,,
8488,12032,,
8489,12032,,
8490,12032,,
8491,12032,,
8492,12032,,
8493,12032,,
8494,12032,,
8495,12032,,
8496,12032,,
8497,12032,,
8498,12032,,
8499,12032,,
8500,12032,,
8501,12032,,
8502,12032,,
8503,12032,,
8504,12032,,
8505,12032,,
8506,12032,,
8507,12032,,
8508,12032,,
8509,12032,,
8510,12032,,
8511,12032,,
8512,12032,,
8513,12032,,
8514,12032,,
8515,12032,,
8516,12032,,
8517,12032,,
8518,12032,,
8519,12032,,
8520,12032,,
8521,12032,,
8522,12032,,
8523,12032,,
8524,12032,,
8525,12032,,
8526,12032,,
8527,12032,,
8528,12032,,
8529,12032,,
8530,12032,,
8531,12032,,
8532,12032,,
8533,12032,,
8534,12032,,
8535,12032,,
8536,12032,,
8537,12032,,
8538,12032,,
8539,12032,,
8540,12032,,
8541,12032,,
8542,12032,,
8543,12032,,
8544,12032,,
8545,12032,,
8546,12032,,
8547,12032,,
8548,12032,,
8549,12032,,
8550,12032,,
8551,12032,,
8552,12032,,
8553,12032,,
8554,12032,,
8555,12032,,
8556,12032,,
8557,12032,,
8558,12032,,
8559,12032,,
8560,12032,,
8561,12032,,
8562,12032,,
8563,12032,,
8564,12032,,
8565,12032,,
8566,12032,,
8567,12032,,
8568,12032,,
8569,12032,,
8570,12032,,
8571,12032,,
8572,12032,,
8573,12032,,
8574,12032,,
8575,12032,,
8576,12032,,
8577,12032,,
8578,12032,,
8579,12032,,
8580,12032,,
8581,12032,,
8582,12032,,
8583,12032,,
8584,12032,,
8585,12032,,
8586,12032,,
8587,12032,,
8588,12032,,
8589,12032,,
8590,12032,,
8591,12032,,
8592,12032,,
8593,12032,,
8594,12032,,
8595,12032,,
8596,12032,,
8597,12032,,
8598,12032,,
8599,12032,,
8600,12032,,
8601,12032,,
8602,12032,,
8603,12032,,
8604,12032,,
8605,12032,,
8606,12032,,
8607,12032,,
8608,12032,,
8609,12032,,
8610,12032,,
8611,12032,,
8612,12032,,
8613,12032,,
8614,12032,,
8615,12032,,
8616,12032,,
8617,12032,,
8618,12032,,
8619,12032,,
8620,12032,,
8621,12032,,
8622,12032,,
8623,12032,,
8624,12032,,
8625,12032,,
8626,12032,,
8627,12032,,
8628,12032,,
8629,12032,,
8630,12032,,
8631,12032,,
8632,12032,,
8633,12032,,
8634,12032,,
8635,12032,,
8636,12032,,
8637,12032,,
8638,12032,,
8639,12032,,
8640,12032,,
8641,12032,,
8642,12032,,
8643,12032,,
8644,12032,,
8645,12032,,
8646,12032,,
8647,12032,,
8648,12032,,
8649,12032,,
8650,12032,,
8651,12032,,
8652,12032,,
8653,12032,,
8654,12032,,
8655,12032,,
8656,12032,,
8657,12032,,
8658,12032,,
8659,12032,,
8660,12032,,
8661,12032,,
8662,12032,,
8663,12032,,
8664,12032,,
8665,12032,,
8666,12032,,
8667,12032,,
8668,12032,,
8669,12032,,
8670,12032,,
8671,12032,,
8672,12032,,
8673,12032,,
8674,12032,,
8675,12032,,
8676,12032,,
8677,12032,,
8678,12032,,
8679,12032,,
8680,12032,,
8681,12032,,
8682,12032,,
8683,12032,,
8684,12032,,
8685,12032,,
8686,12032,,
8687,12032,,
8688,12032,,
8689,12032,,
8690,12032,,
8691,12032,,
8692,12032,,
8693,12032,,
8694,12032,,
8695,12032,,
8696,12032,,
8697,12032,,
8698,12032,,
8699,12032,,
8700,12032,,
8701,12032,,
8702,12032,,
8703,12032,,
8704,12032,,
8705,12032,,
8706,12032,,
8707,12032,,
8708,12032,,
8709,12032,,
8710,12032,,
8711,12032,,
8712,12032,,
8713,12032,,
8714,12032,,
8715,12032,,
8716,12032,,
8717,12032,,
8718,12032,,
8719,12032,,
8720,12032,,
8721,12032,,
8722,12032,,
8723,12032,,
8724,12032,,
8725,12032,,
8726,12032,,
8727,12032,,
8728,12032,,
8729,12032,,
8730,12032,,
8731,12032,,
8732,12032,,
8733,12032,,
8734,12032,,
8735,12032,,
8736,12032,,
8737,12032,,
8738,12032,,
8739,12032,,
8740,12032,,
8741,12032,,
8742,12032,,
8743,12032,,
8744,12032,,
8745,12032,,
8746,12032,,
8747,12032,,
8748,12032,,
8749,12032,,
8750,12032,,
8751,12032,,
8752,12032,,
8753,12032,,
8754,12032,,
8755,12032,,
8756,12032,,
8757,12032,,
8758,12032,,
8759,12032,,
8760,12032,,
8761,12032,,
8762,12032,,
8763,12032,,
8764,12032,,
8765,12032,,
8766,12032,,
8767,12032,,
8768,12032,,
8769,12032,,
8770,12032,,
8771,12032,,
8772,12032,,
8773,12032,,
8774,12032,,
8775,12032,,
8776,12032,,
8777,12032,,
8778,12032,,
8779,12032,,
8780,12032,,
8781,12032,,
8782,12032,,
8783,12032,,
8784,12032,,
8785,12032,,
8786,12032,,
8787,12032,,
8788,12032,,
8789,12032,,
8790,12032,,
8791,12032,,
8792,12032,,
8793,12032,,
8794,12032,,
8795,12032,,
8796,12032,,
8797,12032,,
8798,12032,,
8799,12032,,
8800,12032,,
8801,12032,,
8802,12032,,
8803,12032,,
8804,12032,,
8805,12032,,
8806,12032,,
8807,12032,,
8808,12032,,
8809,12032,,
8810,12032,,
8811,12032,,
8812,12032,,
8813,12032,,
8814,12032,,
8815,12032,,
8816,12032,,
8817,12032,,
8818,12032,,
8819,12032,,
8820,12032,,
8821,12032,,
8822,12032,,
8823,12032,,
8824,12032,,
8825,12032,,
8826,12032,,
8827,12032,,
8828,12032,,
8829,12032,,
8830,12032,,
8831,12032,,
8832,12032,,
8833,12032,,
8834,12032,,
8835,12032,,
8836,12032,,
8837,12032,,
8838,12032,,
8839,12032,,
8840,12032,,
8841,12032,,
8842,12032,,
8843,12032,,
8844,12032,,
8845,12032,,
8846,12032,,
8847,12032,,
8848,12032,,
8849,12032,,
8850,12032,,
8851,12032,,
8852,12032,,
8853,12032,,
8854,12032,,
8855,12032,,
8856,12032,,
8857,12032,,
8858,12032,,
8859,12032,,
8860,12032,,
8861,12032,,
8862,12032,,
8863,12032,,
8864,12032,,
8865,12032,,
8866,12032,,
8867,12032,,
8868,12032,,
8869,12032,,
8870,12032,,
8871,12032,,
8872,12032,,
8873,12032,,
8874,12032,,
8875,12032,,
8876,12032,,
8877,12032,,
8878,12032,,
8879,12032,,
8880,12032,,
8881,12032,,
8882,12032,,
8883,12032,,
8884,12032,,
8885,12032,,
8886,12032,,
8887,12032,,
8888,12032,,
8889,12032,,
8890,12032,,
8891,12032,,
8892,12032,,
8893,12032,,
8894,12032,,
8895,12032,,
8896,12032,,
8897,12032,,
8898,12032,,
8899,12032,,
8900,12032,,
8901,12032,,
8902,12032,,
8903,12032,,
8904,12032,,
8905,12032,,
8906,12032,,
8907,12032,,
8908,12032,,
8909,12032,,
8910,12032,,
8911,12032,,
8912,12032,,
8913,12032,,
8914,12032,,
8915,12032,,
8916,12032,,
8917,12032,,
8918,12032,,
8919,12032,,
8920,12032,,
8921,12032,,
8922,12032,,
8923,12032,,
8924,12032,,
8925,12032,,
8926,12032,,
8927,12032,,
8928,12032,,
8929,12032,,
8930,12032,,
8931,12032,,
8932,12032,,
8933,12032,,
8934,12032,,
8935,12032,,
8936,12032,,
8937,12032,,
8938,12032,,
8939,12032,,
8940,12032,,
8941,12032,,
8942,12032,,
8943,12032,,
8944,12032,,
8945,12032,,
8946,12032,,
8947,12032,,
8948,12032,,
8949,12032,,
8950,12032,,
8951,12032,,
8952,12032,,
8953,12032,,
8954,12032,,
8955,12032,,
8956,12032,,
8957,12032,,
8958,12032,,
8959,12032,,
8960,12032,,
8961,12032,,
8962,12032,,
8963,12032,,
8964,12032,,
8965,12032,,
8966,12032,,
8967,12032,,
8968,12032,,
8969,12032,,
8970,12032,,
8971,12032,,
8972,12032,,
8973,12032,,
8974,12032,,
8975,12032,,
8976,12032,,
8977,12032,,
8978,12032,,
8979,12032,,
8980,12032,,
8981,12032,,
8982,12032,,
8983,12032,,
8984,12032,,
8985,12032,,
8986,12032,,
8987,12032,,
8988,12032,,
8989,12032,,
8990,12032,,
8991,12032,,
8992,12032,,
8993,12032,,
8994,12032,,
8995,12032,,
8996,12032,,
8997,12032,,
8998,12032,,
8999,12032,,
9000,12032,,
9001,12032,,
9002,12032,,
9003,12032,,
9004,12032,,
9005,12032,,
9006,12032,,
9007,12032,,
9008,12032,,
9009,12032,,
9010,12032,,
9011,12032,,
9012,12032,,
9013,12032,,
9014,12032,,
9015,12032,,
9016,12032,,
9017,12032,,
9018,12032,,
9019,12032,,
9020,12032,,
9021,12032,,
9022,12032,,
9023,12032,,
9024,12032,,
9025,12032,,
9026,12032,,
9027,12032,,
9028,12032,,
9029,12032,,
9030,12032,,
9031,12032,,
9032,12032,,
9033,12032,,
9034,12032,,
9035,12032,,
9036,12032,,
9037,12032,,
9038,12032,,
9039,12032,,
9040,12032,,
9041,12032,,
9042,12032,,
9043,12032,,
9044,12032,,
9045,12032,,
9046,12032,,
9047,12032,,
9048,12032,,
9049,12032,,
9050,12032,,
9051,12032,,
9052,12032,,
9053,12032,,
9054,12032,,
9055,12032,,
9056,12032,,
9057,12032,,
9058,12032,,
9059,12032,,
9060,12032,,
9061,12032,,
9062,12032,,
9063,12032,,
9064,12032,,
9065,12032,,
9066,12032,,
9067,12032,,
9068,12032,,
9069,12032,,
9070,12032,,
9071,12032,,
9072,12032,,
9073,12032,,
9074,12032,,
9075,12032,,
9076,12032,,
9077,12032,,
9078,12032,,
9079,12032,,
9080,12032,,
9081,12032,,
9082,12032,,
9083,12032,,
9084,12032,,
9085,12032,,
9086,12032,,
9087,12032,,
9088,12032,,
9089,12032,,
9090,12032,,
9091,12032,,
9092,12032,,
9093,12032,,
9094,12032,,
9095,12032,,
9096,12032,,
9097,12032,,
9098,12032,,
9099,12032,,
9100,12032,,
9101,12032,,
9102,12032,,
9103,12032,,
9104,12032,,
9105,12032,,
9106,12032,,
9107,12032,,
9108,12032,,
9109,12032,,
9110,12032,,
9111,12032,,
9112,12032,,
9113,12032,,
9114,12032,,
9115,12032,,
9116,12032,,
9117,12032,,
9118,12032,,
9119,12032,,
9120,12032,,
9121,12032,,
9122,12032,,
9123,12032,,
9124,12032,,
9125,12032,,
9126,12032,,
9127,12032,,
9128,12032,,
9129,12032,,
9130,12032,,
9131,12032,,
9132,12032,,
9133,12032,,
9134,12032,,
9135,12032,,
9136,12032,,
9137,12032,,
9138,12032,,
9139,12032,,
9140,12032,,
9141,12032,,
9142,12032,,
9143,12032,,
9144,12032,,
9145,12032,,
9146,12032,,
9147,12032,,
9148,12032,,
9149,12032,,
9150,12032,,
9151,12032,,
9152,12032,,
9153,12032,,
9154,12032,,
9155,12032,,
9156,12032,,
9157,12032,,
9158,12032,,
9159,12032,,
9160,12032,,
9161,12032,,
9162,12032,,
9163,12032,,
9164,12032,,
9165,12032,,
9166,12032,,
9167,12032,,
9168,12032,,
9169,12032,,
9170,12032,,
9171,12032,,
9172,12032,,
9173,12032,,
9174,12032,,
9175,12032,,
9176,12032,,
9177,12032,,
9178,12032,,
9179,12032,,
9180,12032,,
9181,12032,,
9182,12032,,
9183,12032,,
9184,12032,,
9185,12032,,
9186,12032,,
9187,12032,,
9188,12032,,
9189,12032,,
9190,12032,,
9191,12032,,
9192,12032,,
9193,12032,,
9194,12032,,
9195,12032,,
9196,12032,,
9197,12032,,
9198,12032,,
9199,12032,,
9200,12032,,
9201,12032,,
9202,12032,,
9203,12032,,
9204,12032,,
9205,12032,,
9206,12032,,
9207,12032,,
9208,12032,,
9209,12032,,
9210,12032,,
9211,12032,,
9212,12032,,
9213,12032,,
9214,12032,,
9215,12032,,
9216,12032,,
9217,12032,,
9218,12032,,
9219,12032,,
9220,12032,,
9221,12032,,
9222,12032,,
9223,12032,,
9224,12032,,
9225,12032,,
9226,12032,,
9227,12032,,
9228,12032,,
9229,12032,,
9230,12032,,
9231,12032,,
9232,12032,,
9233,12032,,
9234,12032,,
9235,12032,,
9236,12032,,
9237,12032,,
9238,12032,,
9239,12032,,
9240,12032,,
9241,12032,,
9242,12032,,
9243,12032,,
9244,12032,,
9245,12032,,
9246,12032,,
9247,12032,,
9248,12032,,
9249,12032,,
9250,12032,,
9251,12032,,
9252,12032,,
9253,12032,,
9254,12032,,
9255,12032,,
9256,12032,,
9257,12032,,
9258,12032,,
9259,12032,,
9260,12032,,
9261,12032,,
9262,12032,,
9263,12032,,
9264,12032,,
9265,12032,,
9266,12032,,
9267,12032,,
9268,12032,,
9269,12032,,
9270,12032,,
9271,12032,,
9272,12032,,
9273,12032,,
9274,12032,,
9275,12032,,
9276,12032,,
9277,12032,,
9278,12032,,
9279,12032,,
9280,12032,,
9281,12032,,
9282,12032,,
9283,12032,,
9284,12032,,
9285,12032,,
9286,12032,,
9287,12032,,
9288,12032,,
9289,12032,,
9290,12032,,
9291,12032,,
9292,12032,,
9293,12032,,
9294,12032,,
9295,12032,,
9296,12032,,
9297,12032,,
9298,12032,,
9299,12032,,
9300,12032,,
9301,12032,,
9302,12032,,
9303,12032,,
9304,12032,,
9305,12032,,
9306,12032,,
9307,12032,,
9308,12032,,
9309,12032,,
9310,12032,,
9311,12032,,
9312,12032,,
9313,12032,,
9314,12032,,
9315,12032,,
9316,12032,,
9317,12032,,
9318,12032,,
9319,12032,,
9320,12032,,
9321,12032,,
9322,12032,,
9323,12032,,
9324,12032,,
9325,12032,,
9326,12032,,
9327,12032,,
9328,12032,,
9329,12032,,
9330,12032,,
9331,12032,,
9332,12032,,
9333,12032,,
9334,12032,,
9335,12032,,
9336,12032,,
9337,12032,,
9338,12032,,
9339,12032,,
9340,12032,,
9341,12032,,
9342,12032,,
9343,12032,,
9344,12032,,
9345,12032,,
9346,12032,,
9347,12032,,
9348,12032,,
9349,12032,,
9350,12032,,
9351,12032,,
9352,12032,,
9353,12032,,
9354,12032,,
9355,12032,,
9356,12032,,
9357,12032,,
9358,12032,,
9359,12032,,
9360,12032,,
9361,12032,,
9362,12032,,
9363,12032,,
9364,12032,,
9365,12032,,
9366,12032,,
9367,12032,,
9368,12032,,
9369,12032,,
9370,12032,,
9371,12032,,
9372,12032,,
9373,12032,,
9374,12032,,
9375,12032,,
9376,12032,,
9377,12032,,
9378,12032,,
9379,12032,,
9380,12032,,
9381,12032,,
9382,12032,,
9383,12032,,
9384,12032,,
9385,12032,,
9386,12032,,
9387,12032,,
9388,12032,,
9389,12032,,
9390,12032,,
9391,12032,,
9392,12032,,
9393,12032,,
9394,12032,,
9395,12032,,
9396,12032,,
9397,12032,,
9398,12032,,
9399,12032,,
9400,12032,,
9401,12032,,
9402,12032,,
9403,12032,,
9404,12032,,
9405,12032,,
9406,12032,,
9407,12032,,
9408,12032,,
9409,12032,,
9410,12032,,
9411,12032,,
9412,12032,,
9413,12032,,
9414,12032,,
9415,12032,,
9416,12032,,
9417,12032,,
9418,12032,,
9419,12032,,
9420,12032,,
9421,12032,,
9422,12032,,
9423,12032,,
9424,12032,,
9425,12032,,
9426,12032,,
9427,12032,,
9428,12032,,
9429,12032,,
9430,12032,,
9431,12032,,
9432,12032,,
9433,12032,,
9434,12032,,
9435,12032,,
9436,12032,,
9437,12032,,
9438,12032,,
9439,12032,,
9440,12032,,
9441,12032,,
9442,12032,,
9443,12032,,
9444,12032,,
9445,12032,,
9446,12032,,
9447,12032,,
9448,12032,,
9449,12032,,
9450,12032,,
9451,12032,,
9452,12032,,
9453,12032,,
9454,12032,,
9455,12032,,
9456,12032,,
9457,12032,,
9458,12032,,
9459,12032,,
9460,12032,,
9461,12032,,
9462,12032,,
9463,12032,,
9464,12032,,
9465,12032,,
9466,12032,,
9467,12032,,
9468,12032,,
9469,12032,,
9470,12032,,
9471,12032,,
9472,12032,,
9473,12032,,
9474,12032,,
9475,12032,,
9476,12032,,
9477,12032,,
9478,12032,,
9479,12032,,
9480,12032,,
9481,12032,,
9482,12032,,
9483,12032,,
9484,12032,,
9485,12032,,
9486,12032,,
9487,12032,,
9488,12032,,
9489,12032,,
9490,12032,,
9491,12032,,
9492,12032,,
9493,12032,,
9494,12032,,
9495,12032,,
9496,12032,,
9497,12032,,
9498,12032,,
9499,12032,,
9500,12032,,
9501,12032,,
9502,12032,,
9503,12032,,
9504,12032,,
9505,12032,,
9506,12032,,
9507,12032,,
9508,12032,,
9509,12032,,
9510,12032,,
9511,12032,,
9512,12032,,
9513,12032,,
9514,12032,,
9515,12032,,
9516,12032,,
9517,12032,,
9518,12032,,
9519,12032,,
9520,12032,,
9521,12032,,
9522,12032,,
9523,12032,,
9524,12032,,
9525,12032,,
9526,12032,,
9527,12032,,
9528,12032,,
9529,12032,,
9530,12032,,
9531,12032,,
9532,12032,,
9533,12032,,
9534,12032,,
9535,12032,,
9536,12032,,
9537,12032,,
9538,12032,,
9539,12032,,
9540,12032,,
9541,12032,,
9542,12032,,
9543,12032,,
9544,12032,,
9545,12032,,
9546,12032,,
9547,12032,,
9548,12032,,
9549,12032,,
9550,12032,,
9551,12032,,
9552,12032,,
9553,12032,,
9554,12032,,
9555,12032,,
9556,12032,,
9557,12032,,
9558,12032,,
9559,12032,,
9560,12032,,
9561,12032,,
9562,12032,,
9563,12032,,
9564,12032,,
9565,12032,,
9566,12032,,
9567,12032,,
9568,12032,,
9569,12032,,
9570,12032,,
9571,12032,,
9572,12032,,
9573,12032,,
9574,12032,,
9575,12032,,
9576,12032,,
9577,12032,,
9578,12032,,
9579,12032,,
9580,12032,,
9581,12032,,
9582,12032,,
9583,12032,,
9584,12032,,
9585,12032,,
9586,12032,,
9587,12032,,
9588,12032,,
9589,12032,,
9590,12032,,
9591,12032,,
9592,12032,,
9593,12032,,
9594,12032,,
9595,12032,,
9596,12032,,
9597,12032,,
9598,12032,,
9599,12032,,
9600,12032,,
9601,12032,,
9602,12032,,
9603,12032,,
9604,12032,,
9605,12032,,
9606,12032,,
9607,12032,,
9608,12032,,
9609,12032,,
9610,12032,,
9611,12032,,
9612,12032,,
9613,12032,,
9614,12032,,
9615,12032,,
9616,12032,,
9617,12032,,
9618,12032,,
9619,12032,,
9620,12032,,
9621,12032,,
9622,12032,,
9623,12032,,
9624,12032,,
9625,12032,,
9626,12032,,
9627,12032,,
9628,12032,,
9629,12032,,
9630,12032,,
9631,12032,,
9632,12032,,
9633,12032,,
9634,12032,,
9635,12032,,
9636,12032,,
9637,12032,,
9638,12032,,
9639,12032,,
9640,12032,,
9641,12032,,
9642,12032,,
9643,12032,,
9644,12032,,
9645,12032,,
9646,12032,,
9647,12032,,
9648,12032,,
9649,12032,,
9650,12032,,
9651,12032,,
9652,12032,,
9653,12032,,
9654,12032,,
9655,12032,,
9656,12032,,
9657,12032,,
9658,12032,,
9659,12032,,
9660,12032,,
9661,12032,,
9662,12032,,
9663,12032,,
9664,12032,,
9665,12032,,
9666,12032,,
9667,12032,,
9668,12032,,
9669,12032,,
9670,12032,,
9671,12032,,
9672,12032,,
9673,12032,,
9674,12032,,
9675,12032,,
9676,12032,,
9677,12032,,
9678,12032,,
9679,12032,,
9680,12032,,
9681,12032,,
9682,12032,,
9683,12032,,
9684,12032,,
9685,12032,,
9686,12032,,
9687,12032,,
9688,12032,,
9689,12032,,
9690,12032,,
9691,12032,,
9692,12032,,
9693,12032,,
9694,12032,,
9695,12032,,
9696,12032,,
9697,12032,,
9698,12032,,
9699,12032,,
9700,12032,,
9701,12032,,
9702,12032,,
9703,12032,,
9704,12032,,
9705,12032,,
9706,12032,,
9707,12032,,
9708,12032,,
9709,12032,,
9710,12032,,
9711,12032,,
9712,12032,,
9713,12032,,
9714,12032,,
9715,12032,,
9716,12032,,
9717,12032,,
9718,12032,,
9719,12032,,
9720,12032,,
9721,12032,,
9722,12032,,
9723,12032,,
9724,12032,,
9725,12032,,
9726,12032,,
9727,12032,,
9728,12032,,
9729,12032,,
9730,12032,,
9731,12032,,
9732,12032,,
9733,12032,,
9734,12032,,
9735,12032,,
9736,12032,,
9737,12032,,
9738,12032,,
9739,12032,,
9740,12032,,
9741,12032,,
9742,12032,,
9743,12032,,
9744,12032,,
9745,12032,,
9746,12032,,
9747,12032,,
9748,12032,,
9749,12032,,
9750,12032,,
9751,12032,,
9752,12032,,
9753,12032,,
9754,12032,,
9755,12032,,
9756,12032,,
9757,12032,,
9758,12032,,
9759,12032,,
9760,12032,,
9761,12032,,
9762,12032,,
9763,12032,,
9764,12032,,
9765,12032,,
9766,12032,,
9767,12032,,
9768,12032,,
9769,12032,,
9770,12032,,
9771,12032,,
9772,12032,,
9773,12032,,
9774,12032,,
9775,12032,,
9776,12032,,
9777,12032,,
9778,12032,,
9779,12032,,
9780,12032,,
9781,12032,,
9782,12032,,
9783,12032,,
9784,12032,,
9785,12032,,
9786,12032,,
9787,12032,,
9788,12032,,
9789,12032,,
9790,12032,,
9791,12032,,
9792,12032,,
9793,12032,,
9794,12032,,
9795,12032,,
9796,12032,,
9797,12032,,
9798,12032,,
9799,12032,,
9800,12032,,
9801,12032,,
9802,12032,,
9803,12032,,
9804,12032,,
9805,12032,,
9806,12032,,
9807,12032,,
9808,12032,,
9809,12032,,
9810,12032,,
9811,12032,,
9812,12032,,
9813,12032,,
9814,12032,,
9815,12032,,
9816,12032,,
9817,12032,,
9818,12032,,
9819,12032,,
9820,12032,,
9821,12032,,
9822,12032,,
9823,12032,,
9824,12032,,
9825,12032,,
9826,12032,,
9827,12032,,
9828,12032,,
9829,12032,,
9830,12032,,
9831,12032,,
9832,12032,,
9833,12032,,
9834,12032,,
9835,12032,,
9836,12032,,
9837,12032,,
9838,12032,,
9839,12032,,
9840,12032,,
9841,12032,,
9842,12032,,
9843,12032,,
9844,12032,,
9845,12032,,
9846,12032,,
9847,12032,,
9848,12032,,
9849,12032,,
9850,12032,,
9851,12032,,
9852,12032,,
9853,12032,,
9854,12032,,
9855,12032,,
9856,12032,,
9857,12032,,
9858,12032,,
9859,12032,,
9860,12032,,
9861,12032,,
9862,12032,,
9863,12032,,
9864,12032,,
9865,12032,,
9866,12032,,
9867,12032,,
9868,12032,,
9869,12032,,
9870,12032,,
9871,12032,,
9872,12032,,
9873,12032,,
9874,12032,,
9875,12032,,
9876,12032,,
9877,12032,,
9878,12032,,
9879,12032,,
9880,12032,,
9881,12032,,
9882,12032,,
9883,12032,,
9884,12032,,
9885,12032,,
9886,12032,,
9887,12032,,
9888,12032,,
9889,12032,,
9890,12032,,
9891,12032,,
9892,12032,,
9893,12032,,
9894,12032,,
9895,12032,,
9896,12032,,
9897,12032,,
9898,12032,,
9899,12032,,
9900,12032,,
9901,12032,,
9902,12032,,
9903,12032,,
9904,12032,,
9905,12032,,
9906,12032,,
9907,12032,,
9908,12032,,
9909,12032,,
9910,12032,,
9911,12032,,
9912,12032,,
9913,12032,,
9914,12032,,
9915,12032,,
9916,12032,,
9917,12032,,
9918,12032,,
9919,12032,,
9920,12032,,
9921,12032,,
9922,12032,,
9923,12032,,
9924,12032,,
9925,12032,,
9926,12032,,
9927,12032,,
9928,12032,,
9929,12032,,
9930,12032,,
9931,12032,,
9932,12032,,
9933,12032,,
9934,12032,,
9935,12032,,
9936,12032,,
9937,12032,,
9938,12032,,
9939,12032,,
9940,12032,,
9941,12032,,
9942,12032,,
9943,12032,,
9944,12032,,
9945,12032,,
9946,12032,,
9947,12032,,
9948,12032,,
9949,12032,,
9950,12032,,
9951,12032,,
9952,12032,,
9953,12032,,
9954,12032,,
9955,12032,,
9956,12032,,
9957,12032,,
9958,12032,,
9959,12032,,
9960,12032,,
9961,12032,,
9962,12032,,
9963,12032,,
9964,12032,,
9965,12032,,
9966,12032,,
9967,12032,,
9968,12032,,
9969,12032,,
9970,12032,,
9971,12032,,
9972,12032,,
9973,12032,,
9974,12032,,
9975,12032,,
9976,12032,,
9977,12032,,
9978,12032,,
9979,12032,,
9980,12032,,
9981,12032,,
9982,12032,,
9983,12032,,
9984,12032,,
9985,12032,,
9986,12032,,
9987,12032,,
9988,12032,,
9989,12032,,
9990,12032,,
9991,12032,,
9992,12032,,
9993,12032,,
9994,12032,,
9995,12032,,
9996,12032,,
9997,12032,,
9998,12032,,
9999,12032,,
10000,12032,,
10001,12032,,
10002,12032,,
10003,12032,,
10004,12032,,
10005,12032,,
10006,12032,,
10007,12032,,
10008,12032,,
10009,12032,,
10010,12032,,
10011,12032,,
10012,12032,,
10013,12032,,
10014,12032,,
10015,12032,,
10016,12032,,
10017,12032,,
10018,12032,,
10019,12032,,
10020,12032,,
10021,12032,,
10022,12032,,
10023,12032,,
10024,12032,,
10025,12032,,
10026,12032,,
10027,12032,,
10028,12032,,
10029,12032,,
10030,12032,,
10031,12032,,
10032,12032,,
10033,12032,,
10034,12032,,
10035,12032,,
10036,12032,,
10037,12032,,
10038,12032,,
10039,12032,,
10040,12032,,
10041,12032,,
10042,12032,,
10043,12032,,
10044,12032,,
10045,12032,,
10046,12032,,
10047,12032,,
10048,12032,,
10049,12032,,
10050,12032,,
10051,12032,,
10052,12032,,
10053,12032,,
10054,12032,,
10055,12032,,
10056,12032,,
10057,12032,,
10058,12032,,
10059,12032,,
10060,12032,,
10061,12032,,
10062,12032,,
10063,12032,,
10064,12032,,
10065,12032,,
10066,12032,,
10067,12032,,
10068,12032,,
10069,12032,,
10070,12032,,
10071,12032,,
10072,12032,,
10073,12032,,
10074,12032,,
10075,12032,,
10076,12032,,
10077,12032,,
10078,12032,,
10079,12032,,
10080,12032,,
10081,12032,,
10082,12032,,
10083,12032,,
10084,12032,,
10085,12032,,
10086,12032,,
10087,12032,,
10088,12032,,
10089,12032,,
10090,12032,,
10091,12032,,
10092,12032,,
10093,12032,,
10094,12032,,
10095,12032,,
10096,12032,,
10097,12032,,
10098,12032,,
10099,12032,,
10100,12032,,
10101,12032,,
10102,12032,,
10103,12032,,
10104,12032,,
10105,12032,,
10106,12032,,
10107,12032,,
10108,12032,,
10109,12032,,
10110,12032,,
10111,12032,,
10112,12032,,
10113,12032,,
10114,12032,,
10115,12032,,
10116,12032,,
10117,12032,,
10118,12032,,
10119,12032,,
10120,12032,,
10121,12032,,
10122,12032,,
10123,12032,,
10124,12032,,
10125,12032,,
10126,12032,,
10127,12032,,
10128,12032,,
10129,12032,,
10130,12032,,
10131,12032,,
10132,12032,,
10133,12032,,
10134,12032,,
10135,12032,,
10136,12032,,
10137,12032,,
10138,12032,,
10139,12032,,
10140,12032,,
10141,12032,,
10142,12032,,
10143,12032,,
10144,12032,,
10145,12032,,
10146,12032,,
10147,12032,,
10148,12032,,
10149,12032,,
10150,12032,,
10151,12032,,
10152,12032,,
10153,12032,,
10154,12032,,
10155,12032,,
10156,12032,,
10157,12032,,
10158,12032,,
10159,12032,,
10160,12032,,
10161,12032,,
10162,12032,,
10163,12032,,
10164,12032,,
10165,12032,,
10166,12032,,
10167,12032,,
10168,12032,,
10169,12032,,
10170,12032,,
10171,12032,,
10172,12032,,
10173,12032,,
10174,12032,,
10175,12032,,
10176,12032,,
10177,12032,,
10178,12032,,
10179,12032,,
10180,12032,,
10181,12032,,
10182,12032,,
10183,12032,,
10184,12032,,
10185,12032,,
10186,12032,,
10187,12032,,
10188,12032,,
10189,12032,,
10190,12032,,
10191,12032,,
10192,12032,,
10193,12032,,
10194,12032,,
10195,12032,,
10196,12032,,
10197,12032,,
10198,12032,,
10199,12032,,
10200,12032,,
10201,12032,,
10202,12032,,
10203,12032,,
10204,12032,,
10205,12032,,
10206,12032,,
10207,12032,,
10208,12032,,
10209,12032,,
10210,12032,,
10211,12032,,
10212,12032,,
10213,12032,,
10214,12032,,
10215,12032,,
10216,12032,,
10217,12032,,
10218,12032,,
10219,12032,,
10220,12032,,
10221,12032,,
10222,12032,,
10223,12032,,
10224,12032,,
10225,12032,,
10226,12032,,
10227,12032,,
10228,12032,,
10229,12032,,
10230,12032,,
10231,12032,,
10232,12032,,
10233,12032,,
10234,12032,,
10235,12032,,
10236,12032,,
10237,12032,,
10238,12032,,
10239,12032,,
10240,12032,,
10241,12032,,
10242,12032,,
10243,12032,,
10244,12032,,
10245,12032,,
10246,12032,,
10247,12032,,
10248,12032,,
10249,12032,,
10250,12032,,
10251,12032,,
10252,12032,,
10253,12032,,
10254,12032,,
10255,12032,,
10256,12032,,
10257,12032,,
10258,12032,,
10259,12032,,
10260,12032,,
10261,12032,,
10262,12032,,
10263,12032,,
10264,12032,,
10265,12032,,
10266,12032,,
10267,12032,,
10268,12032,,
10269,12032,,
10270,12032,,
10271,12032,,
10272,12032,,
10273,12032,,
10274,12032,,
10275,12032,,
10276,12032,,
10277,12032,,
10278,12032,,
10279,12032,,
10280,12032,,
10281,12032,,
10282,12032,,
10283,12032,,
10284,12032,,
10285,12032,,
10286,12032,,
10287,12032,,
10288,12032,,
10289,12032,,
10290,12032,,
10291,12032,,
10292,12032,,
10293,12032,,
10294,12032,,
10295,12032,,
10296,12032,,
10297,12032,,
10298,12032,,
10299,12032,,
10300,12032,,
10301,12032,,
10302,12032,,
10303,12032,,
10304,12032,,
10305,12032,,
10306,12032,,
10307,12032,,
10308,12032,,
10309,12032,,
10310,12032,,
10311,12032,,
10312,12032,,
10313,12032,,
10314,12032,,
10315,12032,,
10316,12032,,
10317,12032,,
10318,12032,,
10319,12032,,
10320,12032,,
10321,12032,,
10322,12032,,
10323,12032,,
10324,12032,,
10325,12032,,
10326,12032,,
10327,12032,,
10328,12032,,
10329,12032,,
10330,12032,,
10331,12032,,
10332,12032,,
10333,12032,,
10334,12032,,
10335,12032,,
10336,12032,,
10337,12032,,
10338,12032,,
10339,12032,,
10340,12032,,
10341,12032,,
10342,12032,,
10343,12032,,
10344,12032,,
10345,12032,,
10346,12032,,
10347,12032,,
10348,12032,,
10349,12032,,
10350,12032,,
10351,12032,,
10352,12032,,
10353,12032,,
10354,12032,,
10355,12032,,
10356,12032,,
10357,12032,,
10358,12032,,
10359,12032,,
10360,12032,,
10361,12032,,
10362,12032,,
10363,12032,,
10364,12032,,
10365,12032,,
10366,12032,,
10367,12032,,
10368,12032,,
10369,12032,,
10370,12032,,
10371,12032,,
10372,12032,,
10373,12032,,
10374,12032,,
10375,12032,,
10376,12032,,
10377,12032,,
10378,12032,,
10379,12032,,
10380,12032,,
10381,12032,,
10382,12032,,
10383,12032,,
10384,12032,,
10385,12032,,
10386,12032,,
10387,12032,,
10388,12032,,
10389,12032,,
10390,12032,,
10391,12032,,
10392,12032,,
10393,12032,,
10394,12032,,
10395,12032,,
10396,12032,,
10397,12032,,
10398,12032,,
10399,12032,,
10400,12032,,
10401,12032,,
10402,12032,,
10403,12032,,
10404,12032,,
10405,12032,,
10406,12032,,
10407,12032,,
10408,12032,,
10409,12032,,
10410,12032,,
10411,12032,,
10412,12032,,
10413,12032,,
10414,12032,,
10415,12032,,
10416,12032,,
10417,12032,,
10418,12032,,
10419,12032,,
10420,12032,,
10421,12032,,
10422,12032,,
10423,12032,,
10424,12032,,
10425,12032,,
10426,12032,,
10427,12032,,
10428,12032,,
10429,12032,,
10430,12032,,
10431,12032,,
10432,12032,,
10433,12032,,
10434,12032,,
10435,12032,,
10436,12032,,
10437,12032,,
10438,12032,,
10439,12032,,
10440,12032,,
10441,12032,,
10442,12032,,
10443,12032,,
10444,12032,,
10445,12032,,
10446,12032,,
10447,12032,,
10448,12032,,
10449,12032,,
10450,12032,,
10451,12032,,
10452,12032,,
10453,12032,,
10454,12032,,
10455,12032,,
10456,12032,,
10457,12032,,
10458,12032,,
10459,12032,,
10460,12032,,
10461,12032,,
10462,12032,,
10463,12032,,
10464,12032,,
10465,12032,,
10466,12032,,
10467,12032,,
10468,12032,,
10469,12032,,
10470,12032,,
10471,12032,,
10472,12032,,
10473,12032,,
10474,12032,,
10475,12032,,
10476,12032,,
10477,12032,,
10478,12032,,
10479,12032,,
10480,12032,,
10481,12032,,
10482,12032,,
10483,12032,,
10484,12032,,
10485,12032,,
10486,12032,,
10487,12032,,
10488,12032,,
10489,12032,,
10490,12032,,
10491,12032,,
10492,12032,,
10493,12032,,
10494,12032,,
10495,12032,,
10496,12032,,
10497,12032,,
10498,12032,,
10499,12032,,
10500,12032,,
10501,12032,,
10502,12032,,
10503,12032,,
10504,12032,,
10505,12032,,
10506,12032,,
10507,12032,,
10508,12032,,
10509,12032,,
10510,12032,,
10511,12032,,
10512,12032,,
10513,12032,,
10514,12032,,
10515,12032,,
10516,12032,,
10517,12032,,
10518,12032,,
10519,12032,,
10520,12032,,
10521,12032,,
10522,12032,,
10523,12032,,
10524,12032,,
10525,12032,,
10526,12032,,
10527,12032,,
10528,12032,,
10529,12032,,
10530,12032,,
10531,12032,,
10532,12032,,
10533,12032,,
10534,12032,,
10535,12032,,
10536,12032,,
10537,12032,,
10538,12032,,
10539,12032,,
10540,12032,,
10541,12032,,
10542,12032,,
10543,12032,,
10544,12032,,
10545,12032,,
10546,12032,,
10547,12032,,
10548,12032,,
10549,12032,,
10550,12032,,
10551,12032,,
10552,12032,,
10553,12032,,
10554,12032,,
10555,12032,,
10556,12032,,
10557,12032,,
10558,12032,,
10559,12032,,
10560,12032,,
10561,12032,,
10562,12032,,
10563,12032,,
10564,12032,,
10565,12032,,
10566,12032,,
10567,12032,,
10568,12032,,
10569,12032,,
10570,12032,,
10571,12032,,
10572,12032,,
10573,12032,,
10574,12032,,
10575,12032,,
10576,12032,,
10577,12032,,
10578,12032,,
10579,12032,,
10580,12032,,
10581,12032,,
10582,12032,,
10583,12032,,
10584,12032,,
10585,12032,,
10586,12032,,
10587,12032,,
10588,12032,,
10589,12032,,
10590,12032,,
10591,12032,,
10592,12032,,
10593,12032,,
10594,12032,,
10595,12032,,
10596,12032,,
10597,12032,,
10598,12032,,
10599,12032,,
10600,12032,,
10601,12032,,
10602,12032,,
10603,12032,,
10604,12032,,
10605,12032,,
10606,12032,,
10607,12032,,
10608,12032,,
10609,12032,,
10610,12032,,
10611,12032,,
10612,12032,,
10613,12032,,
10614,12032,,
10615,12032,,
10616,12032,,
10617,12032,,
10618,12032,,
10619,12032,,
10620,12032,,
10621,12032,,
10622,12032,,
10623,12032,,
10624,12032,,
10625,12032,,
10626,12032,,
10627,12032,,
10628,12032,,
10629,12032,,
10630,12032,,
10631,12032,,
10632,12032,,
10633,12032,,
10634,12032,,
10635,12032,,
10636,12032,,
10637,12032,,
10638,12032,,
10639,12032,,
10640,12032,,
10641,12032,,
10642,12032,,
10643,12032,,
10644,12032,,
10645,12032,,
10646,12032,,
10647,12032,,
10648,12032,,
10649,12032,,
10650,12032,,
10651,12032,,
10652,12032,,
10653,12032,,
10654,12032,,
10655,12032,,
10656,12032,,
10657,12032,,
10658,12032,,
10659,12032,,
10660,12032,,
10661,12032,,
10662,12032,,
10663,12032,,
10664,12032,,
10665,12032,,
10666,12032,,
10667,12032,,
10668,12032,,
10669,12032,,
10670,12032,,
10671,12032,,
10672,12032,,
10673,12032,,
10674,12032,,
10675,12032,,
10676,12032,,
10677,12032,,
10678,12032,,
10679,12032,,
10680,12032,,
10681,12032,,
10682,12032,,
10683,12032,,
10684,12032,,
10685,12032,,
10686,12032,,
10687,12032,,
10688,12032,,
10689,12032,,
10690,12032,,
10691,12032,,
10692,12032,,
10693,12032,,
10694,12032,,
10695,12032,,
10696,12032,,
10697,12032,,
10698,12032,,
10699,12032,,
10700,12032,,
10701,12032,,
10702,12032,,
10703,12032,,
10704,12032,,
10705,12032,,
10706,12032,,
10707,12032,,
10708,12032,,
10709,12032,,
10710,12032,,
10711,12032,,
10712,12032,,
10713,12032,,
10714,12032,,
10715,12032,,
10716,12032,,
10717,12032,,
10718,12032,,
10719,12032,,
10720,12032,,
10721,12032,,
10722,12032,,
10723,12032,,
10724,12032,,
10725,12032,,
10726,12032,,
10727,12032,,
10728,12032,,
10729,12032,,
10730,12032,,
10731,12032,,
10732,12032,,
10733,12032,,
10734,12032,,
10735,12032,,
10736,12032,,
10737,12032,,
10738,12032,,
10739,12032,,
10740,12032,,
10741,12032,,
10742,12032,,
10743,12032,,
10744,12032,,
10745,12032,,
10746,12032,,
10747,12032,,
10748,12032,,
10749,12032,,
10750,12032,,
10751,12032,,
10752,12032,,
10753,12032,,
10754,12032,,
10755,12032,,
10756,12032,,
10757,12032,,
10758,12032,,
10759,12032,,
10760,12032,,
10761,12032,,
10762,12032,,
10763,12032,,
10764,12032,,
10765,12032,,
10766,12032,,
10767,12032,,
10768,12032,,
10769,12032,,
10770,12032,,
10771,12032,,
10772,12032,,
10773,12032,,
10774,12032,,
10775,12032,,
10776,12032,,
10777,12032,,
10778,12032,,
10779,12032,,
10780,12032,,
10781,12032,,
10782,12032,,
10783,12032,,
10784,12032,,
10785,12032,,
10786,12032,,
10787,12032,,
10788,12032,,
10789,12032,,
10790,12032,,
10791,12032,,
10792,12032,,
10793,12032,,
10794,12032,,
10795,12032,,
10796,12032,,
10797,12032,,
10798,12032,,
10799,12032,,
10800,12032,,
10801,12032,,
10802,12032,,
10803,12032,,
10804,12032,,
10805,12032,,
10806,12032,,
10807,12032,,
10808,12032,,
10809,12032,,
10810,12032,,
10811,12032,,
10812,12032,,
10813,12032,,
10814,12032,,
10815,12032,,
10816,12032,,
10817,12032,,
10818,12032,,
10819,12032,,
10820,12032,,
10821,12032,,
10822,12032,,
10823,12032,,
10824,12032,,
10825,12032,,
10826,12032,,
10827,12032,,
10828,12032,,
10829,12032,,
10830,12032,,
10831,12032,,
10832,12032,,
10833,12032,,
10834,12032,,
10835,12032,,
10836,12032,,
10837,12032,,
10838,12032,,
10839,12032,,
10840,12032,,
10841,12032,,
10842,12032,,
10843,12032,,
10844,12032,,
10845,12032,,
10846,12032,,
10847,12032,,
10848,12032,,
10849,12032,,
10850,12032,,
10851,12032,,
10852,12032,,
10853,12032,,
10854,12032,,
10855,12032,,
10856,12032,,
10857,12032,,
10858,12032,,
10859,12032,,
10860,12032,,
10861,12032,,
10862,12032,,
10863,12032,,
10864,12032,,
10865,12032,,
10866,12032,,
10867,12032,,
10868,12032,,
10869,12032,,
10870,12032,,
10871,12032,,
10872,12032,,
10873,12032,,
10874,12032,,
10875,12032,,
10876,12032,,
10877,12032,,
10878,12032,,
10879,12032,,
10880,12032,,
10881,12032,,
10882,12032,,
10883,12032,,
10884,12032,,
10885,12032,,
10886,12032,,
10887,12032,,
10888,12032,,
10889,12032,,
10890,12032,,
10891,12032,,
10892,12032,,
10893,12032,,
10894,12032,,
10895,12032,,
10896,12032,,
10897,12032,,
10898,12032,,
10899,12032,,
10900,12032,,
10901,12032,,
10902,12032,,
10903,12032,,
10904,12032,,
10905,12032,,
10906,12032,,
10907,12032,,
10908,12032,,
10909,12032,,
10910,12032,,
10911,12032,,
10912,12032,,
10913,12032,,
10914,12032,,
10915,12032,,
10916,12032,,
10917,12032,,
10918,12032,,
10919,12032,,
10920,12032,,
10921,12032,,
10922,12032,,
10923,12032,,
10924,12032,,
10925,12032,,
10926,12032,,
10927,12032,,
10928,12032,,
10929,12032,,
10930,12032,,
10931,12032,,
10932,12032,,
10933,12032,,
10934,12032,,
10935,12032,,
10936,12032,,
10937,12032,,
10938,12032,,
10939,12032,,
10940,12032,,
10941,12032,,
10942,12032,,
10943,12032,,
10944,12032,,
10945,12032,,
10946,12032,,
10947,12032,,
10948,12032,,
10949,12032,,
10950,12032,,
10951,12032,,
10952,12032,,
10953,12032,,
10954,12032,,
10955,12032,,
10956,12032,,
10957,12032,,
10958,12032,,
10959,12032,,
10960,12032,,
10961,12032,,
10962,12032,,
10963,12032,,
10964,12032,,
10965,12032,,
10966,12032,,
10967,12032,,
10968,12032,,
10969,12032,,
10970,12032,,
10971,12032,,
10972,12032,,
10973,12032,,
10974,12032,,
10975,12032,,
10976,12032,,
10977,12032,,
10978,12032,,
10979,12032,,
10980,12032,,
10981,12032,,
10982,12032,,
10983,12032,,
10984,12032,,
10985,12032,,
10986,12032,,
10987,12032,,
10988,12032,,
10989,12032,,
10990,12032,,
10991,12032,,
10992,12032,,
10993,12032,,
10994,12032,,
10995,12032,,
10996,12032,,
10997,12032,,
10998,12032,,
10999,12032,,
11000,12032,,
11001,12032,,
11002,12032,,
11003,12032,,
11004,12032,,
11005,12032,,
11006,12032,,
11007,12032,,
11008,12032,,
11009,12032,,
11010,12032,,
11011,12032,,
11012,12032,,
11013,12032,,
11014,12032,,
11015,12032,,
11016,12032,,
11017,12032,,
11018,12032,,
11019,12032,,
11020,12032,,
11021,12032,,
11022,12032,,
11023,12032,,
11024,12032,,
11025,12032,,
11026,12032,,
11027,12032,,
11028,12032,,
11029,12032,,
11030,12032,,
11031,12032,,
11032,12032,,
11033,12032,,
11034,12032,,
11035,12032,,
11036,12032,,
11037,12032,,
11038,12032,,
11039,12032,,
11040,12032,,
11041,12032,,
11042,12032,,
11043,12032,,
11044,12032,,
11045,12032,,
11046,12032,,
11047,12032,,
11048,12032,,
11049,12032,,
11050,12032,,
11051,12032,,
11052,12032,,
11053,12032,,
11054,12032,,
11055,12032,,
11056,12032,,
11057,12032,,
11058,12032,,
11059,12032,,
11060,12032,,
11061,12032,,
11062,12032,,
11063,12032,,
11064,12032,,
11065,12032,,
11066,12032,,
11067,12032,,
11068,12032,,
11069,12032,,
11070,12032,,
11071,12032,,
11072,12032,,
11073,12032,,
11074,12032,,
11075,12032,,
11076,12032,,
11077,12032,,
11078,12032,,
11079,12032,,
11080,12032,,
11081,12032,,
11082,12032,,
11083,12032,,
11084,12032,,
11085,12032,,
11086,12032,,
11087,12032,,
11088,12032,,
11089,12032,,
11090,12032,,
11091,12032,,
11092,12032,,
11093,12032,,
11094,12032,,
11095,12032,,
11096,12032,,
11097,12032,,
11098,12032,,
11099,12032,,
11100,12032,,
11101,12032,,
11102,12032,,
11103,12032,,
11104,12032,,
11105,12032,,
11106,12032,,
11107,12032,,
11108,12032,,
11109,12032,,
11110,12032,,
11111,12032,,
11112,12032,,
11113,12032,,
11114,12032,,
11115,12032,,
11116,12032,,
11117,12032,,
11118,12032,,
11119,12032,,
11120,12032,,
11121,12032,,
11122,12032,,
11123,12032,,
11124,12032,,
11125,12032,,
11126,12032,,
11127,12032,,
11128,12032,,
11129,12032,,
11130,12032,,
11131,12032,,
11132,12032,,
11133,12032,,
11134,12032,,
11135,12032,,
11136,12032,,
11137,12032,,
11138,12032,,
11139,12032,,
11140,12032,,
11141,12032,,
11142,12032,,
11143,12032,,
11144,12032,,
11145,12032,,
11146,12032,,
11147,12032,,
11148,12032,,
11149,12032,,
11150,12032,,
11151,12032,,
11152,12032,,
11153,12032,,
11154,12032,,
11155,12032,,
11156,12032,,
11157,12032,,
11158,12032,,
11159,12032,,
11160,12032,,
11161,12032,,
11162,12032,,
11163,12032,,
11164,12032,,
11165,12032,,
11166,12032,,
11167,12032,,
11168,12032,,
11169,12032,,
11170,12032,,
11171,12032,,
11172,12032,,
11173,12032,,
11174,12032,,
11175,12032,,
11176,12032,,
11177,12032,,
11178,12032,,
11179,12032,,
11180,12032,,
11181,12032,,
11182,12032,,
11183,12032,,
11184,12032,,
11185,12032,,
11186,12032,,
11187,12032,,
11188,12032,,
11189,12032,,
11190,12032,,
11191,12032,,
11192,12032,,
11193,12032,,
11194,12032,,
11195,12032,,
11196,12032,,
11197,12032,,
11198,12032,,
11199,12032,,
11200,12032,,
11201,12032,,
11202,12032,,
11203,12032,,
11204,12032,,
11205,12032,,
11206,12032,,
11207,12032,,
11208,12032,,
11209,12032,,
11210,12032,,
11211,12032,,
11212,12032,,
11213,12032,,
11214,12032,,
11215,12032,,
11216,12032,,
11217,12032,,
11218,12032,,
11219,12032,,
11220,12032,,
11221,12032,,
11222,12032,,
11223,12032,,
11224,12032,,
11225,12032,,
11226,12032,,
11227,12032,,
11228,12032,,
11229,12032,,
11230,12032,,
11231,12032,,
11232,12032,,
11233,12032,,
11234,12032,,
11235,12032,,
11236,12032,,
11237,12032,,
11238,12032,,
11239,12032,,
11240,12032,,
11241,12032,,
11242,12032,,
11243,12032,,
11244,12032,,
11245,12032,,
11246,12032,,
11247,12032,,
11248,12032,,
11249,12032,,
11250,12032,,
11251,12032,,
11252,12032,,
11253,12032,,
11254,12032,,
11255,12032,,
11256,12032,,
11257,12032,,
11258,12032,,
11259,12032,,
11260,12032,,
11261,12032,,
11262,12032,,
11263,12032,,
11264,12032,,
11265,12032,,
11266,12032,,
11267,12032,,
11268,12032,,
11269,12032,,
11270,12032,,
11271,12032,,
11272,12032,,
11273,12032,,
11274,12032,,
11275,12032,,
11276,12032,,
11277,12032,,
11278,12032,,
11279,12032,,
11280,12032,,
11281,12032,,
11282,12032,,
11283,12032,,
11284,12032,,
11285,12032,,
11286,12032,,
11287,12032,,
11288,12032,,
11289,12032,,
11290,12032,,
11291,12032,,
11292,12032,,
11293,12032,,
11294,12032,,
11295,12032,,
11296,12032,,
11297,12032,,
11298,12032,,
11299,12032,,
11300,12032,,
11301,12032,,
11302,12032,,
11303,12032,,
11304,12032,,
11305,12032,,
11306,12032,,
11307,12032,,
11308,12032,,
11309,12032,,
11310,12032,,
11311,12032,,
11312,12032,,
11313,12032,,
11314,12032,,
11315,12032,,
11316,12032,,
11317,12032,,
11318,12032,,
11319,12032,,
11320,12032,,
11321,12032,,
11322,12032,,
11323,12032,,
11324,12032,,
11325,12032,,
11326,12032,,
11327,12032,,
11328,12032,,
11329,12032,,
11330,12032,,
11331,12032,,
11332,12032,,
11333,12032,,
11334,12032,,
11335,12032,,
11336,12032,,
11337,12032,,
11338,12032,,
11339,12032,,
11340,12032,,
11341,12032,,
11342,12032,,
11343,12032,,
11344,12032,,
11345,12032,,
11346,12032,,
11347,12032,,
11348,12032,,
11349,12032,,
11350,12032,,
11351,12032,,
11352,12032,,
11353,12032,,
11354,12032,,
11355,12032,,
11356,12032,,
11357,12032,,
11358,12032,,
11359,12032,,
11360,12032,,
11361,12032,,
11362,12032,,
11363,12032,,
11364,12032,,
11365,12032,,
11366,12032,,
11367,12032,,
11368,12032,,
11369,12032,,
11370,12032,,
11371,12032,,
11372,12032,,
11373,12032,,
11374,12032,,
11375,12032,,
11376,12032,,
11377,12032,,
11378,12032,,
11379,12032,,
11380,12032,,
11381,12032,,
11382,12032,,
11383,12032,,
11384,12032,,
11385,12032,,
11386,12032,,
11387,12032,,
11388,12032,,
11389,12032,,
11390,12032,,
11391,12032,,
11392,12032,,
11393,12032,,
11394,12032,,
11395,12032,,
11396,12032,,
11397,12032,,
11398,12032,,
11399,12032,,
11400,12032,,
11401,12032,,
11402,12032,,
11403,12032,,
11404,12032,,
11405,12032,,
11406,12032,,
11407,12032,,
11408,12032,,
11409,12032,,
11410,12032,,
11411,12032,,
11412,12032,,
11413,12032,,
11414,12032,,
11415,12032,,
11416,12032,,
11417,12032,,
11418,12032,,
11419,12032,,
11420,12032,,
11421,12032,,
11422,12032,,
11423,12032,,
11424,12032,,
11425,12032,,
11426,12032,,
11427,12032,,
11428,12032,,
11429,12032,,
11430,12032,,
11431,12032,,
11432,12032,,
11433,12032,,
11434,12032,,
11435,12032,,
11436,12032,,
11437,12032,,
11438,12032,,
11439,12032,,
11440,12032,,
11441,12032,,
11442,12032,,
11443,12032,,
11444,12032,,
11445,12032,,
11446,12032,,
11447,12032,,
11448,12032,,
11449,12032,,
11450,12032,,
11451,12032,,
11452,12032,,
11453,12032,,
11454,12032,,
11455,12032,,
11456,12032,,
11457,12032,,
11458,12032,,
11459,12032,,
11460,12032,,
11461,12032,,
11462,12032,,
11463,12032,,
11464,12032,,
11465,12032,,
11466,12032,,
11467,12032,,
11468,12032,,
11469,12032,,
11470,12032,,
11471,12032,,
11472,12032,,
11473,12032,,
11474,12032,,
11475,12032,,
11476,12032,,
11477,12032,,
11478,12032,,
11479,12032,,
11480,12032,,
11481,12032,,
11482,12032,,
11483,12032,,
11484,12032,,
11485,12032,,
11486,12032,,
11487,12032,,
11488,12032,,
11489,12032,,
11490,12032,,
11491,12032,,
11492,12032,,
11493,12032,,
11494,12032,,
11495,12032,,
11496,12032,,
11497,12032,,
11498,12032,,
11499,12032,,
11500,12032,,
11501,12032,,
11502,12032,,
11503,12032,,
11504,12032,,
11505,12032,,
11506,12032,,
11507,12032,,
11508,12032,,
11509,12032,,
11510,12032,,
11511,12032,,
11512,12032,,
11513,12032,,
11514,12032,,
11515,12032,,
11516,12032,,
11517,12032,,
11518,12032,,
11519,12032,,
11520,12032,,
11521,12032,,
11522,12032,,
11523,12032,,
11524,12032,,
11525,12032,,
11526,12032,,
11527,12032,,
11528,12032,,
11529,12032,,
11530,12032,,
11531,12032,,
11532,12032,,
11533,12032,,
11534,12032,,
11535,12032,,
11536,12032,,
11537,12032,,
11538,12032,,
11539,12032,,
11540,12032,,
11541,12032,,
11542,12032,,
11543,12032,,
11544,12032,,
11545,12032,,
11546,12032,,
11547,12032,,
11548,12032,,
11549,12032,,
11550,12032,,
11551,12032,,
11552,12032,,
11553,12032,,
11554,12032,,
11555,12032,,
11556,12032,,
11557,12032,,
11558,12032,,
11559,12032,,
11560,12032,,
11561,12032,,
11562,12032,,
11563,12032,,
11564,12032,,
11565,12032,,
11566,12032,,
11567,12032,,
11568,12032,,
11569,12032,,
11570,12032,,
11571,12032,,
11572,12032,,
11573,12032,,
11574,12032,,
11575,12032,,
11576,12032,,
11577,12032,,
11578,12032,,
11579,12032,,
11580,12032,,
11581,12032,,
11582,12032,,
11583,12032,,
11584,12032,,
11585,12032,,
11586,12032,,
11587,12032,,
11588,12032,,
11589,12032,,
11590,12032,,
11591,12032,,
11592,12032,,
11593,12032,,
11594,12032,,
11595,12032,,
11596,12032,,
11597,12032,,
11598,12032,,
11599,12032,,
11600,12032,,
11601,12032,,
11602,12032,,
11603,12032,,
11604,12032,,
11605,12032,,
11606,12032,,
11607,12032,,
11608,12032,,
11609,12032,,
11610,12032,,
11611,12032,,
11612,12032,,
11613,12032,,
11614,12032,,
11615,12032,,
11616,12032,,
11617,12032,,
11618,12032,,
11619,12032,,
11620,12032,,
11621,12032,,
11622,12032,,
11623,12032,,
11624,12032,,
11625,12032,,
11626,12032,,
11627,12032,,
11628,12032,,
11629,12032,,
11630,12032,,
11631,12032,,
11632,12032,,
11633,12032,,
11634,12032,,
11635,12032,,
11636,12032,,
11637,12032,,
11638,12032,,
11639,12032,,
11640,12032,,
11641,12032,,
11642,12032,,
11643,12032,,
11644,12032,,
11645,12032,,
11646,12032,,
11647,12032,,
11648,12032,,
11649,12032,,
11650,12032,,
11651,12032,,
11652,12032,,
11653,12032,,
11654,12032,,
11655,12032,,
11656,12032,,
11657,12032,,
11658,12032,,
11659,12032,,
11660,12032,,
11661,12032,,
11662,12032,,
11663,12032,,
11664,12032,,
11665,12032,,
11666,12032,,
11667,12032,,
11668,12032,,
11669,12032,,
11670,12032,,
11671,12032,,
11672,12032,,
11673,12032,,
11674,12032,,
11675,12032,,
11676,12032,,
11677,12032,,
11678,12032,,
11679,12032,,
11680,12032,,
11681,12032,,
11682,12032,,
11683,12032,,
11684,12032,,
11685,12032,,
11686,12032,,
11687,12032,,
11688,12032,,
11689,12032,,
11690,12032,,
11691,12032,,
11692,12032,,
11693,12032,,
11694,12032,,
11695,12032,,
11696,12032,,
11697,12032,,
11698,12032,,
11699,12032,,
11700,12032,,
11701,12032,,
11702,12032,,
11703,12032,,
11704,12032,,
11705,12032,,
11706,12032,,
11707,12032,,
11708,12032,,
11709,12032,,
11710,12032,,
11711,12032,,
11712,12032,,
11713,12032,,
11714,12032,,
11715,12032,,
11716,12032,,
11717,12032,,
11718,12032,,
11719,12032,,
11720,12032,,
11721,12032,,
11722,12032,,
11723,12032,,
11724,12032,,
11725,12032,,
11726,12032,,
11727,12032,,
11728,12032,,
11729,12032,,
11730,12032,,
11731,12032,,
11732,12032,,
11733,12032,,
11734,12032,,
11735,12032,,
11736,12032,,
11737,12032,,
11738,12032,,
11739,12032,,
11740,12032,,
11741,12032,,
11742,12032,,
11743,12032,,
11744,12032,,
11745,12032,,
11746,12032,,
11747,12032,,
11748,12032,,
11749,12032,,
11750,12032,,
11751,12032,,
11752,12032,,
11753,12032,,
11754,12032,,
11755,12032,,
11756,12032,,
11757,12032,,
11758,12032,,
11759,12032,,
11760,12032,,
11761,12032,,
11762,12032,,
11763,12032,,
11764,12032,,
11765,12032,,
11766,12032,,
11767,12032,,
11768,12032,,
11769,12032,,
11770,12032,,
11771,12032,,
11772,12032,,
11773,12032,,
11774,12032,,
11775,12032,,
11776,12032,,
11777,12032,,
11778,12032,,
11779,12032,,
11780,12032,,
11781,12032,,
11782,12032,,
11783,12032,,
11784,12032,,
11785,12032,,
11786,12032,,
11787,12032,,
11788,12032,,
11789,12032,,
11790,12032,,
11791,12032,,
11792,12032,,
11793,12032,,
11794,12032,,
11795,12032,,
11796,12032,,
11797,12032,,
11798,12032,,
11799,12032,,
11800,12032,,
11801,12032,,
11802,12032,,
11803,12032,,
11804,12032,,
11805,12032,,
11806,12032,,
11807,12032,,
11808,12032,,
11809,12032,,
11810,12032,,
11811,12032,,
11812,12032,,
11813,12032,,
11814,12032,,
11815,12032,,
11816,12032,,
11817,12032,,
11818,12032,,
11819,12032,,
11820,12032,,
11821,12032,,
11822,12032,,
11823,12032,,
11824,12032,,
11825,12032,,
11826,12032,,
11827,12032,,
11828,12032,,
11829,12032,,
11830,12032,,
11831,12032,,
11832,12032,,
11833,12032,,
11834,12032,,
11835,12032,,
11836,12032,,
11837,12032,,
11838,12032,,
11839,12032,,
11840,12032,,
11841,12032,,
11842,12032,,
11843,12032,,
11844,12032,,
11845,12032,,
11846,12032,,
11847,12032,,
11848,12032,,
11849,12032,,
11850,12032,,
11851,12032,,
11852,12032,,
11853,12032,,
11854,12032,,
11855,12032,,
11856,12032,,
11857,12032,,
11858,12032,,
11859,12032,,
11860,12032,,
11861,12032,,
11862,12032,,
11863,12032,,
11864,12032,,
11865,12032,,
11866,12032,,
11867,12032,,
11868,12032,,
11869,12032,,
11870,12032,,
11871,12032,,
11872,12032,,
11873,12032,,
11874,12032,,
11875,12032,,
11876,12032,,
11877,12032,,
11878,12032,,
11879,12032,,
11880,12032,,
11881,12032,,
11882,12032,,
11883,12032,,
11884,12032,,
11885,12032,,
11886,12032,,
11887,12032,,
11888,12032,,
11889,12032,,
11890,12032,,
11891,12032,,
11892,12032,,
11893,12032,,
11894,12032,,
11895,12032,,
11896,12032,,
11897,12032,,
11898,12032,,
11899,12032,,
11900,12032,,
11901,12032,,
11902,12032,,
11903,12032,,
11904,12032,,
11905,12032,,
11906,12032,,
11907,12032,,
11908,12032,,
11909,12032,,
11910,12032,,
11911,12032,,
11912,12032,,
11913,12032,,
11914,12032,,
11915,12032,,
11916,12032,,
11917,12032,,
11918,12032,,
11919,12032,,
11920,12032,,
11921,12032,,
11922,12032,,
11923,12032,,
11924,12032,,
11925,12032,,
11926,12032,,
11927,12032,,
11928,12032,,
11929,12032,,
11930,12032,,
11931,12032,,
11932,12032,,
11933,12032,,
11934,12032,,
11935,12032,,
11936,12032,,
11937,12032,,
11938,12032,,
11939,12032,,
11940,12032,,
11941,12032,,
11942,12032,,
11943,12032,,
11944,12032,,
11945,12032,,
11946,12032,,
11947,12032,,
11948,12032,,
11949,12032,,
11950,12032,,
11951,12032,,
11952,12032,,
11953,12032,,
11954,12032,,
11955,12032,,
11956,12032,,
11957,12032,,
11958,12032,,
11959,12032,,
11960,12032,,
11961,12032,,
11962,12032,,
11963,12032,,
11964,12032,,
11965,12032,,
11966,12032,,
11967,12032,,
11968,12032,,
11969,12032,,
11970,12032,,
11971,12032,,
11972,12032,,
11973,12032,,
11974,12032,,
11975,12032,,
11976,12032,,
11977,12032,,
11978,12032,,
11979,12032,,
11980,12032,,
11981,12032,,
11982,12032,,
11983,12032,,
11984,12032,,
11985,12032,,
11986,12032,,
11987,12032,,
11988,12032,,
11989,12032,,
11990,12032,,
11991,12032,,
11992,12032,,
11993,12032,,
11994,12032,,
11995,12032,,
11996,12032,,
11997,12032,,
11998,12032,,
11999,12032,,
12000,12032,,
12001,12032,,
12002,12032,,
12003,12032,,
12004,12032,,
12005,12032,,
12006,12032,,
12007,12032,,
12008,12032,,
12009,12032,,
12010,12032,,
12011,12032,,
12012,12032,,
12013,12032,,
12014,12032,,
12015,12032,,
12016,12032,,
12017,12032,,
12018,12032,,
12019,12032,,
12020,12032,,
12021,12032,,
12022,12032,,
12023,12032,,
12024,12032,,
12025,12032,,
12026,12032,,
12027,12032,,
12028,12032,,
12029,12032,,
12030,12032,,
12031,12032,,
12032,12032,,
12033,12032,,
12034,12032,,
12035,12032,,
12036,12032,,
12037,12032,,
12038,12032,,
12039,12032,,
12040,12032,,
12041,12032,,
12042,12032,,
12043,12032,,
12044,12032,,
12045,12032,,
12046,12032,,
12047,12032,,
12048,12032,,
12049,12032,,
12050,12032,,
12051,12032,,
12052,12032,,
12053,12032,,
12054,12032,,
12055,12032,,
12056,12032,,
12057,12032,,
12058,12032,,
12059,12032,,
12060,12032,,
12061,12032,,
12062,12032,,
12063,12032,,
12064,12032,,
12065,12032,,
12066,12032,,
12067,12032,,
12068,12032,,
12069,12032,,
12070,12032,,
12071,12032,,
12072,12032,,
12073,12032,,
12074,12032,,
12075,12032,,
12076,12032,,
12077,12032,,
12078,12032,,
12079,12032,,
12080,12032,,
12081,12032,,
12082,12032,,
12083,12032,,
12084,12032,,
12085,12032,,
12086,12032,,
12087,12032,,
12088,12032,,
12089,12032,,
12090,12032,,
12091,12032,,
12092,12032,,
12093,12032,,
12094,12032,,
12095,12032,,
12096,12032,,
12097,12032,,
12098,12032,,
12099,12032,,
12100,12032,,
12101,12032,,
12102,12032,,
12103,12032,,
12104,12032,,
12105,12032,,
12106,12032,,
12107,12032,,
12108,12032,,
12109,12032,,
12110,12032,,
12111,12032,,
12112,12032,,
12113,12032,,
12114,12032,,
12115,12032,,
12116,12032,,
12117,12032,,
12118,12032,,
12119,12032,,
12120,12032,,
12121,12032,,
12122,12032,,
12123,12032,,
12124,12032,,
12125,12032,,
12126,12032,,
12127,12032,,
12128,12032,,
12129,12032,,
12130,12032,,
12131,12032,,
12132,12032,,
12133,12032,,
12134,12032,,
12135,12032,,
12136,12032,,
12137,12032,,
12138,12032,,
12139,12032,,
12140,12032,,
12141,12032,,
12142,12032,,
12143,12032,,
12144,12032,,
12145,12032,,
12146,12032,,
12147,12032,,
12148,12032,,
12149,12032,,
12150,12032,,
12151,12032,,
12152,12032,,
12153,12032,,
12154,12032,,
12155,12032,,
12156,12032,,
12157,12032,,
12158,12032,,
12159,12032,,
12160,12032,,
12161,12032,,
12162,12032,,
12163,12032,,
12164,12032,,
12165,12032,,
12166,12032,,
12167,12032,,
12168,12032,,
12169,12032,,
12170,12032,,
12171,12032,,
12172,12032,,
12173,12032,,
12174,12032,,
12175,12032,,
12176,12032,,
12177,12032,,
12178,12032,,
12179,12032,,
12180,12032,,
12181,12032,,
12182,12032,,
12183,12032,,
12184,12032,,
12185,12032,,
12186,12032,,
12187,12032,,
12188,12032,,
12189,12032,,
12190,12032,,
12191,12032,,
12192,12032,,
12193,12032,,
12194,12032,,
12195,12032,,
12196,12032,,
12197,12032,,
12198,12032,,
12199,12032,,
12200,12032,,
12201,12032,,
12202,12032,,
12203,12032,,
12204,12032,,
12205,12032,,
12206,12032,,
12207,12032,,
12208,12032,,
12209,12032,,
12210,12032,,
12211,12032,,
12212,12032,,
12213,12032,,
12214,12032,,
12215,12032,,
12216,12032,,
12217,12032,,
12218,12032,,
12219,12032,,
12220,12032,,
12221,12032,,
12222,12032,,
12223,12032,,
12224,12032,,
12225,12032,,
12226,12032,,
12227,12032,,
12228,12032,,
12229,12032,,
12230,12032,,
12231,12032,,
12232,12032,,
12233,12032,,
12234,12032,,
12235,12032,,
12236,12032,,
12237,12032,,
12238,12032,,
12239,12032,,
12240,12032,,
12241,12032,,
12242,12032,,
12243,12032,,
12244,12032,,
12245,12032,,
12246,12032,,
12247,12032,,
12248,12032,,
12249,12032,,
12250,12032,,
12251,12032,,
12252,12032,,
12253,12032,,
12254,12032,,
12255,12032,,
12256,12032,,
12257,12032,,
12258,12032,,
12259,12032,,
12260,12032,,
12261,12032,,
12262,12032,,
12263,12032,,
12264,12032,,
12265,12032,,
12266,12032,,
12267,12032,,
12268,12032,,
12269,12032,,
12270,12032,,
12271,12032,,
12272,12032,,
12273,12032,,
12274,12032,,
12275,12032,,
12276,12032,,
12277,12032,,
12278,12032,,
12279,12032,,
12280,12032,,
12281,12032,,
12282,12032,,
12283,12032,,
12284,12032,,
12285,12032,,
12286,12032,,
12287,12032,,
12288,12032,,
12289,12032,,
12290,12032,,
12291,12032,,
12292,12032,,
12293,12032,,
12294,12032,,
12295,12032,,
12296,12032,,
12297,12032,,
12298,12032,,
12299,12032,,
12300,12032,,
12301,12032,,
12302,12032,,
12303,12032,,
12304,12032,,
12305,12032,,
12306,12032,,
12307,12032,,
12308,12032,,
12309,12032,,
12310,12032,,
12311,12032,,
12312,12032,,
12313,12032,,
12314,12032,,
12315,12032,,
12316,12032,,
12317,12032,,
12318,12032,,
12319,12032,,
12320,12032,,
12321,12032,,
12322,12032,,
12323,12032,,
12324,12032,,
12325,12032,,
12326,12032,,
12327,12032,,
12328,12032,,
12329,12032,,
12330,12032,,
12331,12032,,
12332,12032,,
12333,12032,,
12334,12032,,
12335,12032,,
12336,12032,,
12337,12032,,
12338,12032,,
12339,12032,,
12340,12032,,
12341,12032,,
12342,12032,,
12343,12032,,
12344,12032,,
12345,12032,,
12346,12032,,
12347,12032,,
12348,12032,,
12349,12032,,
12350,12032,,
12351,12032,,
12352,12032,,
12353,12032,,
12354,12032,,
12355,12032,,
12356,12032,,
12357,12032,,
12358,12032,,
12359,12032,,
12360,12032,,
12361,12032,,
12362,12032,,
12363,12032,,
12364,12032,,
12365,12032,,
12366,12032,,
12367,12032,,
12368,12032,,
12369,12032,,
12370,12032,,
12371,12032,,
12372,12032,,
12373,12032,,
12374,12032,,
12375,12032,,
12376,12032,,
12377,12032,,
12378,12032,,
12379,12032,,
12380,12032,,
12381,12032,,
12382,12032,,
12383,12032,,
12384,12032,,
12385,12032,,
12386,12032,,
12387,12032,,
12388,12032,,
12389,12032,,
12390,12032,,
12391,12032,,
12392,12032,,
12393,12032,,
12394,12032,,
12395,12032,,
12396,12032,,
12397,12032,,
12398,12032,,
12399,12032,,
12400,12032,,
12401,12032,,
12402,12032,,
12403,12032,,
12404,12032,,
12405,12032,,
12406,12032,,
12407,12032,,
12408,12032,,
12409,12032,,
12410,12032,,
12411,12032,,
12412,12032,,
12413,12032,,
12414,12032,,
12415,12032,,
12416,12032,,
12417,12032,,
12418,12032,,
12419,12032,,
12420,12032,,
12421,12032,,
12422,12032,,
12423,12032,,
12424,12032,,
12425,12032,,
12426,12032,,
12427,12032,,
12428,12032,,
12429,12032,,
12430,12032,,
12431,12032,,
12432,12032,,
12433,12032,,
12434,12032,,
12435,12032,,
12436,12032,,
12437,12032,,
12438,12032,,
12439,12032,,
12440,12032,,
12441,12032,,
12442,12032,,
12443,12032,,
12444,12032,,
12445,12032,,
12446,12032,,
12447,12032,,
12448,12032,,
12449,12032,,
12450,12032,,
12451,12032,,
12452,12032,,
12453,12032,,
12454,12032,,
12455,12032,,
12456,12032,,
12457,12032,,
12458,12032,,
12459,12032,,
12460,12032,,
12461,12032,,
12462,12032,,
12463,12032,,
12464,12032,,
12465,12032,,
12466,12032,,
12467,12032,,
12468,12032,,
12469,12032,,
12470,12032,,
12471,12032,,
12472,12032,,
12473,12032,,
12474,12032,,
12475,12032,,
12476,12032,,
12477,12032,,
12478,12032,,
12479,12032,,
12480,12032,,
12481,12032,,
12482,12032,,
12483,12032,,
12484,12032,,
12485,12032,,
12486,12032,,
12487,12032,,
12488,12032,,
12489,12032,,
12490,12032,,
12491,12032,,
12492,12032,,
12493,12032,,
12494,12032,,
12495,12032,,
12496,12032,,
12497,12032,,
12498,12032,,
12499,12032,,
12500,12032,,
12501,12032,,
12502,12032,,
12503,12032,,
12504,12032,,
12505,12032,,
12506,12032,,
12507,12032,,
12508,12032,,
12509,12032,,
12510,12032,,
12511,12032,,
12512,12032,,
12513,12032,,
12514,12032,,
12515,12032,,
12516,12032,,
12517,12032,,
12518,12032,,
12519,12032,,
12520,12032,,
12521,12032,,
12522,12032,,
12523,12032,,
12524,12032,,
12525,12032,,
12526,12032,,
12527,12032,,
12528,12032,,
12529,12032,,
12530,12032,,
12531,12032,,
12532,12032,,
12533,12032,,
12534,12032,,
12535,12032,,
12536,12032,,
12537,12032,,
12538,12032,,
12539,12032,,
12540,12032,,
12541,12032,,
12542,12032,,
12543,12032,,
12544,12032,,
12545,12032,,
12546,12032,,
12547,12032,,
12548,12032,,
12549,12032,,
12550,12032,,
12551,12032,,
12552,12032,,
12553,12032,,
12554,12032,,
12555,12032,,
12556,12032,,
12557,12032,,
12558,12032,,
12559,12032,,
12560,12032,,
12561,12032,,
12562,12032,,
12563,12032,,
12564,12032,,
12565,12032,,
12566,12032,,
12567,12032,,
12568,12032,,
12569,12032,,
12570,12032,,
12571,12032,,
12572,12032,,
12573,12032,,
12574,12032,,
12575,12032,,
12576,12032,,
12577,12032,,
12578,12032,,
12579,12032,,
12580,12032,,
12581,12032,,
12582,12032,,
12583,12032,,
12584,12032,,
12585,12032,,
12586,12032,,
12587,12032,,
12588,12032,,
12589,12032,,
12590,12032,,
12591,12032,,
12592,12032,,
12593,12032,,
12594,12032,,
12595,12032,,
12596,12032,,
12597,12032,,
12598,12032,,
12599,12032,,
12600,12032,,
12601,12032,,
12602,12032,,
12603,12032,,
12604,12032,,
12605,12032,,
12606,12032,,
12607,12032,,
12608,12032,,
12609,12032,,
12610,12032,,
12611,12032,,
12612,12032,,
12613,12032,,
12614,12032,,
12615,12032,,
12616,12032,,
12617,12032,,
12618,12032,,
12619,12032,,
12620,12032,,
12621,12032,,
12622,12032,,
12623,12032,,
12624,12032,,
12625,12032,,
12626,12032,,
12627,12032,,
12628,12032,,
12629,12032,,
12630,12032,,
12631,12032,,
12632,12032,,
12633,12032,,
12634,12032,,
12635,12032,,
12636,12032,,
12637,12032,,
12638,12032,,
12639,12032,,
12640,12032,,
12641,12032,,
12642,12032,,
12643,12032,,
12644,12032,,
12645,12032,,
12646,12032,,
12647,12032,,
12648,12032,,
12649,12032,,
12650,12032,,
12651,12032,,
12652,12032,,
12653,12032,,
12654,12032,,
12655,12032,,
12656,12032,,
12657,12032,,
12658,12032,,
12659,12032,,
12660,12032,,
12661,12032,,
12662,12032,,
12663,12032,,
12664,12032,,
12665,12032,,
12666,12032,,
12667,12032,,
12668,12032,,
12669,12032,,
12670,12032,,
12671,12032,,
12672,12032,,
12673,12032,,
12674,12032,,
12675,12032,,
12676,12032,,
12677,12032,,
12678,12032,,
12679,12032,,
12680,12032,,
12681,12032,,
12682,12032,,
12683,12032,,
12684,12032,,
12685,12032,,
12686,12032,,
12687,12032,,
12688,12032,,
12689,12032,,
12690,12032,,
12691,12032,,
12692,12032,,
12693,12032,,
12694,12032,,
12695,12032,,
12696,12032,,
12697,12032,,
12698,12032,,
12699,12032,,
12700,12032,,
12701,12032,,
12702,12032,,
12703,12032,,
12704,12032,,
12705,12032,,
12706,12032,,
12707,12032,,
12708,12032,,
12709,12032,,
12710,12032,,
12711,12032,,
12712,12032,,
12713,12032,,
12714,12032,,
12715,12032,,
12716,12032,,
12717,12032,,
12718,12032,,
12719,12032,,
12720,12032,,
12721,12032,,
12722,12032,,
12723,12032,,
12724,12032,,
12725,12032,,
12726,12032,,
12727,12032,,
12728,12032,,
12729,12032,,
12730,12032,,
12731,12032,,
12732,12032,,
12733,12032,,
12734,12032,,
12735,12032,,
12736,12032,,
12737,12032,,
12738,12032,,
12739,12032,,
12740,12032,,
12741,12032,,
12742,12032,,
12743,12032,,
12744,12032,,
12745,12032,,
12746,12032,,
12747,12032,,
12748,12032,,
12749,12032,,
12750,12032,,
12751,12032,,
12752,12032,,
12753,12032,,
12754,12032,,
12755,12032,,
12756,12032,,
12757,12032,,
12758,12032,,
12759,12032,,
12760,12032,,
12761,12032,,
12762,12032,,
12763,12032,,
12764,12032,,
12765,12032,,
12766,12032,,
12767,12032,,
12768,12032,,
12769,12032,,
12770,12032,,
12771,12032,,
12772,12032,,
12773,12032,,
12774,12032,,
12775,12032,,
12776,12032,,
12777,12032,,
12778,12032,,
12779,12032,,
12780,12032,,
12781,12032,,
12782,12032,,
12783,12032,,
12784,12032,,
12785,12032,,
12786,12032,,
12787,12032,,
12788,12032,,
12789,12032,,
12790,12032,,
12791,12032,,
12792,12032,,
12793,12032,,
12794,12032,,
12795,12032,,
12796,12032,,
12797,12032,,
12798,12032,,
12799,12032,,
12800,12032,,
12801,12032,,
12802,12032,,
12803,12032,,
12804,12032,,
12805,12032,,
12806,12032,,
12807,12032,,
12808,12032,,
12809,12032,,
12810,12032,,
12811,12032,,
12812,12032,,
12813,12032,,
12814,12032,,
12815,12032,,
12816,12032,,
12817,12032,,
12818,12032,,
12819,12032,,
12820,12032,,
12821,12032,,
12822,12032,,
12823,12032,,
12824,12032,,
12825,12032,,
12826,12032,,
12827,12032,,
12828,12032,,
12829,12032,,
12830,12032,,
12831,12032,,
12832,12032,,
12833,12032,,
12834,12032,,
12835,12032,,
12836,12032,,
12837,12032,,
12838,12032,,
12839,12032,,
12840,12032,,
12841,12032,,
12842,12032,,
12843,12032,,
12844,12032,,
12845,12032,,
12846,12032,,
12847,12032,,
12848,12032,,
12849,12032,,
12850,12032,,
12851,12032,,
12852,12032,,
12853,12032,,
12854,12032,,
12855,12032,,
12856,12032,,
12857,12032,,
12858,12032,,
12859,12032,,
12860,12032,,
12861,12032,,
12862,12032,,
12863,12032,,
12864,12032,,
12865,12032,,
12866,12032,,
12867,12032,,
12868,12032,,
12869,12032,,
12870,12032,,
12871,12032,,
12872,12032,,
12873,12032,,
12874,12032,,
12875,12032,,
12876,12032,,
12877,12032,,
12878,12032,,
12879,12032,,
12880,12032,,
12881,12032,,
12882,12032,,
12883,12032,,
12884,12032,,
12885,12032,,
12886,12032,,
12887,12032,,
12888,12032,,
12889,12032,,
12890,12032,,
12891,12032,,
12892,12032,,
12893,12032,,
12894,12032,,
12895,12032,,
12896,12032,,
12897,12032,,
12898,12032,,
12899,12032,,
12900,12032,,
12901,12032,,
12902,12032,,
12903,12032,,
12904,12032,,
12905,12032,,
12906,12032,,
12907,12032,,
12908,12032,,
12909,12032,,
12910,12032,,
12911,12032,,
12912,12032,,
12913,12032,,
12914,12032,,
12915,12032,,
12916,12032,,
12917,12032,,
12918,12032,,
12919,12032,,
12920,12032,,
12921,12032,,
12922,12032,,
12923,12032,,
12924,12032,,
12925,12032,,
12926,12032,,
12927,12032,,
12928,12032,,
12929,12032,,
12930,12032,,
12931,12032,,
12932,12032,,
12933,12032,,
12934,12032,,
12935,12032,,
12936,12032,,
12937,12032,,
12938,12032,,
12939,12032,,
12940,12032,,
12941,12032,,
12942,12032,,
12943,12032,,
12944,12032,,
12945,12032,,
12946,12032,,
12947,12032,,
12948,12032,,
12949,12032,,
12950,12032,,
12951,12032,,
12952,12032,,
12953,12032,,
12954,12032,,
12955,12032,,
12956,12032,,
12957,12032,,
12958,12032,,
12959,12032,,
12960,12032,,
12961,12032,,
12962,12032,,
12963,12032,,
12964,12032,,
12965,12032,,
12966,12032,,
12967,12032,,
12968,12032,,
12969,12032,,
12970,12032,,
12971,12032,,
12972,12032,,
12973,12032,,
12974,12032,,
12975,12032,,
12976,12032,,
12977,12032,,
12978,12032,,
12979,12032,,
12980,12032,,
12981,12032,,
12982,12032,,
12983,12032,,
12984,12032,,
12985,12032,,
12986,12032,,
12987,12032,,
12988,12032,,
12989,12032,,
12990,12032,,
12991,12032,,
12992,12032,,
12993,12032,,
12994,12032,,
12995,12032,,
12996,12032,,
12997,12032,,
12998,12032,,
12999,12032,,
13000,12032,,
13001,12032,,
13002,12032,,
13003,12032,,
13004,12032,,
13005,12032,,
13006,12032,,
13007,12032,,
13008,12032,,
13009,12032,,
13010,12032,,
13011,12032,,
13012,12032,,
13013,12032,,
13014,12032,,
13015,12032,,
13016,12032,,
13017,12032,,
13018,12032,,
13019,12032,,
13020,12032,,
13021,12032,,
13022,12032,,
13023,12032,,
13024,12032,,
13025,12032,,
13026,12032,,
13027,12032,,
13028,12032,,
13029,12032,,
13030,12032,,
13031,12032,,
13032,12032,,
13033,12032,,
13034,12032,,
13035,12032,,
13036,12032,,
13037,12032,,
13038,12032,,
13039,12032,,
13040,12032,,
13041,12032,,
13042,12032,,
13043,12032,,
13044,12032,,
13045,12032,,
13046,12032,,
13047,12032,,
13048,12032,,
13049,12032,,
13050,12032,,
13051,12032,,
13052,12032,,
13053,12032,,
13054,12032,,
13055,12032,,
13056,12032,,
13057,12032,,
13058,12032,,
13059,12032,,
13060,12032,,
13061,12032,,
13062,12032,,
13063,12032,,
13064,12032,,
13065,12032,,
13066,12032,,
13067,12032,,
13068,12032,,
13069,12032,,
13070,12032,,
13071,12032,,
13072,12032,,
13073,12032,,
13074,12032,,
13075,12032,,
13076,12032,,
13077,12032,,
13078,12032,,
13079,12032,,
13080,12032,,
13081,12032,,
13082,12032,,
13083,12032,,
13084,12032,,
13085,12032,,
13086,12032,,
13087,12032,,
13088,12032,,
13089,12032,,
13090,12032,,
13091,12032,,
13092,12032,,
13093,12032,,
13094,12032,,
13095,12032,,
13096,12032,,
13097,12032,,
13098,12032,,
13099,12032,,
13100,12032,,
13101,12032,,
13102,12032,,
13103,12032,,
13104,12032,,
13105,12032,,
13106,12032,,
13107,12032,,
13108,12032,,
13109,12032,,
13110,12032,,
13111,12032,,
13112,12032,,
13113,12032,,
13114,12032,,
13115,12032,,
13116,12032,,
13117,12032,,
13118,12032,,
13119,12032,,
13120,12032,,
13121,12032,,
13122,12032,,
13123,12032,,
13124,12032,,
13125,12032,,
13126,12032,,
13127,12032,,
13128,12032,,
13129,12032,,
13130,12032,,
13131,12032,,
13132,12032,,
13133,12032,,
13134,12032,,
13135,12032,,
13136,12032,,
13137,12032,,
13138,12032,,
13139,12032,,
13140,12032,,
13141,12032,,
13142,12032,,
13143,12032,,
13144,12032,,
13145,12032,,
13146,12032,,
13147,12032,,
13148,12032,,
13149,12032,,
13150,12032,,
13151,12032,,
13152,12032,,
13153,12032,,
13154,12032,,
13155,12032,,
13156,12032,,
13157,12032,,
13158,12032,,
13159,12032,,
13160,12032,,
13161,12032,,
13162,12032,,
13163,12032,,
13164,12032,,
13165,12032,,
13166,12032,,
13167,12032,,
13168,12032,,
13169,12032,,
13170,12032,,
13171,12032,,
13172,12032,,
13173,12032,,
13174,12032,,
13175,12032,,
13176,12032,,
13177,12032,,
13178,12032,,
13179,12032,,
13180,12032,,
13181,12032,,
13182,12032,,
13183,12032,,
13184,12032,,
13185,12032,,
13186,12032,,
13187,12032,,
13188,12032,,
13189,12032,,
13190,12032,,
13191,12032,,
13192,12032,,
13193,12032,,
13194,12032,,
13195,12032,,
13196,12032,,
13197,12032,,
13198,12032,,
13199,12032,,
13200,12032,,
13201,12032,,
13202,12032,,
13203,12032,,
13204,12032,,
13205,12032,,
13206,12032,,
13207,12032,,
13208,12032,,
13209,12032,,
13210,12032,,
13211,12032,,
13212,12032,,
13213,12032,,
13214,12032,,
13215,12032,,
13216,12032,,
13217,12032,,
13218,12032,,
13219,12032,,
13220,12032,,
13221,12032,,
13222,12032,,
13223,12032,,
13224,12032,,
13225,12032,,
13226,12032,,
13227,12032,,
13228,12032,,
13229,12032,,
13230,12032,,
13231,12032,,
13232,12032,,
13233,12032,,
13234,12032,,
13235,12032,,
13236,12032,,
13237,12032,,
13238,12032,,
13239,12032,,
13240,12032,,
13241,12032,,
13242,12032,,
13243,12032,,
13244,12032,,
13245,12032,,
13246,12032,,
13247,12032,,
13248,12032,,
13249,12032,,
13250,12032,,
13251,12032,,
13252,12032,,
13253,12032,,
13254,12032,,
13255,12032,,
13256,12032,,
13257,12032,,
13258,12032,,
13259,12032,,
13260,12032,,
13261,12032,,
13262,12032,,
13263,12032,,
13264,12032,,
13265,12032,,
13266,12032,,
13267,12032,,
13268,12032,,
13269,12032,,
13270,12032,,
13271,12032,,
13272,12032,,
13273,12032,,
13274,12032,,
13275,12032,,
13276,12032,,
13277,12032,,
13278,12032,,
13279,12032,,
13280,12032,,
13281,12032,,
13282,12032,,
13283,12032,,
13284,12032,,
13285,12032,,
13286,12032,,
13287,12032,,
13288,12032,,
13289,12032,,
13290,12032,,
13291,12032,,
13292,12032,,
13293,12032,,
13294,12032,,
13295,12032,,
13296,12032,,
13297,12032,,
13298,12032,,
13299,12032,,
13300,12032,,
13301,12032,,
13302,12032,,
13303,12032,,
13304,12032,,
13305,12032,,
13306,12032,,
13307,12032,,
13308,12032,,
13309,12032,,
13310,12032,,
13311,12032,,
13312,12032,,
13313,12032,,
13314,12032,,
13315,12032,,
13316,12032,,
13317,12032,,
13318,12032,,
13319,12032,,
13320,12032,,
13321,12032,,
13322,12032,,
13323,12032,,
13324,12032,,
13325,12032,,
13326,12032,,
13327,12032,,
13328,12032,,
13329,12032,,
13330,12032,,
13331,12032,,
13332,12032,,
13333,12032,,
13334,12032,,
13335,12032,,
13336,12032,,
13337,12032,,
13338,12032,,
13339,12032,,
13340,12032,,
13341,12032,,
13342,12032,,
13343,12032,,
13344,12032,,
13345,12032,,
13346,12032,,
13347,12032,,
13348,12032,,
13349,12032,,
13350,12032,,
13351,12032,,
13352,12032,,
13353,12032,,
13354,12032,,
13355,12032,,
13356,12032,,
13357,12032,,
13358,12032,,
13359,12032,,
13360,12032,,
13361,12032,,
13362,12032,,
13363,12032,,
13364,12032,,
13365,12032,,
13366,12032,,
13367,12032,,
13368,12032,,
13369,12032,,
13370,12032,,
13371,12032,,
13372,12032,,
13373,12032,,
13374,12032,,
13375,12032,,
13376,12032,,
13377,12032,,
13378,12032,,
13379,12032,,
13380,12032,,
13381,12032,,
13382,12032,,
13383,12032,,
13384,12032,,
13385,12032,,
13386,12032,,
13387,12032,,
13388,12032,,
13389,12032,,
13390,12032,,
13391,12032,,
13392,12032,,
13393,12032,,
13394,12032,,
13395,12032,,
13396,12032,,
13397,12032,,
13398,12032,,
13399,12032,,
13400,12032,,
13401,12032,,
13402,12032,,
13403,12032,,
13404,12032,,
13405,12032,,
13406,12032,,
13407,12032,,
13408,12032,,
13409,12032,,
13410,12032,,
13411,12032,,
13412,12032,,
13413,12032,,
13414,12032,,
13415,12032,,
13416,12032,,
13417,12032,,
13418,12032,,
13419,12032,,
13420,12032,,
13421,12032,,
13422,12032,,
13423,12032,,
13424,12032,,
13425,12032,,
13426,12032,,
13427,12032,,
13428,12032,,
13429,12032,,
13430,12032,,
13431,12032,,
13432,12032,,
13433,12032,,
13434,12032,,
13435,12032,,
13436,12032,,
13437,12032,,
13438,12032,,
13439,12032,,
13440,12032,,
13441,12032,,
13442,12032,,
13443,12032,,
13444,12032,,
13445,12032,,
13446,12032,,
13447,12032,,
13448,12032,,
13449,12032,,
13450,12032,,
13451,12032,,
13452,12032,,
13453,12032,,
13454,12032,,
13455,12032,,
13456,12032,,
13457,12032,,
13458,12032,,
13459,12032,,
13460,12032,,
13461,12032,,
13462,12032,,
13463,12032,,
13464,12032,,
13465,12032,,
13466,12032,,
13467,12032,,
13468,12032,,
13469,12032,,
13470,12032,,
13471,12032,,
13472,12032,,
13473,12032,,
13474,12032,,
13475,12032,,
13476,12032,,
13477,12032,,
13478,12032,,
13479,12032,,
13480,12032,,
13481,12032,,
13482,12032,,
13483,12032,,
13484,12032,,
13485,12032,,
13486,12032,,
13487,12032,,
13488,12032,,
13489,12032,,
13490,12032,,
13491,12032,,
13492,12032,,
13493,12032,,
13494,12032,,
13495,12032,,
13496,12032,,
13497,12032,,
13498,12032,,
13499,12032,,
13500,12032,,
13501,12032,,
13502,12032,,
13503,12032,,
13504,12032,,
13505,12032,,
13506,12032,,
13507,12032,,
13508,12032,,
13509,12032,,
13510,12032,,
13511,12032,,
13512,12032,,
13513,12032,,
13514,12032,,
13515,12032,,
13516,12032,,
13517,12032,,
13518,12032,,
13519,12032,,
13520,12032,,
13521,12032,,
13522,12032,,
13523,12032,,
13524,12032,,
13525,12032,,
13526,12032,,
13527,12032,,
13528,12032,,
13529,12032,,
13530,12032,,
13531,12032,,
13532,12032,,
13533,12032,,
13534,12032,,
13535,12032,,
13536,12032,,
13537,12032,,
13538,12032,,
13539,12032,,
13540,12032,,
13541,12032,,
13542,12032,,
13543,12032,,
13544,12032,,
13545,12032,,
13546,12032,,
13547,12032,,
13548,12032,,
13549,12032,,
13550,12032,,
13551,12032,,
13552,12032,,
13553,12032,,
13554,12032,,
13555,12032,,
13556,12032,,
13557,12032,,
13558,12032,,
13559,12032,,
13560,12032,,
13561,12032,,
13562,12032,,
13563,12032,,
13564,12032,,
13565,12032,,
13566,12032,,
13567,12032,,
13568,12032,,
13569,12032,,
13570,12032,,
13571,12032,,
13572,12032,,
13573,12032,,
13574,12032,,
13575,12032,,
13576,12032,,
13577,12032,,
13578,12032,,
13579,12032,,
13580,12032,,
13581,12032,,
13582,12032,,
13583,12032,,
13584,12032,,
13585,12032,,
13586,12032,,
13587,12032,,
13588,12032,,
13589,12032,,
13590,12032,,
13591,12032,,
13592,12032,,
13593,12032,,
13594,12032,,
13595,12032,,
13596,12032,,
13597,12032,,
13598,12032,,
13599,12032,,
13600,12032,,
13601,12032,,
13602,12032,,
13603,12032,,
13604,12032,,
13605,12032,,
13606,12032,,
13607,12032,,
13608,12032,,
13609,12032,,
13610,12032,,
13611,12032,,
13612,12032,,
13613,12032,,
13614,12032,,
13615,12032,,
13616,12032,,
13617,12032,,
13618,12032,,
13619,12032,,
13620,12032,,
13621,12032,,
13622,12032,,
13623,12032,,
13624,12032,,
13625,12032,,
13626,12032,,
13627,12032,,
13628,12032,,
13629,12032,,
13630,12032,,
13631,12032,,
13632,12032,,
13633,12032,,
13634,12032,,
13635,12032,,
13636,12032,,
13637,12032,,
13638,12032,,
13639,12032,,
13640,12032,,
13641,12032,,
13642,12032,,
13643,12032,,
13644,12032,,
13645,12032,,
13646,12032,,
13647,12032,,
13648,12032,,
13649,12032,,
13650,12032,,
13651,12032,,
13652,12032,,
13653,12032,,
13654,12032,,
13655,12032,,
13656,12032,,
13657,12032,,
13658,12032,,
13659,12032,,
13660,12032,,
13661,12032,,
13662,12032,,
13663,12032,,
13664,12032,,
13665,12032,,
13666,12032,,
13667,12032,,
13668,12032,,
13669,12032,,
13670,12032,,
13671,12032,,
13672,12032,,
13673,12032,,
13674,12032,,
13675,12032,,
13676,12032,,
13677,12032,,
13678,12032,,
13679,12032,,
13680,12032,,
13681,12032,,
13682,12032,,
13683,12032,,
13684,12032,,
13685,12032,,
13686,12032,,
13687,12032,,
13688,12032,,
13689,12032,,
13690,12032,,
13691,12032,,
13692,12032,,
13693,12032,,
13694,12032,,
13695,12032,,
13696,12032,,
13697,12032,,
13698,12032,,
13699,12032,,
13700,12032,,
13701,12032,,
13702,12032,,
13703,12032,,
13704,12032,,
13705,12032,,
13706,12032,,
13707,12032,,
13708,12032,,
13709,12032,,
13710,12032,,
13711,12032,,
13712,12032,,
13713,12032,,
13714,12032,,
13715,12032,,
13716,12032,,
13717,12032,,
13718,12032,,
13719,12032,,
13720,12032,,
13721,12032,,
13722,12032,,
13723,12032,,
13724,12032,,
13725,12032,,
13726,12032,,
13727,12032,,
13728,12032,,
13729,12032,,
13730,12032,,
13731,12032,,
13732,12032,,
13733,12032,,
13734,12032,,
13735,12032,,
13736,12032,,
13737,12032,,
13738,12032,,
13739,12032,,
13740,12032,,
13741,12032,,
13742,12032,,
13743,12032,,
13744,12032,,
13745,12032,,
13746,12032,,
13747,12032,,
13748,12032,,
13749,12032,,
13750,12032,,
13751,12032,,
13752,12032,,
13753,12032,,
13754,12032,,
13755,12032,,
13756,12032,,
13757,12032,,
13758,12032,,
13759,12032,,
13760,12032,,
13761,12032,,
13762,12032,,
13763,12032,,
13764,12032,,
13765,12032,,
13766,12032,,
13767,12032,,
13768,12032,,
13769,12032,,
13770,12032,,
13771,12032,,
13772,12032,,
13773,12032,,
13774,12032,,
13775,12032,,
13776,12032,,
13777,12032,,
13778,12032,,
13779,12032,,
13780,12032,,
13781,12032,,
13782,12032,,
13783,12032,,
13784,12032,,
13785,12032,,
13786,12032,,
13787,12032,,
13788,12032,,
13789,12032,,
13790,12032,,
13791,12032,,
13792,12032,,
13793,12032,,
13794,12032,,
13795,12032,,
13796,12032,,
13797,12032,,
13798,12032,,
13799,12032,,
13800,12032,,
13801,12032,,
13802,12032,,
13803,12032,,
13804,12032,,
13805,12032,,
13806,12032,,
13807,12032,,
13808,12032,,
13809,12032,,
13810,12032,,
13811,12032,,
13812,12032,,
13813,12032,,
13814,12032,,
13815,12032,,
13816,12032,,
13817,12032,,
13818,12032,,
13819,12032,,
13820,12032,,
13821,12032,,
13822,12032,,
13823,12032,,
13824,12032,,
13825,12032,,
13826,12032,,
13827,12032,,
13828,12032,,
13829,12032,,
13830,12032,,
13831,12032,,
13832,12032,,
13833,12032,,
13834,12032,,
13835,12032,,
13836,12032,,
13837,12032,,
13838,12032,,
13839,12032,,
13840,12032,,
13841,12032,,
13842,12032,,
13843,12032,,
13844,12032,,
13845,12032,,
13846,12032,,
13847,12032,,
13848,12032,,
13849,12032,,
13850,12032,,
13851,12032,,
13852,12032,,
13853,12032,,
13854,12032,,
13855,12032,,
13856,12032,,
13857,12032,,
13858,12032,,
13859,12032,,
13860,12032,,
13861,12032,,
13862,12032,,
13863,12032,,
13864,12032,,
13865,12032,,
13866,12032,,
13867,12032,,
13868,12032,,
13869,12032,,
13870,12032,,
13871,12032,,
13872,12032,,
13873,12032,,
13874,12032,,
13875,12032,,
13876,12032,,
13877,12032,,
13878,12032,,
13879,12032,,
13880,12032,,
13881,12032,,
13882,12032,,
13883,12032,,
13884,12032,,
13885,12032,,
13886,12032,,
13887,12032,,
13888,12032,,
13889,12032,,
13890,12032,,
13891,12032,,
13892,12032,,
13893,12032,,
13894,12032,,
13895,12032,,
13896,12032,,
13897,12032,,
13898,12032,,
13899,12032,,
13900,12032,,
13901,12032,,
13902,12032,,
13903,12032,,
13904,12032,,
13905,12032,,
13906,12032,,
13907,12032,,
13908,12032,,
13909,12032,,
13910,12032,,
13911,12032,,
13912,12032,,
13913,12032,,
13914,12032,,
13915,12032,,
13916,12032,,
13917,12032,,
13918,12032,,
13919,12032,,
13920,12032,,
13921,12032,,
13922,12032,,
13923,12032,,
13924,12032,,
13925,12032,,
13926,12032,,
13927,12032,,
13928,12032,,
13929,12032,,
13930,12032,,
13931,12032,,
13932,12032,,
13933,12032,,
13934,12032,,
13935,12032,,
13936,12032,,
13937,12032,,
13938,12032,,
13939,12032,,
13940,12032,,
13941,12032,,
13942,12032,,
13943,12032,,
13944,12032,,
13945,12032,,
13946,12032,,
13947,12032,,
13948,12032,,
13949,12032,,
13950,12032,,
13951,12032,,
13952,12032,,
13953,12032,,
13954,12032,,
13955,12032,,
13956,12032,,
13957,12032,,
13958,12032,,
13959,12032,,
13960,12032,,
13961,12032,,
13962,12032,,
13963,12032,,
13964,12032,,
13965,12032,,
13966,12032,,
13967,12032,,
13968,12032,,
13969,12032,,
13970,12032,,
13971,12032,,
13972,12032,,
13973,12032,,
13974,12032,,
13975,12032,,
13976,12032,,
13977,12032,,
13978,12032,,
13979,12032,,
13980,12032,,
13981,12032,,
13982,12032,,
13983,12032,,
13984,12032,,
13985,12032,,
13986,12032,,
13987,12032,,
13988,12032,,
13989,12032,,
13990,12032,,
13991,12032,,
13992,12032,,
13993,12032,,
13994,12032,,
13995,12032,,
13996,12032,,
13997,12032,,
13998,12032,,
13999,12032,,
14000,12032,,
14001,12032,,
14002,12032,,
14003,12032,,
14004,12032,,
14005,12032,,
14006,12032,,
14007,12032,,
14008,12032,,
14009,12032,,
14010,12032,,
14011,12032,,
14012,12032,,
14013,12032,,
14014,12032,,
14015,12032,,
14016,12032,,
14017,12032,,
14018,12032,,
14019,12032,,
14020,12032,,
14021,12032,,
14022,12032,,
14023,12032,,
14024,12032,,
14025,12032,,
14026,12032,,
14027,12032,,
14028,12032,,
14029,12032,,
14030,12032,,
14031,12032,,
14032,12032,,
14033,12032,,
14034,12032,,
14035,12032,,
14036,12032,,
14037,12032,,
14038,12032,,
14039,12032,,
14040,12032,,
14041,12032,,
14042,12032,,
14043,12032,,
14044,12032,,
14045,12032,,
14046,12032,,
14047,12032,,
14048,12032,,
14049,12032,,
14050,12032,,
14051,12032,,
14052,12032,,
14053,12032,,
14054,12032,,
14055,12032,,
14056,12032,,
14057,12032,,
14058,12032,,
14059,12032,,
14060,12032,,
14061,12032,,
14062,12032,,
14063,12032,,
14064,12032,,
14065,12032,,
14066,12032,,
14067,12032,,
14068,12032,,
14069,12032,,
14070,12032,,
14071,12032,,
14072,12032,,
14073,12032,,
14074,12032,,
14075,12032,,
14076,12032,,
14077,12032,,
14078,12032,,
14079,12032,,
14080,12032,,
14081,12032,,
14082,12032,,
14083,12032,,
14084,12032,,
14085,12032,,
14086,12032,,
14087,12032,,
14088,12032,,
14089,12032,,
14090,12032,,
14091,12032,,
14092,12032,,
14093,12032,,
14094,12032,,
14095,12032,,
14096,12032,,
14097,12032,,
14098,12032,,
14099,12032,,
14100,12032,,
14101,12032,,
14102,12032,,
14103,12032,,
14104,12032,,
14105,12032,,
14106,12032,,
14107,12032,,
14108,12032,,
14109,12032,,
14110,12032,,
14111,12032,,
14112,12032,,
14113,12032,,
14114,12032,,
14115,12032,,
14116,12032,,
14117,12032,,
14118,12032,,
14119,12032,,
14120,12032,,
14121,12032,,
14122,12032,,
14123,12032,,
14124,12032,,
14125,12032,,
14126,12032,,
14127,12032,,
14128,12032,,
14129,12032,,
14130,12032,,
14131,12032,,
14132,12032,,
14133,12032,,
14134,12032,,
14135,12032,,
14136,12032,,
14137,12032,,
14138,12032,,
14139,12032,,
14140,12032,,
14141,12032,,
14142,12032,,
14143,12032,,
14144,12032,,
14145,12032,,
14146,12032,,
14147,12032,,
14148,12032,,
14149,12032,,
14150,12032,,
14151,12032,,
14152,12032,,
14153,12032,,
14154,12032,,
14155,12032,,
14156,12032,,
14157,12032,,
14158,12032,,
14159,12032,,
14160,12032,,
14161,12032,,
14162,12032,,
14163,12032,,
14164,12032,,
14165,12032,,
14166,12032,,
14167,12032,,
14168,12032,,
14169,12032,,
14170,12032,,
14171,12032,,
14172,12032,,
14173,12032,,
14174,12032,,
14175,12032,,
14176,12032,,
14177,12032,,
14178,12032,,
14179,12032,,
14180,12032,,
14181,12032,,
14182,12032,,
14183,12032,,
14184,12032,,
14185,12032,,
14186,12032,,
14187,12032,,
14188,12032,,
14189,12032,,
14190,12032,,
14191,12032,,
14192,12032,,
14193,12032,,
14194,12032,,
14195,12032,,
14196,12032,,
14197,12032,,
14198,12032,,
14199,12032,,
14200,12032,,
14201,12032,,
14202,12032,,
14203,12032,,
14204,12032,,
14205,12032,,
14206,12032,,
14207,12032,,
14208,12032,,
14209,12032,,
14210,12032,,
14211,12032,,
14212,12032,,
14213,12032,,
14214,12032,,
14215,12032,,
14216,12032,,
14217,12032,,
14218,12032,,
14219,12032,,
14220,12032,,
14221,12032,,
14222,12032,,
14223,12032,,
14224,12032,,
14225,12032,,
14226,12032,,
14227,12032,,
14228,12032,,
14229,12032,,
14230,12032,,
14231,12032,,
14232,12032,,
14233,12032,,
14234,12032,,
14235,12032,,
14236,12032,,
14237,12032,,
14238,12032,,
14239,12032,,
14240,12032,,
14241,12032,,
14242,12032,,
14243,12032,,
14244,12032,,
14245,12032,,
14246,12032,,
14247,12032,,
14248,12032,,
14249,12032,,
14250,12032,,
14251,12032,,
14252,12032,,
14253,12032,,
14254,12032,,
14255,12032,,
14256,12032,,
14257,12032,,
14258,12032,,
14259,12032,,
14260,12032,,
14261,12032,,
14262,12032,,
14263,12032,,
14264,12032,,
14265,12032,,
14266,12032,,
14267,12032,,
14268,12032,,
14269,12032,,
14270,12032,,
14271,12032,,
14272,12032,,
14273,12032,,
14274,12032,,
14275,12032,,
14276,12032,,
14277,12032,,
14278,12032,,
14279,12032,,
14280,12032,,
14281,12032,,
14282,12032,,
14283,12032,,
14284,12032,,
14285,12032,,
14286,12032,,
14287,12032,,
14288,12032,,
14289,12032,,
14290,12032,,
14291,12032,,
14292,12032,,
14293,12032,,
14294,12032,,
14295,12032,,
14296,12032,,
14297,12032,,
14298,12032,,
14299,12032,,
14300,12032,,
14301,12032,,
14302,12032,,
14303,12032,,
14304,12032,,
14305,12032,,
14306,12032,,
14307,12032,,
14308,12032,,
14309,12032,,
14310,12032,,
14311,12032,,
14312,12032,,
14313,12032,,
14314,12032,,
14315,12032,,
14316,12032,,
14317,12032,,
14318,12032,,
14319,12032,,
14320,12032,,
14321,12032,,
14322,12032,,
14323,12032,,
14324,12032,,
14325,12032,,
14326,12032,,
14327,12032,,
14328,12032,,
14329,12032,,
14330,12032,,
14331,12032,,
14332,12032,,
14333,12032,,
14334,12032,,
14335,12032,,
14336,12032,,
14337,12032,,
14338,12032,,
14339,12032,,
14340,12032,,
14341,12032,,
14342,12032,,
14343,12032,,
14344,12032,,
14345,12032,,
14346,12032,,
14347,12032,,
14348,12032,,
14349,12032,,
14350,12032,,
14351,12032,,
14352,12032,,
14353,12032,,
14354,12032,,
14355,12032,,
14356,12032,,
14357,12032,,
14358,12032,,
14359,12032,,
14360,12032,,
14361,12032,,
14362,12032,,
14363,12032,,
14364,12032,,
14365,12032,,
14366,12032,,
14367,12032,,
14368,12032,,
14369,12032,,
14370,12032,,
14371,12032,,
14372,12032,,
14373,12032,,
14374,12032,,
14375,12032,,
14376,12032,,
14377,12032,,
14378,12032,,
14379,12032,,
14380,12032,,
14381,12032,,
14382,12032,,
14383,12032,,
14384,12032,,
14385,12032,,
14386,12032,,
14387,12032,,
14388,12032,,
14389,12032,,
14390,12032,,
14391,12032,,
14392,12032,,
14393,12032,,
14394,12032,,
14395,12032,,
14396,12032,,
14397,12032,,
14398,12032,,
14399,12032,,
14400,12032,,
14401,12032,,
14402,12032,,
14403,12032,,
14404,12032,,
14405,12032,,
14406,12032,,
14407,12032,,
14408,12032,,
14409,12032,,
14410,12032,,
14411,12032,,
14412,12032,,
14413,12032,,
14414,12032,,
14415,12032,,
14416,12032,,
14417,12032,,
14418,12032,,
14419,12032,,
14420,12032,,
14421,12032,,
14422,12032,,
14423,12032,,
14424,12032,,
14425,12032,,
14426,12032,,
14427,12032,,
14428,12032,,
14429,12032,,
14430,12032,,
14431,12032,,
14432,12032,,
14433,12032,,
14434,12032,,
14435,12032,,
14436,12032,,
14437,12032,,
14438,12032,,
14439,12032,,
14440,12032,,
14441,12032,,
14442,12032,,
14443,12032,,
14444,12032,,
14445,12032,,
14446,12032,,
14447,12032,,
14448,12032,,
14449,12032,,
14450,12032,,
14451,12032,,
14452,12032,,
14453,12032,,
14454,12032,,
14455,12032,,
14456,12032,,
14457,12032,,
14458,12032,,
14459,12032,,
14460,12032,,
14461,12032,,
14462,12032,,
14463,12032,,
14464,12032,,
14465,12032,,
14466,12032,,
14467,12032,,
14468,12032,,
14469,12032,,
14470,12032,,
14471,12032,,
14472,12032,,
14473,12032,,
14474,12032,,
14475,12032,,
14476,12032,,
14477,12032,,
14478,12032,,
14479,12032,,
14480,12032,,
14481,12032,,
14482,12032,,
14483,12032,,
14484,12032,,
14485,12032,,
14486,12032,,
14487,12032,,
14488,12032,,
14489,12032,,
14490,12032,,
14491,12032,,
14492,12032,,
14493,12032,,
14494,12032,,
14495,12032,,
14496,12032,,
14497,12032,,
14498,12032,,
14499,12032,,
14500,12032,,
14501,12032,,
14502,12032,,
14503,12032,,
14504,12032,,
14505,12032,,
14506,12032,,
14507,12032,,
14508,12032,,
14509,12032,,
14510,12032,,
14511,12032,,
14512,12032,,
14513,12032,,
14514,12032,,
14515,12032,,
14516,12032,,
14517,12032,,
14518,12032,,
14519,12032,,
14520,12032,,
14521,12032,,
14522,12032,,
14523,12032,,
14524,12032,,
14525,12032,,
14526,12032,,
14527,12032,,
14528,12032,,
14529,12032,,
14530,12032,,
14531,12032,,
14532,12032,,
14533,12032,,
14534,12032,,
14535,12032,,
14536,12032,,
14537,12032,,
14538,12032,,
14539,12032,,
14540,12032,,
14541,12032,,
14542,12032,,
14543,12032,,
14544,12032,,
14545,12032,,
14546,12032,,
14547,12032,,
14548,12032,,
14549,12032,,
14550,12032,,
14551,12032,,
14552,12032,,
14553,12032,,
14554,12032,,
14555,12032,,
14556,12032,,
14557,12032,,
14558,12032,,
14559,12032,,
14560,12032,,
14561,12032,,
14562,12032,,
14563,12032,,
14564,12032,,
14565,12032,,
14566,12032,,
14567,12032,,
14568,12032,,
14569,12032,,
14570,12032,,
14571,12032,,
14572,12032,,
14573,12032,,
14574,12032,,
14575,12032,,
14576,12032,,
14577,12032,,
14578,12032,,
14579,12032,,
14580,12032,,
14581,12032,,
14582,12032,,
14583,12032,,
14584,12032,,
14585,12032,,
14586,12032,,
14587,12032,,
14588,12032,,
14589,12032,,
14590,12032,,
14591,12032,,
14592,12032,,
14593,12032,,
14594,12032,,
14595,12032,,
14596,12032,,
14597,12032,,
14598,12032,,
14599,12032,,
14600,12032,,
14601,12032,,
14602,12032,,
14603,12032,,
14604,12032,,
14605,12032,,
14606,12032,,
14607,12032,,
14608,12032,,
14609,12032,,
14610,12032,,
14611,12032,,
14612,12032,,
14613,12032,,
14614,12032,,
14615,12032,,
14616,12032,,
14617,12032,,
14618,12032,,
14619,12032,,
14620,12032,,
14621,12032,,
14622,12032,,
14623,12032,,
14624,12032,,
14625,12032,,
14626,12032,,
14627,12032,,
14628,12032,,
14629,12032,,
14630,12032,,
14631,12032,,
14632,12032,,
14633,12032,,
14634,12032,,
14635,12032,,
14636,12032,,
14637,12032,,
14638,12032,,
14639,12032,,
14640,12032,,
14641,12032,,
14642,12032,,
14643,12032,,
14644,12032,,
14645,12032,,
14646,12032,,
14647,12032,,
14648,12032,,
14649,12032,,
14650,12032,,
14651,12032,,
14652,12032,,
14653,12032,,
14654,12032,,
14655,12032,,
14656,12032,,
14657,12032,,
14658,12032,,
14659,12032,,
14660,12032,,
14661,12032,,
14662,12032,,
14663,12032,,
14664,12032,,
14665,12032,,
14666,12032,,
14667,12032,,
14668,12032,,
14669,12032,,
14670,12032,,
14671,12032,,
14672,12032,,
14673,12032,,
14674,12032,,
14675,12032,,
14676,12032,,
14677,12032,,
14678,12032,,
14679,12032,,
14680,12032,,
14681,12032,,
14682,12032,,
14683,12032,,
14684,12032,,
14685,12032,,
14686,12032,,
14687,12032,,
14688,12032,,
14689,12032,,
14690,12032,,
14691,12032,,
14692,12032,,
14693,12032,,
14694,12032,,
14695,12032,,
14696,12032,,
14697,12032,,
14698,12032,,
14699,12032,,
14700,12032,,
14701,12032,,
14702,12032,,
14703,12032,,
14704,12032,,
14705,12032,,
14706,12032,,
14707,12032,,
14708,12032,,
14709,12032,,
14710,12032,,
14711,12032,,
14712,12032,,
14713,12032,,
14714,12032,,
14715,12032,,
14716,12032,,
14717,12032,,
14718,12032,,
14719,12032,,
14720,12032,,
14721,12032,,
14722,12032,,
14723,12032,,
14724,12032,,
14725,12032,,
14726,12032,,
14727,12032,,
14728,12032,,
14729,12032,,
14730,12032,,
14731,12032,,
14732,12032,,
14733,12032,,
14734,12032,,
14735,12032,,
14736,12032,,
14737,12032,,
14738,12032,,
14739,12032,,
14740,12032,,
14741,12032,,
14742,12032,,
14743,12032,,
14744,12032,,
14745,12032,,
14746,12032,,
14747,12032,,
14748,12032,,
14749,12032,,
14750,12032,,
14751,12032,,
14752,12032,,
14753,12032,,
14754,12032,,
14755,12032,,
14756,12032,,
14757,12032,,
14758,12032,,
14759,12032,,
14760,12032,,
14761,12032,,
14762,12032,,
14763,12032,,
14764,12032,,
14765,12032,,
14766,12032,,
14767,12032,,
14768,12032,,
14769,12032,,
14770,12032,,
14771,12032,,
14772,12032,,
14773,12032,,
14774,12032,,
14775,12032,,
14776,12032,,
14777,12032,,
14778,12032,,
14779,12032,,
14780,12032,,
14781,12032,,
14782,12032,,
14783,12032,,
14784,12032,,
14785,12032,,
14786,12032,,
14787,12032,,
14788,12032,,
14789,12032,,
14790,12032,,
14791,12032,,
14792,12032,,
14793,12032,,
14794,12032,,
14795,12032,,
14796,12032,,
14797,12032,,
14798,12032,,
14799,12032,,
14800,12032,,
14801,12032,,
14802,12032,,
14803,12032,,
14804,12032,,
14805,12032,,
14806,12032,,
14807,12032,,
14808,12032,,
14809,12032,,
14810,12032,,
14811,12032,,
14812,12032,,
14813,12032,,
14814,12032,,
14815,12032,,
14816,12032,,
14817,12032,,
14818,12032,,
14819,12032,,
14820,12032,,
14821,12032,,
14822,12032,,
14823,12032,,
14824,12032,,
14825,12032,,
14826,12032,,
14827,12032,,
14828,12032,,
14829,12032,,
14830,12032,,
14831,12032,,
14832,12032,,
14833,12032,,
14834,12032,,
14835,12032,,
14836,12032,,
14837,12032,,
14838,12032,,
14839,12032,,
14840,12032,,
14841,12032,,
14842,12032,,
14843,12032,,
14844,12032,,
14845,12032,,
14846,12032,,
14847,12032,,
14848,12032,,
14849,12032,,
14850,12032,,
14851,12032,,
14852,12032,,
14853,12032,,
14854,12032,,
14855,12032,,
14856,12032,,
14857,12032,,
14858,12032,,
14859,12032,,
14860,12032,,
14861,12032,,
14862,12032,,
14863,12032,,
14864,12032,,
14865,12032,,
14866,12032,,
14867,12032,,
14868,12032,,
14869,12032,,
14870,12032,,
14871,12032,,
14872,12032,,
14873,12032,,
14874,12032,,
14875,12032,,
14876,12032,,
14877,12032,,
14878,12032,,
14879,12032,,
14880,12032,,
14881,12032,,
14882,12032,,
14883,12032,,
14884,12032,,
14885,12032,,
14886,12032,,
14887,12032,,
14888,12032,,
14889,12032,,
14890,12032,,
14891,12032,,
14892,12032,,
14893,12032,,
14894,12032,,
14895,12032,,
14896,12032,,
14897,12032,,
14898,12032,,
14899,12032,,
14900,12032,,
14901,12032,,
14902,12032,,
14903,12032,,
14904,12032,,
14905,12032,,
14906,12032,,
14907,12032,,
14908,12032,,
14909,12032,,
14910,12032,,
14911,12032,,
14912,12032,,
14913,12032,,
14914,12032,,
14915,12032,,
14916,12032,,
14917,12032,,
14918,12032,,
14919,12032,,
14920,12032,,
14921,12032,,
14922,12032,,
14923,12032,,
14924,12032,,
14925,12032,,
14926,12032,,
14927,12032,,
14928,12032,,
14929,12032,,
14930,12032,,
14931,12032,,
14932,12032,,
14933,12032,,
14934,12032,,
14935,12032,,
14936,12032,,
14937,12032,,
14938,12032,,
14939,12032,,
14940,12032,,
14941,12032,,
14942,12032,,
14943,12032,,
14944,12032,,
14945,12032,,
14946,12032,,
14947,12032,,
14948,12032,,
14949,12032,,
14950,12032,,
14951,12032,,
14952,12032,,
14953,12032,,
14954,12032,,
14955,12032,,
14956,12032,,
14957,12032,,
14958,12032,,
14959,12032,,
14960,12032,,
14961,12032,,
14962,12032,,
14963,12032,,
14964,12032,,
14965,12032,,
14966,12032,,
14967,12032,,
14968,12032,,
14969,12032,,
14970,12032,,
14971,12032,,
14972,12032,,
14973,12032,,
14974,12032,,
14975,12032,,
14976,12032,,
14977,12032,,
14978,12032,,
14979,12032,,
14980,12032,,
14981,12032,,
14982,12032,,
14983,12032,,
14984,12032,,
14985,12032,,
14986,12032,,
14987,12032,,
14988,12032,,
14989,12032,,
14990,12032,,
14991,12032,,
14992,12032,,
14993,12032,,
14994,12032,,
14995,12032,,
14996,12032,,
14997,12032,,
14998,12032,,
14999,12032,,
15000,12032,,
15001,12032,,
15002,12032,,
15003,12032,,
15004,12032,,
15005,12032,,
15006,12032,,
15007,12032,,
15008,12032,,
15009,12032,,
15010,12032,,
15011,12032,,
15012,12032,,
15013,12032,,
15014,12032,,
15015,12032,,
15016,12032,,
15017,12032,,
15018,12032,,
15019,12032,,
15020,12032,,
15021,12032,,
15022,12032,,
15023,12032,,
15024,12032,,
15025,12032,,
15026,12032,,
15027,12032,,
15028,12032,,
15029,12032,,
15030,12032,,
15031,12032,,
15032,12032,,
15033,12032,,
15034,12032,,
15035,12032,,
15036,12032,,
15037,12032,,
15038,12032,,
15039,12032,,
15040,12032,,
15041,12032,,
15042,12032,,
15043,12032,,
15044,12032,,
15045,12032,,
15046,12032,,
15047,12032,,
15048,12032,,
15049,12032,,
15050,12032,,
15051,12032,,
15052,12032,,
15053,12032,,
15054,12032,,
15055,12032,,
15056,12032,,
15057,12032,,
15058,12032,,
15059,12032,,
15060,12032,,
15061,12032,,
15062,12032,,
15063,12032,,
15064,12032,,
15065,12032,,
15066,12032,,
15067,12032,,
15068,12032,,
15069,12032,,
15070,12032,,
15071,12032,,
15072,12032,,
15073,12032,,
15074,12032,,
15075,12032,,
15076,12032,,
15077,12032,,
15078,12032,,
15079,12032,,
15080,12032,,
15081,12032,,
15082,12032,,
15083,12032,,
15084,12032,,
15085,12032,,
15086,12032,,
15087,12032,,
15088,12032,,
15089,12032,,
15090,12032,,
15091,12032,,
15092,12032,,
15093,12032,,
15094,12032,,
15095,12032,,
15096,12032,,
15097,12032,,
15098,12032,,
15099,12032,,
15100,12032,,
15101,12032,,
15102,12032,,
15103,12032,,
15104,12032,,
15105,12032,,
15106,12032,,
15107,12032,,
15108,12032,,
15109,12032,,
15110,12032,,
15111,12032,,
15112,12032,,
15113,12032,,
15114,12032,,
15115,12032,,
15116,12032,,
15117,12032,,
15118,12032,,
15119,12032,,
15120,12032,,
15121,12032,,
15122,12032,,
15123,12032,,
15124,12032,,
15125,12032,,
15126,12032,,
15127,12032,,
15128,12032,,
15129,12032,,
15130,12032,,
15131,12032,,
15132,12032,,
15133,12032,,
15134,12032,,
15135,12032,,
15136,12032,,
15137,12032,,
15138,12032,,
15139,12032,,
15140,12032,,
15141,12032,,
15142,12032,,
15143,12032,,
15144,12032,,
15145,12032,,
15146,12032,,
15147,12032,,
15148,12032,,
15149,12032,,
15150,12032,,
15151,12032,,
15152,12032,,
15153,12032,,
15154,12032,,
15155,12032,,
15156,12032,,
15157,12032,,
15158,12032,,
15159,12032,,
15160,12032,,
15161,12032,,
15162,12032,,
15163,12032,,
15164,12032,,
15165,12032,,
15166,12032,,
15167,12032,,
15168,12032,,
15169,12032,,
15170,12032,,
15171,12032,,
15172,12032,,
15173,12032,,
15174,12032,,
15175,12032,,
15176,12032,,
15177,12032,,
15178,12032,,
15179,12032,,
15180,12032,,
15181,12032,,
15182,12032,,
15183,12032,,
15184,12032,,
15185,12032,,
15186,12032,,
15187,12032,,
15188,12032,,
15189,12032,,
15190,12032,,
15191,12032,,
15192,12032,,
15193,12032,,
15194,12032,,
15195,12032,,
15196,12032,,
15197,12032,,
15198,12032,,
15199,12032,,
15200,12032,,
15201,12032,,
15202,12032,,
15203,12032,,
15204,12032,,
15205,12032,,
15206,12032,,
15207,12032,,
15208,12032,,
15209,12032,,
15210,12032,,
15211,12032,,
15212,12032,,
15213,12032,,
15214,12032,,
15215,12032,,
15216,12032,,
15217,12032,,
15218,12032,,
15219,12032,,
15220,12032,,
15221,12032,,
15222,12032,,
15223,12032,,
15224,12032,,
15225,12032,,
15226,12032,,
15227,12032,,
15228,12032,,
15229,12032,,
15230,12032,,
15231,12032,,
15232,12032,,
15233,12032,,
15234,12032,,
15235,12032,,
15236,12032,,
15237,12032,,
15238,12032,,
15239,12032,,
15240,12032,,
15241,12032,,
15242,12032,,
15243,12032,,
15244,12032,,
15245,12032,,
15246,12032,,
15247,12032,,
15248,12032,,
15249,12032,,
15250,12032,,
15251,12032,,
15252,12032,,
15253,12032,,
15254,12032,,
15255,12032,,
15256,12032,,
15257,12032,,
15258,12032,,
15259,12032,,
15260,12032,,
15261,12032,,
15262,12032,,
15263,12032,,
15264,12032,,
15265,12032,,
15266,12032,,
15267,12032,,
15268,12032,,
15269,12032,,
15270,12032,,
15271,12032,,
15272,12032,,
15273,12032,,
15274,12032,,
15275,12032,,
15276,12032,,
15277,12032,,
15278,12032,,
15279,12032,,
15280,12032,,
15281,12032,,
15282,12032,,
15283,12032,,
15284,12032,,
15285,12032,,
15286,12032,,
15287,12032,,
15288,12032,,
15289,12032,,
15290,12032,,
15291,12032,,
15292,12032,,
15293,12032,,
15294,12032,,
15295,12032,,
15296,12032,,
15297,12032,,
15298,12032,,
15299,12032,,
15300,12032,,
15301,12032,,
15302,12032,,
15303,12032,,
15304,12032,,
15305,12032,,
15306,12032,,
15307,12032,,
15308,12032,,
15309,12032,,
15310,12032,,
15311,12032,,
15312,12032,,
15313,12032,,
15314,12032,,
15315,12032,,
15316,12032,,
15317,12032,,
15318,12032,,
15319,12032,,
15320,12032,,
15321,12032,,
15322,12032,,
15323,12032,,
15324,12032,,
15325,12032,,
15326,12032,,
15327,12032,,
15328,12032,,
15329,12032,,
15330,12032,,
15331,12032,,
15332,12032,,
15333,12032,,
15334,12032,,
15335,12032,,
15336,12032,,
15337,12032,,
15338,12032,,
15339,12032,,
15340,12032,,
15341,12032,,
15342,12032,,
15343,12032,,
15344,12032,,
15345,12032,,
15346,12032,,
15347,12032,,
15348,12032,,
15349,12032,,
15350,12032,,
15351,12032,,
15352,12032,,
15353,12032,,
15354,12032,,
15355,12032,,
15356,12032,,
15357,12032,,
15358,12032,,
15359,12032,,
15360,12032,,
15361,12032,,
15362,12032,,
15363,12032,,
15364,12032,,
15365,12032,,
15366,12032,,
15367,12032,,
15368,12032,,
15369,12032,,
15370,12032,,
15371,12032,,
15372,12032,,
15373,12032,,
15374,12032,,
15375,12032,,
15376,12032,,
15377,12032,,
15378,12032,,
15379,12032,,
15380,12032,,
15381,12032,,
15382,12032,,
15383,12032,,
15384,12032,,
15385,12032,,
15386,12032,,
15387,12032,,
15388,12032,,
15389,12032,,
15390,12032,,
15391,12032,,
15392,12032,,
15393,12032,,
15394,12032,,
15395,12032,,
15396,12032,,
15397,12032,,
15398,12032,,
15399,12032,,
15400,12032,,
15401,12032,,
15402,12032,,
15403,12032,,
15404,12032,,
15405,12032,,
15406,12032,,
15407,12032,,
15408,12032,,
15409,12032,,
15410,12032,,
15411,12032,,
15412,12032,,
15413,12032,,
15414,12032,,
15415,12032,,
15416,12032,,
15417,12032,,
15418,12032,,
15419,12032,,
15420,12032,,
15421,12032,,
15422,12032,,
15423,12032,,
15424,12032,,
15425,12032,,
15426,12032,,
15427,12032,,
15428,12032,,
15429,12032,,
15430,12032,,
15431,12032,,
15432,12032,,
15433,12032,,
15434,12032,,
15435,12032,,
15436,12032,,
15437,12032,,
15438,12032,,
15439,12032,,
15440,12032,,
15441,12032,,
15442,12032,,
15443,12032,,
15444,12032,,
15445,12032,,
15446,12032,,
15447,12032,,
15448,12032,,
15449,12032,,
15450,12032,,
15451,12032,,
15452,12032,,
15453,12032,,
15454,12032,,
15455,12032,,
15456,12032,,
15457,12032,,
15458,12032,,
15459,12032,,
15460,12032,,
15461,12032,,
15462,12032,,
15463,12032,,
15464,12032,,
15465,12032,,
15466,12032,,
15467,12032,,
15468,12032,,
15469,12032,,
15470,12032,,
15471,12032,,
15472,12032,,
15473,12032,,
15474,12032,,
15475,12032,,
15476,12032,,
15477,12032,,
15478,12032,,
15479,12032,,
15480,12032,,
15481,12032,,
15482,12032,,
15483,12032,,
15484,12032,,
15485,12032,,
15486,12032,,
15487,12032,,
15488,12032,,
15489,12032,,
15490,12032,,
15491,12032,,
15492,12032,,
15493,12032,,
15494,12032,,
15495,12032,,
15496,12032,,
15497,12032,,
15498,12032,,
15499,12032,,
15500,12032,,
15501,12032,,
15502,12032,,
15503,12032,,
15504,12032,,
15505,12032,,
15506,12032,,
15507,12032,,
15508,12032,,
15509,12032,,
15510,12032,,
15511,12032,,
15512,12032,,
15513,12032,,
15514,12032,,
15515,12032,,
15516,12032,,
15517,12032,,
15518,12032,,
15519,12032,,
15520,12032,,
15521,12032,,
15522,12032,,
15523,12032,,
15524,12032,,
15525,12032,,
15526,12032,,
15527,12032,,
15528,12032,,
15529,12032,,
15530,12032,,
15531,12032,,
15532,12032,,
15533,12032,,
15534,12032,,
15535,12032,,
15536,12032,,
15537,12032,,
15538,12032,,
15539,12032,,
15540,12032,,
15541,12032,,
15542,12032,,
15543,12032,,
15544,12032,,
15545,12032,,
15546,12032,,
15547,12032,,
15548,12032,,
15549,12032,,
15550,12032,,
15551,12032,,
15552,12032,,
15553,12032,,
15554,12032,,
15555,12032,,
15556,12032,,
15557,12032,,
15558,12032,,
15559,12032,,
15560,12032,,
15561,12032,,
15562,12032,,
15563,12032,,
15564,12032,,
15565,12032,,
15566,12032,,
15567,12032,,
15568,12032,,
15569,12032,,
15570,12032,,
15571,12032,,
15572,12032,,
15573,12032,,
15574,12032,,
15575,12032,,
15576,12032,,
15577,12032,,
15578,12032,,
15579,12032,,
15580,12032,,
15581,12032,,
15582,12032,,
15583,12032,,
15584,12032,,
15585,12032,,
15586,12032,,
15587,12032,,
15588,12032,,
15589,12032,,
15590,12032,,
15591,12032,,
15592,12032,,
15593,12032,,
15594,12032,,
15595,12032,,
15596,12032,,
15597,12032,,
15598,12032,,
15599,12032,,
15600,12032,,
15601,12032,,
15602,12032,,
15603,12032,,
15604,12032,,
15605,12032,,
15606,12032,,
15607,12032,,
15608,12032,,
15609,12032,,
15610,12032,,
15611,12032,,
15612,12032,,
15613,12032,,
15614,12032,,
15615,12032,,
15616,12032,,
15617,12032,,
15618,12032,,
15619,12032,,
15620,12032,,
15621,12032,,
15622,12032,,
15623,12032,,
15624,12032,,
15625,12032,,
15626,12032,,
15627,12032,,
15628,12032,,
15629,12032,,
15630,12032,,
15631,12032,,
15632,12032,,
15633,12032,,
15634,12032,,
15635,12032,,
15636,12032,,
15637,12032,,
15638,12032,,
15639,12032,,
15640,12032,,
15641,12032,,
15642,12032,,
15643,12032,,
15644,12032,,
15645,12032,,
15646,12032,,
15647,12032,,
15648,12032,,
15649,12032,,
15650,12032,,
15651,12032,,
15652,12032,,
15653,12032,,
15654,12032,,
15655,12032,,
15656,12032,,
15657,12032,,
15658,12032,,
15659,12032,,
15660,12032,,
15661,12032,,
15662,12032,,
15663,12032,,
15664,12032,,
15665,12032,,
15666,12032,,
15667,12032,,
15668,12032,,
15669,12032,,
15670,12032,,
15671,12032,,
15672,12032,,
15673,12032,,
15674,12032,,
15675,12032,,
15676,12032,,
15677,12032,,
15678,12032,,
15679,12032,,
15680,12032,,
15681,12032,,
15682,12032,,
15683,12032,,
15684,12032,,
15685,12032,,
15686,12032,,
15687,12032,,
15688,12032,,
15689,12032,,
15690,12032,,
15691,12032,,
15692,12032,,
15693,12032,,
15694,12032,,
15695,12032,,
15696,12032,,
15697,12032,,
15698,12032,,
15699,12032,,
15700,12032,,
15701,12032,,
15702,12032,,
15703,12032,,
15704,12032,,
15705,12032,,
15706,12032,,
15707,12032,,
15708,12032,,
15709,12032,,
15710,12032,,
15711,12032,,
15712,12032,,
15713,12032,,
15714,12032,,
15715,12032,,
15716,12032,,
15717,12032,,
15718,12032,,
15719,12032,,
15720,12032,,
15721,12032,,
15722,12032,,
15723,12032,,
15724,12032,,
15725,12032,,
15726,12032,,
15727,12032,,
15728,12032,,
15729,12032,,
15730,12032,,
15731,12032,,
15732,12032,,
15733,12032,,
15734,12032,,
15735,12032,,
15736,12032,,
15737,12032,,
15738,12032,,
15739,12032,,
15740,12032,,
15741,12032,,
15742,12032,,
15743,12032,,
15744,12032,,
15745,12032,,
15746,12032,,
15747,12032,,
15748,12032,,
15749,12032,,
15750,12032,,
15751,12032,,
15752,12032,,
15753,12032,,
15754,12032,,
15755,12032,,
15756,12032,,
15757,12032,,
15758,12032,,
15759,12032,,
15760,12032,,
15761,12032,,
15762,12032,,
15763,12032,,
15764,12032,,
15765,12032,,
15766,12032,,
15767,12032,,
15768,12032,,
15769,12032,,
15770,12032,,
15771,12032,,
15772,12032,,
15773,12032,,
15774,12032,,
15775,12032,,
15776,12032,,
15777,12032,,
15778,12032,,
15779,12032,,
15780,12032,,
15781,12032,,
15782,12032,,
15783,12032,,
15784,12032,,
15785,12032,,
15786,12032,,
15787,12032,,
15788,12032,,
15789,12032,,
15790,12032,,
15791,12032,,
15792,12032,,
15793,12032,,
15794,12032,,
15795,12032,,
15796,12032,,
15797,12032,,
15798,12032,,
15799,12032,,
15800,12032,,
15801,12032,,
15802,12032,,
15803,12032,,
15804,12032,,
15805,12032,,
15806,12032,,
15807,12032,,
15808,12032,,
15809,12032,,
15810,12032,,
15811,12032,,
15812,12032,,
15813,12032,,
15814,12032,,
15815,12032,,
15816,12032,,
15817,12032,,
15818,12032,,
15819,12032,,
15820,12032,,
15821,12032,,
15822,12032,,
15823,12032,,
15824,12032,,
15825,12032,,
15826,12032,,
15827,12032,,
15828,12032,,
15829,12032,,
15830,12032,,
15831,12032,,
15832,12032,,
15833,12032,,
15834,12032,,
15835,12032,,
15836,12032,,
15837,12032,,
15838,12032,,
15839,12032,,
15840,12032,,
15841,12032,,
15842,12032,,
15843,12032,,
15844,12032,,
15845,12032,,
15846,12032,,
15847,12032,,
15848,12032,,
15849,12032,,
15850,12032,,
15851,12032,,
15852,12032,,
15853,12032,,
15854,12032,,
15855,12032,,
15856,12032,,
15857,12032,,
15858,12032,,
15859,12032,,
15860,12032,,
15861,12032,,
15862,12032,,
15863,12032,,
15864,12032,,
15865,12032,,
15866,12032,,
15867,12032,,
15868,12032,,
15869,12032,,
15870,12032,,
15871,12032,,
15872,12032,,
15873,12032,,
15874,12032,,
15875,12032,,
15876,12032,,
15877,12032,,
15878,12032,,
15879,12032,,
15880,12032,,
15881,12032,,
15882,12032,,
15883,12032,,
15884,12032,,
15885,12032,,
15886,12032,,
15887,12032,,
15888,12032,,
15889,12032,,
15890,12032,,
15891,12032,,
15892,12032,,
15893,12032,,
15894,12032,,
15895,12032,,
15896,12032,,
15897,12032,,
15898,12032,,
15899,12032,,
15900,12032,,
15901,12032,,
15902,12032,,
15903,12032,,
15904,12032,,
15905,12032,,
15906,12032,,
15907,12032,,
15908,12032,,
15909,12032,,
15910,12032,,
15911,12032,,
15912,12032,,
15913,12032,,
15914,12032,,
15915,12032,,
15916,12032,,
15917,12032,,
15918,12032,,
15919,12032,,
15920,12032,,
15921,12032,,
15922,12032,,
15923,12032,,
15924,12032,,
15925,12032,,
15926,12032,,
15927,12032,,
15928,12032,,
15929,12032,,
15930,12032,,
15931,12032,,
15932,12032,,
15933,12032,,
15934,12032,,
15935,12032,,
15936,12032,,
15937,12032,,
15938,12032,,
15939,12032,,
15940,12032,,
15941,12032,,
15942,12032,,
15943,12032,,
15944,12032,,
15945,12032,,
15946,12032,,
15947,12032,,
15948,12032,,
15949,12032,,
15950,12032,,
15951,12032,,
15952,12032,,
15953,12032,,
15954,12032,,
15955,12032,,
15956,12032,,
15957,12032,,
15958,12032,,
15959,12032,,
15960,12032,,
15961,12032,,
15962,12032,,
15963,12032,,
15964,12032,,
15965,12032,,
15966,12032,,
15967,12032,,
15968,12032,,
15969,12032,,
15970,12032,,
15971,12032,,
15972,12032,,
15973,12032,,
15974,12032,,
15975,12032,,
15976,12032,,
15977,12032,,
15978,12032,,
15979,12032,,
15980,12032,,
15981,12032,,
15982,12032,,
15983,12032,,
15984,12032,,
15985,12032,,
15986,12032,,
15987,12032,,
15988,12032,,
15989,12032,,
15990,12032,,
15991,12032,,
15992,12032,,
15993,12032,,
15994,12032,,
15995,12032,,
15996,12032,,
15997,12032,,
15998,12032,,
15999,12032,,
16000,12032,,
16001,12032,,
16002,12032,,
16003,12032,,
16004,12032,,
16005,12032,,
16006,12032,,
16007,12032,,
16008,12032,,
16009,12032,,
16010,12032,,
16011,12032,,
16012,12032,,
16013,12032,,
16014,12032,,
16015,12032,,
16016,12032,,
16017,12032,,
16018,12032,,
16019,12032,,
16020,12032,,
16021,12032,,
16022,12032,,
16023,12032,,
16024,12032,,
16025,12032,,
16026,12032,,
16027,12032,,
16028,12032,,
16029,12032,,
16030,12032,,
16031,12032,,
16032,12032,,
16033,12032,,
16034,12032,,
16035,12032,,
16036,12032,,
16037,12032,,
16038,12032,,
16039,12032,,
16040,12032,,
16041,12032,,
16042,12032,,
16043,12032,,
16044,12032,,
16045,12032,,
16046,12032,,
16047,12032,,
16048,12032,,
16049,12032,,
16050,12032,,
16051,12032,,
16052,12032,,
16053,12032,,
16054,12032,,
16055,12032,,
16056,12032,,
16057,12032,,
16058,12032,,
16059,12032,,
16060,12032,,
16061,12032,,
16062,12032,,
16063,12032,,
16064,12032,,
16065,12032,,
16066,12032,,
16067,12032,,
16068,12032,,
16069,12032,,
16070,12032,,
16071,12032,,
16072,12032,,
16073,12032,,
16074,12032,,
16075,12032,,
16076,12032,,
16077,12032,,
16078,12032,,
16079,12032,,
16080,12032,,
16081,12032,,
16082,12032,,
16083,12032,,
16084,12032,,
16085,12032,,
16086,12032,,
16087,12032,,
16088,12032,,
16089,12032,,
16090,12032,,
16091,12032,,
16092,12032,,
16093,12032,,
16094,12032,,
16095,12032,,
16096,12032,,
16097,12032,,
16098,12032,,
16099,12032,,
16100,12032,,
16101,12032,,
16102,12032,,
16103,12032,,
16104,12032,,
16105,12032,,
16106,12032,,
16107,12032,,
16108,12032,,
16109,12032,,
16110,12032,,
16111,12032,,
16112,12032,,
16113,12032,,
16114,12032,,
16115,12032,,
16116,12032,,
16117,12032,,
16118,12032,,
16119,12032,,
16120,12032,,
16121,12032,,
16122,12032,,
16123,12032,,
16124,12032,,
16125,12032,,
16126,12032,,
16127,12032,,
16128,12032,,
16129,12032,,
16130,12032,,
16131,12032,,
16132,12032,,
16133,12032,,
16134,12032,,
16135,12032,,
16136,12032,,
16137,12032,,
16138,12032,,
16139,12032,,
16140,12032,,
16141,12032,,
16142,12032,,
16143,12032,,
16144,12032,,
16145,12032,,
16146,12032,,
16147,12032,,
16148,12032,,
16149,12032,,
16150,12032,,
16151,12032,,
16152,12032,,
16153,12032,,
16154,12032,,
16155,12032,,
16156,12032,,
16157,12032,,
16158,12032,,
16159,12032,,
16160,12032,,
16161,12032,,
16162,12032,,
16163,12032,,
16164,12032,,
16165,12032,,
16166,12032,,
16167,12032,,
16168,12032,,
16169,12032,,
16170,12032,,
16171,12032,,
16172,12032,,
16173,12032,,
16174,12032,,
16175,12032,,
16176,12032,,
16177,12032,,
16178,12032,,
16179,12032,,
16180,12032,,
16181,12032,,
16182,12032,,
16183,12032,,
16184,12032,,
16185,12032,,
16186,12032,,
16187,12032,,
16188,12032,,
16189,12032,,
16190,12032,,
16191,12032,,
16192,12032,,
16193,12032,,
16194,12032,,
16195,12032,,
16196,12032,,
16197,12032,,
16198,12032,,
16199,12032,,
16200,12032,,
16201,12032,,
16202,12032,,
16203,12032,,
16204,12032,,
16205,12032,,
16206,12032,,
16207,12032,,
16208,12032,,
16209,12032,,
16210,12032,,
16211,12032,,
16212,12032,,
16213,12032,,
16214,12032,,
16215,12032,,
16216,12032,,
16217,12032,,
16218,12032,,
16219,12032,,
16220,12032,,
16221,12032,,
16222,12032,,
16223,12032,,
16224,12032,,
16225,12032,,
16226,12032,,
16227,12032,,
16228,12032,,
16229,12032,,
16230,12032,,
16231,12032,,
16232,12032,,
16233,12032,,
16234,12032,,
16235,12032,,
16236,12032,,
16237,12032,,
16238,12032,,
16239,12032,,
16240,12032,,
16241,12032,,
16242,12032,,
16243,12032,,
16244,12032,,
16245,12032,,
16246,12032,,
16247,12032,,
16248,12032,,
16249,12032,,
16250,12032,,
16251,12032,,
16252,12032,,
16253,12032,,
16254,12032,,
16255,12032,,
16256,12032,,
16257,12032,,
16258,12032,,
16259,12032,,
16260,12032,,
16261,12032,,
16262,12032,,
16263,12032,,
16264,12032,,
16265,12032,,
16266,12032,,
16267,12032,,
16268,12032,,
16269,12032,,
16270,12032,,
16271,12032,,
16272,12032,,
16273,12032,,
16274,12032,,
16275,12032,,
16276,12032,,
16277,12032,,
16278,12032,,
16279,12032,,
16280,12032,,
16281,12032,,
16282,12032,,
16283,12032,,
16284,12032,,
16285,12032,,
16286,12032,,
16287,12032,,
16288,12032,,
16289,12032,,
16290,12032,,
16291,12032,,
16292,12032,,
16293,12032,,
16294,12032,,
16295,12032,,
16296,12032,,
16297,12032,,
16298,12032,,
16299,12032,,
16300,12032,,
16301,12032,,
16302,12032,,
16303,12032,,
16304,12032,,
16305,12032,,
16306,12032,,
16307,12032,,
16308,12032,,
16309,12032,,
16310,12032,,
16311,12032,,
16312,12032,,
16313,12032,,
16314,12032,,
16315,12032,,
16316,12032,,
16317,12032,,
16318,12032,,
16319,12032,,
16320,12032,,
16321,12032,,
16322,12032,,
16323,12032,,
16324,12032,,
16325,12032,,
16326,12032,,
16327,12032,,
16328,12032,,
16329,12032,,
16330,12032,,
16331,12032,,
16332,12032,,
16333,12032,,
16334,12032,,
16335,12032,,
16336,12032,,
16337,12032,,
16338,12032,,
16339,12032,,
16340,12032,,
16341,12032,,
16342,12032,,
16343,12032,,
16344,12032,,
16345,12032,,
16346,12032,,
16347,12032,,
16348,12032,,
16349,12032,,
16350,12032,,
16351,12032,,
16352,12032,,
16353,12032,,
16354,12032,,
16355,12032,,
16356,12032,,
16357,12032,,
16358,12032,,
16359,12032,,
16360,12032,,
16361,12032,,
16362,12032,,
16363,12032,,
16364,12032,,
16365,12032,,
16366,12032,,
16367,12032,,
16368,12032,,
16369,12032,,
16370,12032,,
16371,12032,,
16372,12032,,
16373,12032,,
16374,12032,,
16375,12032,,
16376,12032,,
16377,12032,,
16378,12032,,
16379,12032,,
16380,12032,,
16381,12032,,
16382,12032,,
16383,12032,,
16384,12032,,
16385,12032,,
16386,12032,,
16387,12032,,
16388,12032,,
16389,12032,,
16390,12032,,
16391,12032,,
16392,12032,,
16393,12032,,
16394,12032,,
16395,12032,,
16396,12032,,
16397,12032,,
16398,12032,,
16399,12032,,
16400,12032,,
16401,12032,,
16402,12032,,
16403,12032,,
16404,12032,,
16405,12032,,
16406,12032,,
16407,12032,,
16408,12032,,
16409,12032,,
16410,12032,,
16411,12032,,
16412,12032,,
16413,12032,,
16414,12032,,
16415,12032,,
16416,12032,,
16417,12032,,
16418,12032,,
16419,12032,,
16420,12032,,
16421,12032,,
16422,12032,,
16423,12032,,
16424,12032,,
16425,12032,,
16426,12032,,
16427,12032,,
16428,12032,,
16429,12032,,
16430,12032,,
16431,12032,,
16432,12032,,
16433,12032,,
16434,12032,,
16435,12032,,
16436,12032,,
16437,12032,,
16438,12032,,
16439,12032,,
16440,12032,,
16441,12032,,
16442,12032,,
16443,12032,,
16444,12032,,
16445,12032,,
16446,12032,,
16447,12032,,
16448,12032,,
16449,12032,,
16450,12032,,
16451,12032,,
16452,12032,,
16453,12032,,
16454,12032,,
16455,12032,,
16456,12032,,
16457,12032,,
16458,12032,,
16459,12032,,
16460,12032,,
16461,12032,,
16462,12032,,
16463,12032,,
16464,12032,,
16465,12032,,
16466,12032,,
16467,12032,,
16468,12032,,
16469,12032,,
16470,12032,,
16471,12032,,
16472,12032,,
16473,12032,,
16474,12032,,
16475,12032,,
16476,12032,,
16477,12032,,
16478,12032,,
16479,12032,,
16480,12032,,
16481,12032,,
16482,12032,,
16483,12032,,
16484,12032,,
16485,12032,,
16486,12032,,
16487,12032,,
16488,12032,,
16489,12032,,
16490,12032,,
16491,12032,,
16492,12032,,
16493,12032,,
16494,12032,,
16495,12032,,
16496,12032,,
16497,12032,,
16498,12032,,
16499,12032,,
16500,12032,,
16501,12032,,
16502,12032,,
16503,12032,,
16504,12032,,
16505,12032,,
16506,12032,,
16507,12032,,
16508,12032,,
16509,12032,,
16510,12032,,
16511,12032,,
16512,12032,,
16513,12032,,
16514,12032,,
16515,12032,,
16516,12032,,
16517,12032,,
16518,12032,,
16519,12032,,
16520,12032,,
16521,12032,,
16522,12032,,
16523,12032,,
16524,12032,,
16525,12032,,
16526,12032,,
16527,12032,,
16528,12032,,
16529,12032,,
16530,12032,,
16531,12032,,
16532,12032,,
16533,12032,,
16534,12032,,
16535,12032,,
16536,12032,,
16537,12032,,
16538,12032,,
16539,12032,,
16540,12032,,
16541,12032,,
16542,12032,,
16543,12032,,
16544,12032,,
16545,12032,,
16546,12032,,
16547,12032,,
16548,12032,,
16549,12032,,
16550,12032,,
16551,12032,,
16552,12032,,
16553,12032,,
16554,12032,,
16555,12032,,
16556,12032,,
16557,12032,,
16558,12032,,
16559,12032,,
16560,12032,,
16561,12032,,
16562,12032,,
16563,12032,,
16564,12032,,
16565,12032,,
16566,12032,,
16567,12032,,
16568,12032,,
16569,12032,,
16570,12032,,
16571,12032,,
16572,12032,,
16573,12032,,
16574,12032,,
16575,12032,,
16576,12032,,
16577,12032,,
16578,12032,,
16579,12032,,
16580,12032,,
16581,12032,,
16582,12032,,
16583,12032,,
16584,12032,,
16585,12032,,
16586,12032,,
16587,12032,,
16588,12032,,
16589,12032,,
16590,12032,,
16591,12032,,
16592,12032,,
16593,12032,,
16594,12032,,
16595,12032,,
16596,12032,,
16597,12032,,
16598,12032,,
16599,12032,,
16600,12032,,
16601,12032,,
16602,12032,,
16603,12032,,
16604,12032,,
16605,12032,,
16606,12032,,
16607,12032,,
16608,12032,,
16609,12032,,
16610,12032,,
16611,12032,,
16612,12032,,
16613,12032,,
16614,12032,,
16615,12032,,
16616,12032,,
16617,12032,,
16618,12032,,
16619,12032,,
16620,12032,,
16621,12032,,
16622,12032,,
16623,12032,,
16624,12032,,
16625,12032,,
16626,12032,,
16627,12032,,
16628,12032,,
16629,12032,,
16630,12032,,
16631,12032,,
16632,12032,,
16633,12032,,
16634,12032,,
16635,12032,,
16636,12032,,
16637,12032,,
16638,12032,,
16639,12032,,
16640,12032,,
16641,12032,,
16642,12032,,
16643,12032,,
16644,12032,,
16645,12032,,
16646,12032,,
16647,12032,,
16648,12032,,
16649,12032,,
16650,12032,,
16651,12032,,
16652,12032,,
16653,12032,,
16654,12032,,
16655,12032,,
16656,12032,,
16657,12032,,
16658,12032,,
16659,12032,,
16660,12032,,
16661,12032,,
16662,12032,,
16663,12032,,
16664,12032,,
16665,12032,,
16666,12032,,
16667,12032,,
16668,12032,,
16669,12032,,
16670,12032,,
16671,12032,,
16672,12032,,
16673,12032,,
16674,12032,,
16675,12032,,
16676,12032,,
16677,12032,,
16678,12032,,
16679,12032,,
16680,12032,,
16681,12032,,
16682,12032,,
16683,12032,,
16684,12032,,
16685,12032,,
16686,12032,,
16687,12032,,
16688,12032,,
16689,12032,,
16690,12032,,
16691,12032,,
16692,12032,,
16693,12032,,
16694,12032,,
16695,12032,,
16696,12032,,
16697,12032,,
16698,12032,,
16699,12032,,
16700,12032,,
16701,12032,,
16702,12032,,
16703,12032,,
16704,12032,,
16705,12032,,
16706,12032,,
16707,12032,,
16708,12032,,
16709,12032,,
16710,12032,,
16711,12032,,
16712,12032,,
16713,12032,,
16714,12032,,
16715,12032,,
16716,12032,,
16717,12032,,
16718,12032,,
16719,12032,,
16720,12032,,
16721,12032,,
16722,12032,,
16723,12032,,
16724,12032,,
16725,12032,,
16726,12032,,
16727,12032,,
16728,12032,,
16729,12032,,
16730,12032,,
16731,12032,,
16732,12032,,
16733,12032,,
16734,12032,,
16735,12032,,
16736,12032,,
16737,12032,,
16738,12032,,
16739,12032,,
16740,12032,,
16741,12032,,
16742,12032,,
16743,12032,,
16744,12032,,
16745,12032,,
16746,12032,,
16747,12032,,
16748,12032,,
16749,12032,,
16750,12032,,
16751,12032,,
16752,12032,,
16753,12032,,
16754,12032,,
16755,12032,,
16756,12032,,
16757,12032,,
16758,12032,,
16759,12032,,
16760,12032,,
16761,12032,,
16762,12032,,
16763,12032,,
16764,12032,,
16765,12032,,
16766,12032,,
16767,12032,,
16768,12032,,
16769,12032,,
16770,12032,,
16771,12032,,
16772,12032,,
16773,12032,,
16774,12032,,
16775,12032,,
16776,12032,,
16777,12032,,
16778,12032,,
16779,12032,,
16780,12032,,
16781,12032,,
16782,12032,,
16783,12032,,
16784,12032,,
16785,12032,,
16786,12032,,
16787,12032,,
16788,12032,,
16789,12032,,
16790,12032,,
16791,12032,,
16792,12032,,
16793,12032,,
16794,12032,,
16795,12032,,
16796,12032,,
16797,12032,,
16798,12032,,
16799,12032,,
16800,12032,,
16801,12032,,
16802,12032,,
16803,12032,,
16804,12032,,
16805,12032,,
16806,12032,,
16807,12032,,
16808,12032,,
16809,12032,,
16810,12032,,
16811,12032,,
16812,12032,,
16813,12032,,
16814,12032,,
16815,12032,,
16816,12032,,
16817,12032,,
16818,12032,,
16819,12032,,
16820,12032,,
16821,12032,,
16822,12032,,
16823,12032,,
16824,12032,,
16825,12032,,
16826,12032,,
16827,12032,,
16828,12032,,
16829,12032,,
16830,12032,,
16831,12032,,
16832,12032,,
16833,12032,,
16834,12032,,
16835,12032,,
16836,12032,,
16837,12032,,
16838,12032,,
16839,12032,,
16840,12032,,
16841,12032,,
16842,12032,,
16843,12032,,
16844,12032,,
16845,12032,,
16846,12032,,
16847,12032,,
16848,12032,,
16849,12032,,
16850,12032,,
16851,12032,,
16852,12032,,
16853,12032,,
16854,12032,,
16855,12032,,
16856,12032,,
16857,12032,,
16858,12032,,
16859,12032,,
16860,12032,,
16861,12032,,
16862,12032,,
16863,12032,,
16864,12032,,
16865,12032,,
16866,12032,,
16867,12032,,
16868,12032,,
16869,12032,,
16870,12032,,
16871,12032,,
16872,12032,,
16873,12032,,
16874,12032,,
16875,12032,,
16876,12032,,
16877,12032,,
16878,12032,,
16879,12032,,
16880,12032,,
16881,12032,,
16882,12032,,
16883,12032,,
16884,12032,,
16885,12032,,
16886,12032,,
16887,12032,,
16888,12032,,
16889,12032,,
16890,12032,,
16891,12032,,
16892,12032,,
16893,12032,,
16894,12032,,
16895,12032,,
16896,12032,,
16897,12032,,
16898,12032,,
16899,12032,,
16900,12032,,
16901,12032,,
16902,12032,,
16903,12032,,
16904,12032,,
16905,12032,,
16906,12032,,
16907,12032,,
16908,12032,,
16909,12032,,
16910,12032,,
16911,12032,,
16912,12032,,
16913,12032,,
16914,12032,,
16915,12032,,
16916,12032,,
16917,12032,,
16918,12032,,
16919,12032,,
16920,12032,,
16921,12032,,
16922,12032,,
16923,12032,,
16924,12032,,
16925,12032,,
16926,12032,,
16927,12032,,
16928,12032,,
16929,12032,,
16930,12032,,
16931,12032,,
16932,12032,,
16933,12032,,
16934,12032,,
16935,12032,,
16936,12032,,
16937,12032,,
16938,12032,,
16939,12032,,
16940,12032,,
16941,12032,,
16942,12032,,
16943,12032,,
16944,12032,,
16945,12032,,
16946,12032,,
16947,12032,,
16948,12032,,
16949,12032,,
16950,12032,,
16951,12032,,
16952,12032,,
16953,12032,,
16954,12032,,
16955,12032,,
16956,12032,,
16957,12032,,
16958,12032,,
16959,12032,,
16960,12032,,
16961,12032,,
16962,12032,,
16963,12032,,
16964,12032,,
16965,12032,,
16966,12032,,
16967,12032,,
16968,12032,,
16969,12032,,
16970,12032,,
16971,12032,,
16972,12032,,
16973,12032,,
16974,12032,,
16975,12032,,
16976,12032,,
16977,12032,,
16978,12032,,
16979,12032,,
16980,12032,,
16981,12032,,
16982,12032,,
16983,12032,,
16984,12032,,
16985,12032,,
16986,12032,,
16987,12032,,
16988,12032,,
16989,12032,,
16990,12032,,
16991,12032,,
16992,12032,,
16993,12032,,
16994,12032,,
16995,12032,,
16996,12032,,
16997,12032,,
16998,12032,,
16999,12032,,
17000,12032,,
17001,12032,,
17002,12032,,
17003,12032,,
17004,12032,,
17005,12032,,
17006,12032,,
17007,12032,,
17008,12032,,
17009,12032,,
17010,12032,,
17011,12032,,
17012,12032,,
17013,12032,,
17014,12032,,
17015,12032,,
17016,12032,,
17017,12032,,
17018,12032,,
17019,12032,,
17020,12032,,
17021,12032,,
17022,12032,,
17023,12032,,
17024,12032,,
17025,12032,,
17026,12032,,
17027,12032,,
17028,12032,,
17029,12032,,
17030,12032,,
17031,12032,,
17032,12032,,
17033,12032,,
17034,12032,,
17035,12032,,
17036,12032,,
17037,12032,,
17038,12032,,
17039,12032,,
17040,12032,,
17041,12032,,
17042,12032,,
17043,12032,,
17044,12032,,
17045,12032,,
17046,12032,,
17047,12032,,
17048,12032,,
17049,12032,,
17050,12032,,
17051,12032,,
17052,12032,,
17053,12032,,
17054,12032,,
17055,12032,,
17056,12032,,
17057,12032,,
17058,12032,,
17059,12032,,
17060,12032,,
17061,12032,,
17062,12032,,
17063,12032,,
17064,12032,,
17065,12032,,
17066,12032,,
17067,12032,,
17068,12032,,
17069,12032,,
17070,12032,,
17071,12032,,
17072,12032,,
17073,12032,,
17074,12032,,
17075,12032,,
17076,12032,,
17077,12032,,
17078,12032,,
17079,12032,,
17080,12032,,
17081,12032,,
17082,12032,,
17083,12032,,
17084,12032,,
17085,12032,,
17086,12032,,
17087,12032,,
17088,12032,,
17089,12032,,
17090,12032,,
17091,12032,,
17092,12032,,
17093,12032,,
17094,12032,,
17095,12032,,
17096,12032,,
17097,12032,,
17098,12032,,
17099,12032,,
17100,12032,,
17101,12032,,
17102,12032,,
17103,12032,,
17104,12032,,
17105,12032,,
17106,12032,,
17107,12032,,
17108,12032,,
17109,12032,,
17110,12032,,
17111,12032,,
17112,12032,,
17113,12032,,
17114,12032,,
17115,12032,,
17116,12032,,
17117,12032,,
17118,12032,,
17119,12032,,
17120,12032,,
17121,12032,,
17122,12032,,
17123,12032,,
17124,12032,,
17125,12032,,
17126,12032,,
17127,12032,,
17128,12032,,
17129,12032,,
17130,12032,,
17131,12032,,
17132,12032,,
17133,12032,,
17134,12032,,
17135,12032,,
17136,12032,,
17137,12032,,
17138,12032,,
17139,12032,,
17140,12032,,
17141,12032,,
17142,12032,,
17143,12032,,
17144,12032,,
17145,12032,,
17146,12032,,
17147,12032,,
17148,12032,,
17149,12032,,
17150,12032,,
17151,12032,,
17152,12032,,
17153,12032,,
17154,12032,,
17155,12032,,
17156,12032,,
17157,12032,,
17158,12032,,
17159,12032,,
17160,12032,,
17161,12032,,
17162,12032,,
17163,12032,,
17164,12032,,
17165,12032,,
17166,12032,,
17167,12032,,
17168,12032,,
17169,12032,,
17170,12032,,
17171,12032,,
17172,12032,,
17173,12032,,
17174,12032,,
17175,12032,,
17176,12032,,
17177,12032,,
17178,12032,,
17179,12032,,
17180,12032,,
17181,12032,,
17182,12032,,
17183,12032,,
17184,12032,,
17185,12032,,
17186,12032,,
17187,12032,,
17188,12032,,
17189,12032,,
17190,12032,,
17191,12032,,
17192,12032,,
17193,12032,,
17194,12032,,
17195,12032,,
17196,12032,,
17197,12032,,
17198,12032,,
17199,12032,,
17200,12032,,
17201,12032,,
17202,12032,,
17203,12032,,
17204,12032,,
17205,12032,,
17206,12032,,
17207,12032,,
17208,12032,,
17209,12032,,
17210,12032,,
17211,12032,,
17212,12032,,
17213,12032,,
17214,12032,,
17215,12032,,
17216,12032,,
17217,12032,,
17218,12032,,
17219,12032,,
17220,12032,,
17221,12032,,
17222,12032,,
17223,12032,,
17224,12032,,
17225,12032,,
17226,12032,,
17227,12032,,
17228,12032,,
17229,12032,,
17230,12032,,
17231,12032,,
17232,12032,,
17233,12032,,
17234,12032,,
17235,12032,,
17236,12032,,
17237,12032,,
17238,12032,,
17239,12032,,
17240,12032,,
17241,12032,,
17242,12032,,
17243,12032,,
17244,12032,,
17245,12032,,
17246,12032,,
17247,12032,,
17248,12032,,
17249,12032,,
17250,12032,,
17251,12032,,
17252,12032,,
17253,12032,,
17254,12032,,
17255,12032,,
17256,12032,,
17257,12032,,
17258,12032,,
17259,12032,,
17260,12032,,
17261,12032,,
17262,12032,,
17263,12032,,
17264,12032,,
17265,12032,,
17266,12032,,
17267,12032,,
17268,12032,,
17269,12032,,
17270,12032,,
17271,12032,,
17272,12032,,
17273,12032,,
17274,12032,,
17275,12032,,
17276,12032,,
17277,12032,,
17278,12032,,
17279,12032,,
17280,12032,,
17281,12032,,
17282,12032,,
17283,12032,,
17284,12032,,
17285,12032,,
17286,12032,,
17287,12032,,
17288,12032,,
17289,12032,,
17290,12032,,
17291,12032,,
17292,12032,,
17293,12032,,
17294,12032,,
17295,12032,,
17296,12032,,
17297,12032,,
17298,12032,,
17299,12032,,
17300,12032,,
17301,12032,,
17302,12032,,
17303,12032,,
17304,12032,,
17305,12032,,
17306,12032,,
17307,12032,,
17308,12032,,
17309,12032,,
17310,12032,,
17311,12032,,
17312,12032,,
17313,12032,,
17314,12032,,
17315,12032,,
17316,12032,,
17317,12032,,
17318,12032,,
17319,12032,,
17320,12032,,
17321,12032,,
17322,12032,,
17323,12032,,
17324,12032,,
17325,12032,,
17326,12032,,
17327,12032,,
17328,12032,,
17329,12032,,
17330,12032,,
17331,12032,,
17332,12032,,
17333,12032,,
17334,12032,,
17335,12032,,
17336,12032,,
17337,12032,,
17338,12032,,
17339,12032,,
17340,12032,,
17341,12032,,
17342,12032,,
17343,12032,,
17344,12032,,
17345,12032,,
17346,12032,,
17347,12032,,
17348,12032,,
17349,12032,,
17350,12032,,
17351,12032,,
17352,12032,,
17353,12032,,
17354,12032,,
17355,12032,,
17356,12032,,
17357,12032,,
17358,12032,,
17359,12032,,
17360,12032,,
17361,12032,,
17362,12032,,
17363,12032,,
17364,12032,,
17365,12032,,
17366,12032,,
17367,12032,,
17368,12032,,
17369,12032,,
17370,12032,,
17371,12032,,
17372,12032,,
17373,12032,,
17374,12032,,
17375,12032,,
17376,12032,,
17377,12032,,
17378,12032,,
17379,12032,,
17380,12032,,
17381,12032,,
17382,12032,,
17383,12032,,
17384,12032,,
17385,12032,,
17386,12032,,
17387,12032,,
17388,12032,,
17389,12032,,
17390,12032,,
17391,12032,,
17392,12032,,
17393,12032,,
17394,12032,,
17395,12032,,
17396,12032,,
17397,12032,,
17398,12032,,
17399,12032,,
17400,12032,,
17401,12032,,
17402,12032,,
17403,12032,,
17404,12032,,
17405,12032,,
17406,12032,,
17407,12032,,
17408,12032,,
17409,12032,,
17410,12032,,
17411,12032,,
17412,12032,,
17413,12032,,
17414,12032,,
17415,12032,,
17416,12032,,
17417,12032,,
17418,12032,,
17419,12032,,
17420,12032,,
17421,12032,,
17422,12032,,
17423,12032,,
17424,12032,,
17425,12032,,
17426,12032,,
17427,12032,,
17428,12032,,
17429,12032,,
17430,12032,,
17431,12032,,
17432,12032,,
17433,12032,,
17434,12032,,
17435,12032,,
17436,12032,,
17437,12032,,
17438,12032,,
17439,12032,,
17440,12032,,
17441,12032,,
17442,12032,,
17443,12032,,
17444,12032,,
17445,12032,,
17446,12032,,
17447,12032,,
17448,12032,,
17449,12032,,
17450,12032,,
17451,12032,,
17452,12032,,
17453,12032,,
17454,12032,,
17455,12032,,
17456,12032,,
17457,12032,,
17458,12032,,
17459,12032,,
17460,12032,,
17461,12032,,
17462,12032,,
17463,12032,,
17464,12032,,
17465,12032,,
17466,12032,,
17467,12032,,
17468,12032,,
17469,12032,,
17470,12032,,
17471,12032,,
17472,12032,,
17473,12032,,
17474,12032,,
17475,12032,,
17476,12032,,
17477,12032,,
17478,12032,,
17479,12032,,
17480,12032,,
17481,12032,,
17482,12032,,
17483,12032,,
17484,12032,,
17485,12032,,
17486,12032,,
17487,12032,,
17488,12032,,
17489,12032,,
17490,12032,,
17491,12032,,
17492,12032,,
17493,12032,,
17494,12032,,
17495,12032,,
17496,12032,,
17497,12032,,
17498,12032,,
17499,12032,,
17500,12032,,
17501,12032,,
17502,12032,,
17503,12032,,
17504,12032,,
17505,12032,,
17506,12032,,
17507,12032,,
17508,12032,,
17509,12032,,
17510,12032,,
17511,12032,,
17512,12032,,
17513,12032,,
17514,12032,,
17515,12032,,
17516,12032,,
17517,12032,,
17518,12032,,
17519,12032,,
17520,12032,,
17521,12032,,
17522,12032,,
17523,12032,,
17524,12032,,
17525,12032,,
17526,12032,,
17527,12032,,
17528,12032,,
17529,12032,,
17530,12032,,
17531,12032,,
17532,12032,,
17533,12032,,
17534,12032,,
17535,12032,,
17536,12032,,
17537,12032,,
17538,12032,,
17539,12032,,
17540,12032,,
17541,12032,,
17542,12032,,
17543,12032,,
17544,12032,,
17545,12032,,
17546,12032,,
17547,12032,,
17548,12032,,
17549,12032,,
17550,12032,,
17551,12032,,
17552,12032,,
17553,12032,,
17554,12032,,
17555,12032,,
17556,12032,,
17557,12032,,
17558,12032,,
17559,12032,,
17560,12032,,
17561,12032,,
17562,12032,,
17563,12032,,
17564,12032,,
17565,12032,,
17566,12032,,
17567,12032,,
17568,12032,,
17569,12032,,
17570,12032,,
17571,12032,,
17572,12032,,
17573,12032,,
17574,12032,,
17575,12032,,
17576,12032,,
17577,12032,,
17578,12032,,
17579,12032,,
17580,12032,,
17581,12032,,
17582,12032,,
17583,12032,,
17584,12032,,
17585,12032,,
17586,12032,,
17587,12032,,
17588,12032,,
17589,12032,,
17590,12032,,
17591,12032,,
17592,12032,,
17593,12032,,
17594,12032,,
17595,12032,,
17596,12032,,
17597,12032,,
17598,12032,,
17599,12032,,
17600,12032,,
17601,12032,,
17602,12032,,
17603,12032,,
17604,12032,,
17605,12032,,
17606,12032,,
17607,12032,,
17608,12032,,
17609,12032,,
17610,12032,,
17611,12032,,
17612,12032,,
17613,12032,,
17614,12032,,
17615,12032,,
17616,12032,,
17617,12032,,
17618,12032,,
17619,12032,,
17620,12032,,
17621,12032,,
17622,12032,,
17623,12032,,
17624,12032,,
17625,12032,,
17626,12032,,
17627,12032,,
17628,12032,,
17629,12032,,
17630,12032,,
17631,12032,,
17632,12032,,
17633,12032,,
17634,12032,,
17635,12032,,
17636,12032,,
17637,12032,,
17638,12032,,
17639,12032,,
17640,12032,,
17641,12032,,
17642,12032,,
17643,12032,,
17644,12032,,
17645,12032,,
17646,12032,,
17647,12032,,
17648,12032,,
17649,12032,,
17650,12032,,
17651,12032,,
17652,12032,,
17653,12032,,
17654,12032,,
17655,12032,,
17656,12032,,
17657,12032,,
17658,12032,,
17659,12032,,
17660,12032,,
17661,12032,,
17662,12032,,
17663,12032,,
17664,12032,,
17665,12032,,
17666,12032,,
17667,12032,,
17668,12032,,
17669,12032,,
17670,12032,,
17671,12032,,
17672,12032,,
17673,12032,,
17674,12032,,
17675,12032,,
17676,12032,,
17677,12032,,
17678,12032,,
17679,12032,,
17680,12032,,
17681,12032,,
17682,12032,,
17683,12032,,
17684,12032,,
17685,12032,,
17686,12032,,
17687,12032,,
17688,12032,,
17689,12032,,
17690,12032,,
17691,12032,,
17692,12032,,
17693,12032,,
17694,12032,,
17695,12032,,
17696,12032,,
17697,12032,,
17698,12032,,
17699,12032,,
17700,12032,,
17701,12032,,
17702,12032,,
17703,12032,,
17704,12032,,
17705,12032,,
17706,12032,,
17707,12032,,
17708,12032,,
17709,12032,,
17710,12032,,
17711,12032,,
17712,12032,,
17713,12032,,
17714,12032,,
17715,12032,,
17716,12032,,
17717,12032,,
17718,12032,,
17719,12032,,
17720,12032,,
17721,12032,,
17722,12032,,
17723,12032,,
17724,12032,,
17725,12032,,
17726,12032,,
17727,12032,,
17728,12032,,
17729,12032,,
17730,12032,,
17731,12032,,
17732,12032,,
17733,12032,,
17734,12032,,
17735,12032,,
17736,12032,,
17737,12032,,
17738,12032,,
17739,12032,,
17740,12032,,
17741,12032,,
17742,12032,,
17743,12032,,
17744,12032,,
17745,12032,,
17746,12032,,
17747,12032,,
17748,12032,,
17749,12032,,
17750,12032,,
17751,12032,,
17752,12032,,
17753,12032,,
17754,12032,,
17755,12032,,
17756,12032,,
17757,12032,,
17758,12032,,
17759,12032,,
17760,12032,,
17761,12032,,
17762,12032,,
17763,12032,,
17764,12032,,
17765,12032,,
17766,12032,,
17767,12032,,
17768,12032,,
17769,12032,,
17770,12032,,
17771,12032,,
17772,12032,,
17773,12032,,
17774,12032,,
17775,12032,,
17776,12032,,
17777,12032,,
17778,12032,,
17779,12032,,
17780,12032,,
17781,12032,,
17782,12032,,
17783,12032,,
17784,12032,,
17785,12032,,
17786,12032,,
17787,12032,,
17788,12032,,
17789,12032,,
17790,12032,,
17791,12032,,
17792,12032,,
17793,12032,,
17794,12032,,
17795,12032,,
17796,12032,,
17797,12032,,
17798,12032,,
17799,12032,,
17800,12032,,
17801,12032,,
17802,12032,,
17803,12032,,
17804,12032,,
17805,12032,,
17806,12032,,
17807,12032,,
17808,12032,,
17809,12032,,
17810,12032,,
17811,12032,,
17812,12032,,
17813,12032,,
17814,12032,,
17815,12032,,
17816,12032,,
17817,12032,,
17818,12032,,
17819,12032,,
17820,12032,,
17821,12032,,
17822,12032,,
17823,12032,,
17824,12032,,
17825,12032,,
17826,12032,,
17827,12032,,
17828,12032,,
17829,12032,,
17830,12032,,
17831,12032,,
17832,12032,,
17833,12032,,
17834,12032,,
17835,12032,,
17836,12032,,
17837,12032,,
17838,12032,,
17839,12032,,
17840,12032,,
17841,12032,,
17842,12032,,
17843,12032,,
17844,12032,,
17845,12032,,
17846,12032,,
17847,12032,,
17848,12032,,
17849,12032,,
17850,12032,,
17851,12032,,
17852,12032,,
17853,12032,,
17854,12032,,
17855,12032,,
17856,12032,,
17857,12032,,
17858,12032,,
17859,12032,,
17860,12032,,
17861,12032,,
17862,12032,,
17863,12032,,
17864,12032,,
17865,12032,,
17866,12032,,
17867,12032,,
17868,12032,,
17869,12032,,
17870,12032,,
17871,12032,,
17872,12032,,
17873,12032,,
17874,12032,,
17875,12032,,
17876,12032,,
17877,12032,,
17878,12032,,
17879,12032,,
17880,12032,,
17881,12032,,
17882,12032,,
17883,12032,,
17884,12032,,
17885,12032,,
17886,12032,,
17887,12032,,
17888,12032,,
17889,12032,,
17890,12032,,
17891,12032,,
17892,12032,,
17893,12032,,
17894,12032,,
17895,12032,,
17896,12032,,
17897,12032,,
17898,12032,,
17899,12032,,
17900,12032,,
17901,12032,,
17902,12032,,
17903,12032,,
17904,12032,,
17905,12032,,
17906,12032,,
17907,12032,,
17908,12032,,
17909,12032,,
17910,12032,,
17911,12032,,
17912,12032,,
17913,12032,,
17914,12032,,
17915,12032,,
17916,12032,,
17917,12032,,
17918,12032,,
17919,12032,,
17920,12032,,
17921,12032,,
17922,12032,,
17923,12032,,
17924,12032,,
17925,12032,,
17926,12032,,
17927,12032,,
17928,12032,,
17929,12032,,
17930,12032,,
17931,12032,,
17932,12032,,
17933,12032,,
17934,12032,,
17935,12032,,
17936,12032,,
17937,12032,,
17938,12032,,
17939,12032,,
17940,12032,,
17941,12032,,
17942,12032,,
17943,12032,,
17944,12032,,
17945,12032,,
17946,12032,,
17947,12032,,
17948,12032,,
17949,12032,,
17950,12032,,
17951,12032,,
17952,12032,,
17953,12032,,
17954,12032,,
17955,12032,,
17956,12032,,
17957,12032,,
17958,12032,,
17959,12032,,
17960,12032,,
17961,12032,,
17962,12032,,
17963,12032,,
17964,12032,,
17965,12032,,
17966,12032,,
17967,12032,,
17968,12032,,
17969,12032,,
17970,12032,,
17971,12032,,
17972,12032,,
17973,12032,,
17974,12032,,
17975,12032,,
17976,12032,,
17977,12032,,
17978,12032,,
17979,12032,,
17980,12032,,
17981,12032,,
17982,12032,,
17983,12032,,
17984,12032,,
17985,12032,,
17986,12032,,
17987,12032,,
17988,12032,,
17989,12032,,
17990,12032,,
17991,12032,,
17992,12032,,
17993,12032,,
17994,12032,,
17995,12032,,
17996,12032,,
17997,12032,,
17998,12032,,
17999,12032,,
18000,12032,,
18001,12032,,
18002,12032,,
18003,12032,,
18004,12032,,
18005,12032,,
18006,12032,,
18007,12032,,
18008,12032,,
18009,12032,,
18010,12032,,
18011,12032,,
18012,12032,,
18013,12032,,
18014,12032,,
18015,12032,,
18016,12032,,
18017,12032,,
18018,12032,,
18019,12032,,
18020,12032,,
18021,12032,,
18022,12032,,
18023,12032,,
18024,12032,,
18025,12032,,
18026,12032,,
18027,12032,,
18028,12032,,
18029,12032,,
18030,12032,,
18031,12032,,
18032,12032,,
18033,12032,,
18034,12032,,
18035,12032,,
18036,12032,,
18037,12032,,
18038,12032,,
18039,12032,,
18040,12032,,
18041,12032,,
18042,12032,,
18043,12032,,
18044,12032,,
18045,12032,,
18046,12032,,
18047,12032,,
18048,12032,,
18049,12032,,
18050,12032,,
18051,12032,,
18052,12032,,
18053,12032,,
18054,12032,,
18055,12032,,
18056,12032,,
18057,12032,,
18058,12032,,
18059,12032,,
18060,12032,,
18061,12032,,
18062,12032,,
18063,12032,,
18064,12032,,
18065,12032,,
18066,12032,,
18067,12032,,
18068,12032,,
18069,12032,,
18070,12032,,
18071,12032,,
18072,12032,,
18073,12032,,
18074,12032,,
18075,12032,,
18076,12032,,
18077,12032,,
18078,12032,,
18079,12032,,
18080,12032,,
18081,12032,,
18082,12032,,
18083,12032,,
18084,12032,,
18085,12032,,
18086,12032,,
18087,12032,,
18088,12032,,
18089,12032,,
18090,12032,,
18091,12032,,
18092,12032,,
18093,12032,,
18094,12032,,
18095,12032,,
18096,12032,,
18097,12032,,
18098,12032,,
18099,12032,,
18100,12032,,
18101,12032,,
18102,12032,,
18103,12032,,
18104,12032,,
18105,12032,,
18106,12032,,
18107,12032,,
18108,12032,,
18109,12032,,
18110,12032,,
18111,12032,,
18112,12032,,
18113,12032,,
18114,12032,,
18115,12032,,
18116,12032,,
18117,12032,,
18118,12032,,
18119,12032,,
18120,12032,,
18121,12032,,
18122,12032,,
18123,12032,,
18124,12032,,
18125,12032,,
18126,12032,,
18127,12032,,
18128,12032,,
18129,12032,,
18130,12032,,
18131,12032,,
18132,12032,,
18133,12032,,
18134,12032,,
18135,12032,,
18136,12032,,
18137,12032,,
18138,12032,,
18139,12032,,
18140,12032,,
18141,12032,,
18142,12032,,
18143,12032,,
18144,12032,,
18145,12032,,
18146,12032,,
18147,12032,,
18148,12032,,
18149,12032,,
18150,12032,,
18151,12032,,
18152,12032,,
18153,12032,,
18154,12032,,
18155,12032,,
18156,12032,,
18157,12032,,
18158,12032,,
18159,12032,,
18160,12032,,
18161,12032,,
18162,12032,,
18163,12032,,
18164,12032,,
18165,12032,,
18166,12032,,
18167,12032,,
18168,12032,,
18169,12032,,
18170,12032,,
18171,12032,,
18172,12032,,
18173,12032,,
18174,12032,,
18175,12032,,
18176,12032,,
18177,12032,,
18178,12032,,
18179,12032,,
18180,12032,,
18181,12032,,
18182,12032,,
18183,12032,,
18184,12032,,
18185,12032,,
18186,12032,,
18187,12032,,
18188,12032,,
18189,12032,,
18190,12032,,
18191,12032,,
18192,12032,,
18193,12032,,
18194,12032,,
18195,12032,,
18196,12032,,
18197,12032,,
18198,12032,,
18199,12032,,
18200,12032,,
18201,12032,,
18202,12032,,
18203,12032,,
18204,12032,,
18205,12032,,
18206,12032,,
18207,12032,,
18208,12032,,
18209,12032,,
18210,12032,,
18211,12032,,
18212,12032,,
18213,12032,,
18214,12032,,
18215,12032,,
18216,12032,,
18217,12032,,
18218,12032,,
18219,12032,,
18220,12032,,
18221,12032,,
18222,12032,,
18223,12032,,
18224,12032,,
18225,12032,,
18226,12032,,
18227,12032,,
18228,12032,,
18229,12032,,
18230,12032,,
18231,12032,,
18232,12032,,
18233,12032,,
18234,12032,,
18235,12032,,
18236,12032,,
18237,12032,,
18238,12032,,
18239,12032,,
18240,12032,,
18241,12032,,
18242,12032,,
18243,12032,,
18244,12032,,
18245,12032,,
18246,12032,,
18247,12032,,
18248,12032,,
18249,12032,,
18250,12032,,
18251,12032,,
18252,12032,,
18253,12032,,
18254,12032,,
18255,12032,,
18256,12032,,
18257,12032,,
18258,12032,,
18259,12032,,
18260,12032,,
18261,12032,,
18262,12032,,
18263,12032,,
18264,12032,,
18265,12032,,
18266,12032,,
18267,12032,,
18268,12032,,
18269,12032,,
18270,12032,,
18271,12032,,
18272,12032,,
18273,12032,,
18274,12032,,
18275,12032,,
18276,12032,,
18277,12032,,
18278,12032,,
18279,12032,,
18280,12032,,
18281,12032,,
18282,12032,,
18283,12032,,
18284,12032,,
18285,12032,,
18286,12032,,
18287,12032,,
18288,12032,,
18289,12032,,
18290,12032,,
18291,12032,,
18292,12032,,
18293,12032,,
18294,12032,,
18295,12032,,
18296,12032,,
18297,12032,,
18298,12032,,
18299,12032,,
18300,12032,,
18301,12032,,
18302,12032,,
18303,12032,,
18304,12032,,
18305,12032,,
18306,12032,,
18307,12032,,
18308,12032,,
18309,12032,,
18310,12032,,
18311,12032,,
18312,12032,,
18313,12032,,
18314,12032,,
18315,12032,,
18316,12032,,
18317,12032,,
18318,12032,,
18319,12032,,
18320,12032,,
18321,12032,,
18322,12032,,
18323,12032,,
18324,12032,,
18325,12032,,
18326,12032,,
18327,12032,,
18328,12032,,
18329,12032,,
18330,12032,,
18331,12032,,
18332,12032,,
18333,12032,,
18334,12032,,
18335,12032,,
18336,12032,,
18337,12032,,
18338,12032,,
18339,12032,,
18340,12032,,
18341,12032,,
18342,12032,,
18343,12032,,
18344,12032,,
18345,12032,,
18346,12032,,
18347,12032,,
18348,12032,,
18349,12032,,
18350,12032,,
18351,12032,,
18352,12032,,
18353,12032,,
18354,12032,,
18355,12032,,
18356,12032,,
18357,12032,,
18358,12032,,
18359,12032,,
18360,12032,,
18361,12032,,
18362,12032,,
18363,12032,,
18364,12032,,
18365,12032,,
18366,12032,,
18367,12032,,
18368,12032,,
18369,12032,,
18370,12032,,
18371,12032,,
18372,12032,,
18373,12032,,
18374,12032,,
18375,12032,,
18376,12032,,
18377,12032,,
18378,12032,,
18379,12032,,
18380,12032,,
18381,12032,,
18382,12032,,
18383,12032,,
18384,12032,,
18385,12032,,
18386,12032,,
18387,12032,,
18388,12032,,
18389,12032,,
18390,12032,,
18391,12032,,
18392,12032,,
18393,12032,,
18394,12032,,
18395,12032,,
18396,12032,,
18397,12032,,
18398,12032,,
18399,12032,,
18400,12032,,
18401,12032,,
18402,12032,,
18403,12032,,
18404,12032,,
18405,12032,,
18406,12032,,
18407,12032,,
18408,12032,,
18409,12032,,
18410,12032,,
18411,12032,,
18412,12032,,
18413,12032,,
18414,12032,,
18415,12032,,
18416,12032,,
18417,12032,,
18418,12032,,
18419,12032,,
18420,12032,,
18421,12032,,
18422,12032,,
18423,12032,,
18424,12032,,
18425,12032,,
18426,12032,,
18427,12032,,
18428,12032,,
18429,12032,,
18430,12032,,
18431,12032,,
18432,12032,,
18433,12032,,
18434,12032,,
18435,12032,,
18436,12032,,
18437,12032,,
18438,12032,,
18439,12032,,
18440,12032,,
18441,12032,,
18442,12032,,
18443,12032,,
18444,12032,,
18445,12032,,
18446,12032,,
18447,12032,,
18448,12032,,
18449,12032,,
18450,12032,,
18451,12032,,
18452,12032,,
18453,12032,,
18454,12032,,
18455,12032,,
18456,12032,,
18457,12032,,
18458,12032,,
18459,12032,,
18460,12032,,
18461,12032,,
18462,12032,,
18463,12032,,
18464,12032,,
18465,12032,,
18466,12032,,
18467,12032,,
18468,12032,,
18469,12032,,
18470,12032,,
18471,12032,,
18472,12032,,
18473,12032,,
18474,12032,,
18475,12032,,
18476,12032,,
18477,12032,,
18478,12032,,
18479,12032,,
18480,12032,,
18481,12032,,
18482,12032,,
18483,12032,,
18484,12032,,
18485,12032,,
18486,12032,,
18487,12032,,
18488,12032,,
18489,12032,,
18490,12032,,
18491,12032,,
18492,12032,,
18493,12032,,
18494,12032,,
18495,12032,,
18496,12032,,
18497,12032,,
18498,12032,,
18499,12032,,
18500,12032,,
18501,12032,,
18502,12032,,
18503,12032,,
18504,12032,,
18505,12032,,
18506,12032,,
18507,12032,,
18508,12032,,
18509,12032,,
18510,12032,,
18511,12032,,
18512,12032,,
18513,12032,,
18514,12032,,
18515,12032,,
18516,12032,,
18517,12032,,
18518,12032,,
18519,12032,,
18520,12032,,
18521,12032,,
18522,12032,,
18523,12032,,
18524,12032,,
18525,12032,,
18526,12032,,
18527,12032,,
18528,12032,,
18529,12032,,
18530,12032,,
18531,12032,,
18532,12032,,
18533,12032,,
18534,12032,,
18535,12032,,
18536,12032,,
18537,12032,,
18538,12032,,
18539,12032,,
18540,12032,,
18541,12032,,
18542,12032,,
18543,12032,,
18544,12032,,
18545,12032,,
18546,12032,,
18547,12032,,
18548,12032,,
18549,12032,,
18550,12032,,
18551,12032,,
18552,12032,,
18553,12032,,
18554,12032,,
18555,12032,,
18556,12032,,
18557,12032,,
18558,12032,,
18559,12032,,
18560,12032,,
18561,12032,,
18562,12032,,
18563,12032,,
18564,12032,,
18565,12032,,
18566,12032,,
18567,12032,,
18568,12032,,
18569,12032,,
18570,12032,,
18571,12032,,
18572,12032,,
18573,12032,,
18574,12032,,
18575,12032,,
18576,12032,,
18577,12032,,
18578,12032,,
18579,12032,,
18580,12032,,
18581,12032,,
18582,12032,,
18583,12032,,
18584,12032,,
18585,12032,,
18586,12032,,
18587,12032,,
18588,12032,,
18589,12032,,
18590,12032,,
18591,12032,,
18592,12032,,
18593,12032,,
18594,12032,,
18595,12032,,
18596,12032,,
18597,12032,,
18598,12032,,
18599,12032,,
18600,12032,,
18601,12032,,
18602,12032,,
18603,12032,,
18604,12032,,
18605,12032,,
18606,12032,,
18607,12032,,
18608,12032,,
18609,12032,,
18610,12032,,
18611,12032,,
18612,12032,,
18613,12032,,
18614,12032,,
18615,12032,,
18616,12032,,
18617,12032,,
18618,12032,,
18619,12032,,
18620,12032,,
18621,12032,,
18622,12032,,
18623,12032,,
18624,12032,,
18625,12032,,
18626,12032,,
18627,12032,,
18628,12032,,
18629,12032,,
18630,12032,,
18631,12032,,
18632,12032,,
18633,12032,,
18634,12032,,
18635,12032,,
18636,12032,,
18637,12032,,
18638,12032,,
18639,12032,,
18640,12032,,
18641,12032,,
18642,12032,,
18643,12032,,
18644,12032,,
18645,12032,,
18646,12032,,
18647,12032,,
18648,12032,,
18649,12032,,
18650,12032,,
18651,12032,,
18652,12032,,
18653,12032,,
18654,12032,,
18655,12032,,
18656,12032,,
18657,12032,,
18658,12032,,
18659,12032,,
18660,12032,,
18661,12032,,
18662,12032,,
18663,12032,,
18664,12032,,
18665,12032,,
18666,12032,,
18667,12032,,
18668,12032,,
18669,12032,,
18670,12032,,
18671,12032,,
18672,12032,,
18673,12032,,
18674,12032,,
18675,12032,,
18676,12032,,
18677,12032,,
18678,12032,,
18679,12032,,
18680,12032,,
18681,12032,,
18682,12032,,
18683,12032,,
18684,12032,,
18685,12032,,
18686,12032,,
18687,12032,,
18688,12032,,
18689,12032,,
18690,12032,,
18691,12032,,
18692,12032,,
18693,12032,,
18694,12032,,
18695,12032,,
18696,12032,,
18697,12032,,
18698,12032,,
18699,12032,,
18700,12032,,
18701,12032,,
18702,12032,,
18703,12032,,
18704,12032,,
18705,12032,,
18706,12032,,
18707,12032,,
18708,12032,,
18709,12032,,
18710,12032,,
18711,12032,,
18712,12032,,
18713,12032,,
18714,12032,,
18715,12032,,
18716,12032,,
18717,12032,,
18718,12032,,
18719,12032,,
18720,12032,,
18721,12032,,
18722,12032,,
18723,12032,,
18724,12032,,
18725,12032,,
18726,12032,,
18727,12032,,
18728,12032,,
18729,12032,,
18730,12032,,
18731,12032,,
18732,12032,,
18733,12032,,
18734,12032,,
18735,12032,,
18736,12032,,
18737,12032,,
18738,12032,,
18739,12032,,
18740,12032,,
18741,12032,,
18742,12032,,
18743,12032,,
18744,12032,,
18745,12032,,
18746,12032,,
18747,12032,,
18748,12032,,
18749,12032,,
18750,12032,,
18751,12032,,
18752,12032,,
18753,12032,,
18754,12032,,
18755,12032,,
18756,12032,,
18757,12032,,
18758,12032,,
18759,12032,,
18760,12032,,
18761,12032,,
18762,12032,,
18763,12032,,
18764,12032,,
18765,12032,,
18766,12032,,
18767,12032,,
18768,12032,,
18769,12032,,
18770,12032,,
18771,12032,,
18772,12032,,
18773,12032,,
18774,12032,,
18775,12032,,
18776,12032,,
18777,12032,,
18778,12032,,
18779,12032,,
18780,12032,,
18781,12032,,
18782,12032,,
18783,12032,,
18784,12032,,
18785,12032,,
18786,12032,,
18787,12032,,
18788,12032,,
18789,12032,,
18790,12032,,
18791,12032,,
18792,12032,,
18793,12032,,
18794,12032,,
18795,12032,,
18796,12032,,
18797,12032,,
18798,12032,,
18799,12032,,
18800,12032,,
18801,12032,,
18802,12032,,
18803,12032,,
18804,12032,,
18805,12032,,
18806,12032,,
18807,12032,,
18808,12032,,
18809,12032,,
18810,12032,,
18811,12032,,
18812,12032,,
18813,12032,,
18814,12032,,
18815,12032,,
18816,12032,,
18817,12032,,
18818,12032,,
18819,12032,,
18820,12032,,
18821,12032,,
18822,12032,,
18823,12032,,
18824,12032,,
18825,12032,,
18826,12032,,
18827,12032,,
18828,12032,,
18829,12032,,
18830,12032,,
18831,12032,,
18832,12032,,
18833,12032,,
18834,12032,,
18835,12032,,
18836,12032,,
18837,12032,,
18838,12032,,
18839,12032,,
18840,12032,,
18841,12032,,
18842,12032,,
18843,12032,,
18844,12032,,
18845,12032,,
18846,12032,,
18847,12032,,
18848,12032,,
18849,12032,,
18850,12032,,
18851,12032,,
18852,12032,,
18853,12032,,
18854,12032,,
18855,12032,,
18856,12032,,
18857,12032,,
18858,12032,,
18859,12032,,
18860,12032,,
18861,12032,,
18862,12032,,
18863,12032,,
18864,12032,,
18865,12032,,
18866,12032,,
18867,12032,,
18868,12032,,
18869,12032,,
18870,12032,,
18871,12032,,
18872,12032,,
18873,12032,,
18874,12032,,
18875,12032,,
18876,12032,,
18877,12032,,
18878,12032,,
18879,12032,,
18880,12032,,
18881,12032,,
18882,12032,,
18883,12032,,
18884,12032,,
18885,12032,,
18886,12032,,
18887,12032,,
18888,12032,,
18889,12032,,
18890,12032,,
18891,12032,,
18892,12032,,
18893,12032,,
18894,12032,,
18895,12032,,
18896,12032,,
18897,12032,,
18898,12032,,
18899,12032,,
18900,12032,,
18901,12032,,
18902,12032,,
18903,12032,,
18904,12032,,
18905,12032,,
18906,12032,,
18907,12032,,
18908,12032,,
18909,12032,,
18910,12032,,
18911,12032,,
18912,12032,,
18913,12032,,
18914,12032,,
18915,12032,,
18916,12032,,
18917,12032,,
18918,12032,,
18919,12032,,
18920,12032,,
18921,12032,,
18922,12032,,
18923,12032,,
18924,12032,,
18925,12032,,
18926,12032,,
18927,12032,,
18928,12032,,
18929,12032,,
18930,12032,,
18931,12032,,
18932,12032,,
18933,12032,,
18934,12032,,
18935,12032,,
18936,12032,,
18937,12032,,
18938,12032,,
18939,12032,,
18940,12032,,
18941,12032,,
18942,12032,,
18943,12032,,
18944,12032,,
18945,12032,,
18946,12032,,
18947,12032,,
18948,12032,,
18949,12032,,
18950,12032,,
18951,12032,,
18952,12032,,
18953,12032,,
18954,12032,,
18955,12032,,
18956,12032,,
18957,12032,,
18958,12032,,
18959,12032,,
18960,12032,,
18961,12032,,
18962,12032,,
18963,12032,,
18964,12032,,
18965,12032,,
18966,12032,,
18967,12032,,
18968,12032,,
18969,12032,,
18970,12032,,
18971,12032,,
18972,12032,,
18973,12032,,
18974,12032,,
18975,12032,,
18976,12032,,
18977,12032,,
18978,12032,,
18979,12032,,
18980,12032,,
18981,12032,,
18982,12032,,
18983,12032,,
18984,12032,,
18985,12032,,
18986,12032,,
18987,12032,,
18988,12032,,
18989,12032,,
18990,12032,,
18991,12032,,
18992,12032,,
18993,12032,,
18994,12032,,
18995,12032,,
18996,12032,,
18997,12032,,
18998,12032,,
18999,12032,,
19000,12032,,
19001,12032,,
19002,12032,,
19003,12032,,
19004,12032,,
19005,12032,,
19006,12032,,
19007,12032,,
19008,12032,,
19009,12032,,
19010,12032,,
19011,12032,,
19012,12032,,
19013,12032,,
19014,12032,,
19015,12032,,
19016,12032,,
19017,12032,,
19018,12032,,
19019,12032,,
19020,12032,,
19021,12032,,
19022,12032,,
19023,12032,,
19024,12032,,
19025,12032,,
19026,12032,,
19027,12032,,
19028,12032,,
19029,12032,,
19030,12032,,
19031,12032,,
19032,12032,,
19033,12032,,
19034,12032,,
19035,12032,,
19036,12032,,
19037,12032,,
19038,12032,,
19039,12032,,
19040,12032,,
19041,12032,,
19042,12032,,
19043,12032,,
19044,12032,,
19045,12032,,
19046,12032,,
19047,12032,,
19048,12032,,
19049,12032,,
19050,12032,,
19051,12032,,
19052,12032,,
19053,12032,,
19054,12032,,
19055,12032,,
19056,12032,,
19057,12032,,
19058,12032,,
19059,12032,,
19060,12032,,
19061,12032,,
19062,12032,,
19063,12032,,
19064,12032,,
19065,12032,,
19066,12032,,
19067,12032,,
19068,12032,,
19069,12032,,
19070,12032,,
19071,12032,,
19072,12032,,
19073,12032,,
19074,12032,,
19075,12032,,
19076,12032,,
19077,12032,,
19078,12032,,
19079,12032,,
19080,12032,,
19081,12032,,
19082,12032,,
19083,12032,,
19084,12032,,
19085,12032,,
19086,12032,,
19087,12032,,
19088,12032,,
19089,12032,,
19090,12032,,
19091,12032,,
19092,12032,,
19093,12032,,
19094,12032,,
19095,12032,,
19096,12032,,
19097,12032,,
19098,12032,,
19099,12032,,
19100,12032,,
19101,12032,,
19102,12032,,
19103,12032,,
19104,12032,,
19105,12032,,
19106,12032,,
19107,12032,,
19108,12032,,
19109,12032,,
19110,12032,,
19111,12032,,
19112,12032,,
19113,12032,,
19114,12032,,
19115,12032,,
19116,12032,,
19117,12032,,
19118,12032,,
19119,12032,,
19120,12032,,
19121,12032,,
19122,12032,,
19123,12032,,
19124,12032,,
19125,12032,,
19126,12032,,
19127,12032,,
19128,12032,,
19129,12032,,
19130,12032,,
19131,12032,,
19132,12032,,
19133,12032,,
19134,12032,,
19135,12032,,
19136,12032,,
19137,12032,,
19138,12032,,
19139,12032,,
19140,12032,,
19141,12032,,
19142,12032,,
19143,12032,,
19144,12032,,
19145,12032,,
19146,12032,,
19147,12032,,
19148,12032,,
19149,12032,,
19150,12032,,
19151,12032,,
19152,12032,,
19153,12032,,
19154,12032,,
19155,12032,,
19156,12032,,
19157,12032,,
19158,12032,,
19159,12032,,
19160,12032,,
19161,12032,,
19162,12032,,
19163,12032,,
19164,12032,,
19165,12032,,
19166,12032,,
19167,12032,,
19168,12032,,
19169,12032,,
19170,12032,,
19171,12032,,
19172,12032,,
19173,12032,,
19174,12032,,
19175,12032,,
19176,12032,,
19177,12032,,
19178,12032,,
19179,12032,,
19180,12032,,
19181,12032,,
19182,12032,,
19183,12032,,
19184,12032,,
19185,12032,,
19186,12032,,
19187,12032,,
19188,12032,,
19189,12032,,
19190,12032,,
19191,12032,,
19192,12032,,
19193,12032,,
19194,12032,,
19195,12032,,
19196,12032,,
19197,12032,,
19198,12032,,
19199,12032,,
19200,12032,,
19201,12032,,
19202,12032,,
19203,12032,,
19204,12032,,
19205,12032,,
19206,12032,,
19207,12032,,
19208,12032,,
19209,12032,,
19210,12032,,
19211,12032,,
19212,12032,,
19213,12032,,
19214,12032,,
19215,12032,,
19216,12032,,
19217,12032,,
19218,12032,,
19219,12032,,
19220,12032,,
19221,12032,,
19222,12032,,
19223,12032,,
19224,12032,,
19225,12032,,
19226,12032,,
19227,12032,,
19228,12032,,
19229,12032,,
19230,12032,,
19231,12032,,
19232,12032,,
19233,12032,,
19234,12032,,
19235,12032,,
19236,12032,,
19237,12032,,
19238,12032,,
19239,12032,,
19240,12032,,
19241,12032,,
19242,12032,,
19243,12032,,
19244,12032,,
19245,12032,,
19246,12032,,
19247,12032,,
19248,12032,,
19249,12032,,
19250,12032,,
19251,12032,,
19252,12032,,
19253,12032,,
19254,12032,,
19255,12032,,
19256,12032,,
19257,12032,,
19258,12032,,
19259,12032,,
19260,12032,,
19261,12032,,
19262,12032,,
19263,12032,,
19264,12032,,
19265,12032,,
19266,12032,,
19267,12032,,
19268,12032,,
19269,12032,,
19270,12032,,
19271,12032,,
19272,12032,,
19273,12032,,
19274,12032,,
19275,12032,,
19276,12032,,
19277,12032,,
19278,12032,,
19279,12032,,
19280,12032,,
19281,12032,,
19282,12032,,
19283,12032,,
19284,12032,,
19285,12032,,
19286,12032,,
19287,12032,,
19288,12032,,
19289,12032,,
19290,12032,,
19291,12032,,
19292,12032,,
19293,12032,,
19294,12032,,
19295,12032,,
19296,12032,,
19297,12032,,
19298,12032,,
19299,12032,,
19300,12032,,
19301,12032,,
19302,12032,,
19303,12032,,
19304,12032,,
19305,12032,,
19306,12032,,
19307,12032,,
19308,12032,,
19309,12032,,
19310,12032,,
19311,12032,,
19312,12032,,
19313,12032,,
19314,12032,,
19315,12032,,
19316,12032,,
19317,12032,,
19318,12032,,
19319,12032,,
19320,12032,,
19321,12032,,
19322,12032,,
19323,12032,,
19324,12032,,
19325,12032,,
19326,12032,,
19327,12032,,
19328,12032,,
19329,12032,,
19330,12032,,
19331,12032,,
19332,12032,,
19333,12032,,
19334,12032,,
19335,12032,,
19336,12032,,
19337,12032,,
19338,12032,,
19339,12032,,
19340,12032,,
19341,12032,,
19342,12032,,
19343,12032,,
19344,12032,,
19345,12032,,
19346,12032,,
19347,12032,,
19348,12032,,
19349,12032,,
19350,12032,,
19351,12032,,
19352,12032,,
19353,12032,,
19354,12032,,
19355,12032,,
19356,12032,,
19357,12032,,
19358,12032,,
19359,12032,,
19360,12032,,
19361,12032,,
19362,12032,,
19363,12032,,
19364,12032,,
19365,12032,,
19366,12032,,
19367,12032,,
19368,12032,,
19369,12032,,
19370,12032,,
19371,12032,,
19372,12032,,
19373,12032,,
19374,12032,,
19375,12032,,
19376,12032,,
19377,12032,,
19378,12032,,
19379,12032,,
19380,12032,,
19381,12032,,
19382,12032,,
19383,12032,,
19384,12032,,
19385,12032,,
19386,12032,,
19387,12032,,
19388,12032,,
19389,12032,,
19390,12032,,
19391,12032,,
19392,12032,,
19393,12032,,
19394,12032,,
19395,12032,,
19396,12032,,
19397,12032,,
19398,12032,,
19399,12032,,
19400,12032,,
19401,12032,,
19402,12032,,
19403,12032,,
19404,12032,,
19405,12032,,
19406,12032,,
19407,12032,,
19408,12032,,
19409,12032,,
19410,12032,,
19411,12032,,
19412,12032,,
19413,12032,,
19414,12032,,
19415,12032,,
19416,12032,,
19417,12032,,
19418,12032,,
19419,12032,,
19420,12032,,
19421,12032,,
19422,12032,,
19423,12032,,
19424,12032,,
19425,12032,,
19426,12032,,
19427,12032,,
19428,12032,,
19429,12032,,
19430,12032,,
19431,12032,,
19432,12032,,
19433,12032,,
19434,12032,,
19435,12032,,
19436,12032,,
19437,12032,,
19438,12032,,
19439,12032,,
19440,12032,,
19441,12032,,
19442,12032,,
19443,12032,,
19444,12032,,
19445,12032,,
19446,12032,,
19447,12032,,
19448,12032,,
19449,12032,,
19450,12032,,
19451,12032,,
19452,12032,,
19453,12032,,
19454,12032,,
19455,12032,,
19456,12032,,
19457,12032,,
19458,12032,,
19459,12032,,
19460,12032,,
19461,12032,,
19462,12032,,
19463,12032,,
19464,12032,,
19465,12032,,
19466,12032,,
19467,12032,,
19468,12032,,
19469,12032,,
19470,12032,,
19471,12032,,
19472,12032,,
19473,12032,,
19474,12032,,
19475,12032,,
19476,12032,,
19477,12032,,
19478,12032,,
19479,12032,,
19480,12032,,
19481,12032,,
19482,12032,,
19483,12032,,
19484,12032,,
19485,12032,,
19486,12032,,
19487,12032,,
19488,12032,,
19489,12032,,
19490,12032,,
19491,12032,,
19492,12032,,
19493,12032,,
19494,12032,,
19495,12032,,
19496,12032,,
19497,12032,,
19498,12032,,
19499,12032,,
19500,12032,,
19501,12032,,
19502,12032,,
19503,12032,,
19504,12032,,
19505,12032,,
19506,12032,,
19507,12032,,
19508,12032,,
19509,12032,,
19510,12032,,
19511,12032,,
19512,12032,,
19513,12032,,
19514,12032,,
19515,12032,,
19516,12032,,
19517,12032,,
19518,12032,,
19519,12032,,
19520,12032,,
19521,12032,,
19522,12032,,
19523,12032,,
19524,12032,,
19525,12032,,
19526,12032,,
19527,12032,,
19528,12032,,
19529,12032,,
19530,12032,,
19531,12032,,
19532,12032,,
19533,12032,,
19534,12032,,
19535,12032,,
19536,12032,,
19537,12032,,
19538,12032,,
19539,12032,,
19540,12032,,
19541,12032,,
19542,12032,,
19543,12032,,
19544,12032,,
19545,12032,,
19546,12032,,
19547,12032,,
19548,12032,,
19549,12032,,
19550,12032,,
19551,12032,,
19552,12032,,
19553,12032,,
19554,12032,,
19555,12032,,
19556,12032,,
19557,12032,,
19558,12032,,
19559,12032,,
19560,12032,,
19561,12032,,
19562,12032,,
19563,12032,,
19564,12032,,
19565,12032,,
19566,12032,,
19567,12032,,
19568,12032,,
19569,12032,,
19570,12032,,
19571,12032,,
19572,12032,,
19573,12032,,
19574,12032,,
19575,12032,,
19576,12032,,
19577,12032,,
19578,12032,,
19579,12032,,
19580,12032,,
19581,12032,,
19582,12032,,
19583,12032,,
19584,12032,,
19585,12032,,
19586,12032,,
19587,12032,,
19588,12032,,
19589,12032,,
19590,12032,,
19591,12032,,
19592,12032,,
19593,12032,,
19594,12032,,
19595,12032,,
19596,12032,,
19597,12032,,
19598,12032,,
19599,12032,,
19600,12032,,
19601,12032,,
19602,12032,,
19603,12032,,
19604,12032,,
19605,12032,,
19606,12032,,
19607,12032,,
19608,12032,,
19609,12032,,
19610,12032,,
19611,12032,,
19612,12032,,
19613,12032,,
19614,12032,,
19615,12032,,
19616,12032,,
19617,12032,,
19618,12032,,
19619,12032,,
19620,12032,,
19621,12032,,
19622,12032,,
19623,12032,,
19624,12032,,
19625,12032,,
19626,12032,,
19627,12032,,
19628,12032,,
19629,12032,,
19630,12032,,
19631,12032,,
19632,12032,,
19633,12032,,
19634,12032,,
19635,12032,,
19636,12032,,
19637,12032,,
19638,12032,,
19639,12032,,
19640,12032,,
19641,12032,,
19642,12032,,
19643,12032,,
19644,12032,,
19645,12032,,
19646,12032,,
19647,12032,,
19648,12032,,
19649,12032,,
19650,12032,,
19651,12032,,
19652,12032,,
19653,12032,,
19654,12032,,
19655,12032,,
19656,12032,,
19657,12032,,
19658,12032,,
19659,12032,,
19660,12032,,
19661,12032,,
19662,12032,,
19663,12032,,
19664,12032,,
19665,12032,,
19666,12032,,
19667,12032,,
19668,12032,,
19669,12032,,
19670,12032,,
19671,12032,,
19672,12032,,
19673,12032,,
19674,12032,,
19675,12032,,
19676,12032,,
19677,12032,,
19678,12032,,
19679,12032,,
19680,12032,,
19681,12032,,
19682,12032,,
19683,12032,,
19684,12032,,
19685,12032,,
19686,12032,,
19687,12032,,
19688,12032,,
19689,12032,,
19690,12032,,
19691,12032,,
19692,12032,,
19693,12032,,
19694,12032,,
19695,12032,,
19696,12032,,
19697,12032,,
19698,12032,,
19699,12032,,
19700,12032,,
19701,12032,,
19702,12032,,
19703,12032,,
19704,12032,,
19705,12032,,
19706,12032,,
19707,12032,,
19708,12032,,
19709,12032,,
19710,12032,,
19711,12032,,
19712,12032,,
19713,12032,,
19714,12032,,
19715,12032,,
19716,12032,,
19717,12032,,
19718,12032,,
19719,12032,,
19720,12032,,
19721,12032,,
19722,12032,,
19723,12032,,
19724,12032,,
19725,12032,,
19726,12032,,
19727,12032,,
19728,12032,,
19729,12032,,
19730,12032,,
19731,12032,,
19732,12032,,
19733,12032,,
19734,12032,,
19735,12032,,
19736,12032,,
19737,12032,,
19738,12032,,
19739,12032,,
19740,12032,,
19741,12032,,
19742,12032,,
19743,12032,,
19744,12032,,
19745,12032,,
19746,12032,,
19747,12032,,
19748,12032,,
19749,12032,,
19750,12032,,
19751,12032,,
19752,12032,,
19753,12032,,
19754,12032,,
19755,12032,,
19756,12032,,
19757,12032,,
19758,12032,,
19759,12032,,
19760,12032,,
19761,12032,,
19762,12032,,
19763,12032,,
19764,12032,,
19765,12032,,
19766,12032,,
19767,12032,,
19768,12032,,
19769,12032,,
19770,12032,,
19771,12032,,
19772,12032,,
19773,12032,,
19774,12032,,
19775,12032,,
19776,12032,,
19777,12032,,
19778,12032,,
19779,12032,,
19780,12032,,
19781,12032,,
19782,12032,,
19783,12032,,
19784,12032,,
19785,12032,,
19786,12032,,
19787,12032,,
19788,12032,,
19789,12032,,
19790,12032,,
19791,12032,,
19792,12032,,
19793,12032,,
19794,12032,,
19795,12032,,
19796,12032,,
19797,12032,,
19798,12032,,
19799,12032,,
19800,12032,,
19801,12032,,
19802,12032,,
19803,12032,,
19804,12032,,
19805,12032,,
19806,12032,,
19807,12032,,
19808,12032,,
19809,12032,,
19810,12032,,
19811,12032,,
19812,12032,,
19813,12032,,
19814,12032,,
19815,12032,,
19816,12032,,
19817,12032,,
19818,12032,,
19819,12032,,
19820,12032,,
19821,12032,,
19822,12032,,
19823,12032,,
19824,12032,,
19825,12032,,
19826,12032,,
19827,12032,,
19828,12032,,
19829,12032,,
19830,12032,,
19831,12032,,
19832,12032,,
19833,12032,,
19834,12032,,
19835,12032,,
19836,12032,,
19837,12032,,
19838,12032,,
19839,12032,,
19840,12032,,
19841,12032,,
19842,12032,,
19843,12032,,
19844,12032,,
19845,12032,,
19846,12032,,
19847,12032,,
19848,12032,,
19849,12032,,
19850,12032,,
19851,12032,,
19852,12032,,
19853,12032,,
19854,12032,,
19855,12032,,
19856,12032,,
19857,12032,,
19858,12032,,
19859,12032,,
19860,12032,,
19861,12032,,
19862,12032,,
19863,12032,,
19864,12032,,
19865,12032,,
19866,12032,,
19867,12032,,
19868,12032,,
19869,12032,,
19870,12032,,
19871,12032,,
19872,12032,,
19873,12032,,
19874,12032,,
19875,12032,,
19876,12032,,
19877,12032,,
19878,12032,,
19879,12032,,
19880,12032,,
19881,12032,,
19882,12032,,
19883,12032,,
19884,12032,,
19885,12032,,
19886,12032,,
19887,12032,,
19888,12032,,
19889,12032,,
19890,12032,,
19891,12032,,
19892,12032,,
19893,12032,,
19894,12032,,
19895,12032,,
19896,12032,,
19897,12032,,
19898,12032,,
19899,12032,,
19900,12032,,
19901,12032,,
19902,12032,,
19903,12032,,
19904,12032,,
19905,12032,,
19906,12032,,
19907,12032,,
19908,12032,,
19909,12032,,
19910,12032,,
19911,12032,,
19912,12032,,
19913,12032,,
19914,12032,,
19915,12032,,
19916,12032,,
19917,12032,,
19918,12032,,
19919,12032,,
19920,12032,,
19921,12032,,
19922,12032,,
19923,12032,,
19924,12032,,
19925,12032,,
19926,12032,,
19927,12032,,
19928,12032,,
19929,12032,,
19930,12032,,
19931,12032,,
19932,12032,,
19933,12032,,
19934,12032,,
19935,12032,,
19936,12032,,
19937,12032,,
19938,12032,,
19939,12032,,
19940,12032,,
19941,12032,,
19942,12032,,
19943,12032,,
19944,12032,,
19945,12032,,
19946,12032,,
19947,12032,,
19948,12032,,
19949,12032,,
19950,12032,,
19951,12032,,
19952,12032,,
19953,12032,,
19954,12032,,
19955,12032,,
19956,12032,,
19957,12032,,
19958,12032,,
19959,12032,,
19960,12032,,
19961,12032,,
19962,12032,,
19963,12032,,
19964,12032,,
19965,12032,,
19966,12032,,
19967,12032,,
19968,12032,,
19969,12032,,
19970,12032,,
19971,12032,,
19972,12032,,
19973,12032,,
19974,12032,,
19975,12032,,
19976,12032,,
19977,12032,,
19978,12032,,
19979,12032,,
19980,12032,,
19981,12032,,
19982,12032,,
19983,12032,,
19984,12032,,
19985,12032,,
19986,12032,,
19987,12032,,
19988,12032,,
19989,12032,,
19990,12032,,
19991,12032,,
19992,12032,,
19993,12032,,
19994,12032,,
19995,12032,,
19996,12032,,
19997,12032,,
19998,12032,,
19999,12032,,
20000,12032,,
20001,12032,,
20002,12032,,
20003,12032,,
20004,12032,,
20005,12032,,
20006,12032,,
20007,12032,,
20008,12032,,
20009,12032,,
20010,12032,,
20011,12032,,
20012,12032,,
20013,12032,,
20014,12032,,
20015,12032,,
20016,12032,,
20017,12032,,
20018,12032,,
20019,12032,,
20020,12032,,
20021,12032,,
20022,12032,,
20023,12032,,
20024,12032,,
20025,12032,,
20026,12032,,
20027,12032,,
20028,12032,,
20029,12032,,
20030,12032,,
20031,12032,,
20032,12032,,
20033,12032,,
20034,12032,,
20035,12032,,
20036,12032,,
20037,12032,,
20038,12032,,
20039,12032,,
20040,12032,,
20041,12032,,
20042,12032,,
20043,12032,,
20044,12032,,
20045,12032,,
20046,12032,,
20047,12032,,
20048,12032,,
20049,12032,,
20050,12032,,
20051,12032,,
20052,12032,,
20053,12032,,
20054,12032,,
20055,12032,,
20056,12032,,
20057,12032,,
20058,12032,,
20059,12032,,
20060,12032,,
20061,12032,,
20062,12032,,
20063,12032,,
20064,12032,,
20065,12032,,
20066,12032,,
20067,12032,,
20068,12032,,
20069,12032,,
20070,12032,,
20071,12032,,
20072,12032,,
20073,12032,,
20074,12032,,
20075,12032,,
20076,12032,,
20077,12032,,
20078,12032,,
20079,12032,,
20080,12032,,
20081,12032,,
20082,12032,,
20083,12032,,
20084,12032,,
20085,12032,,
20086,12032,,
20087,12032,,
20088,12032,,
20089,12032,,
20090,12032,,
20091,12032,,
20092,12032,,
20093,12032,,
20094,12032,,
20095,12032,,
20096,12032,,
20097,12032,,
20098,12032,,
20099,12032,,
20100,12032,,
20101,12032,,
20102,12032,,
20103,12032,,
20104,12032,,
20105,12032,,
20106,12032,,
20107,12032,,
20108,12032,,
20109,12032,,
20110,12032,,
20111,12032,,
20112,12032,,
20113,12032,,
20114,12032,,
20115,12032,,
20116,12032,,
20117,12032,,
20118,12032,,
20119,12032,,
20120,12032,,
20121,12032,,
20122,12032,,
20123,12032,,
20124,12032,,
20125,12032,,
20126,12032,,
20127,12032,,
20128,12032,,
20129,12032,,
20130,12032,,
20131,12032,,
20132,12032,,
20133,12032,,
20134,12032,,
20135,12032,,
20136,12032,,
20137,12032,,
20138,12032,,
20139,12032,,
20140,12032,,
20141,12032,,
20142,12032,,
20143,12032,,
20144,12032,,
20145,12032,,
20146,12032,,
20147,12032,,
20148,12032,,
20149,12032,,
20150,12032,,
20151,12032,,
20152,12032,,
20153,12032,,
20154,12032,,
20155,12032,,
20156,12032,,
20157,12032,,
20158,12032,,
20159,12032,,
20160,12032,,
20161,12032,,
20162,12032,,
20163,12032,,
20164,12032,,
20165,12032,,
20166,12032,,
20167,12032,,
20168,12032,,
20169,12032,,
20170,12032,,
20171,12032,,
20172,12032,,
20173,12032,,
20174,12032,,
20175,12032,,
20176,12032,,
20177,12032,,
20178,12032,,
20179,12032,,
20180,12032,,
20181,12032,,
20182,12032,,
20183,12032,,
20184,12032,,
20185,12032,,
20186,12032,,
20187,12032,,
20188,12032,,
20189,12032,,
20190,12032,,
20191,12032,,
20192,12032,,
20193,12032,,
20194,12032,,
20195,12032,,
20196,12032,,
20197,12032,,
20198,12032,,
20199,12032,,
20200,12032,,
20201,12032,,
20202,12032,,
20203,12032,,
20204,12032,,
20205,12032,,
20206,12032,,
20207,12032,,
20208,12032,,
20209,12032,,
20210,12032,,
20211,12032,,
20212,12032,,
20213,12032,,
20214,12032,,
20215,12032,,
20216,12032,,
20217,12032,,
20218,12032,,
20219,12032,,
20220,12032,,
20221,12032,,
20222,12032,,
20223,12032,,
20224,12032,,
20225,12032,,
20226,12032,,
20227,12032,,
20228,12032,,
20229,12032,,
20230,12032,,
20231,12032,,
20232,12032,,
20233,12032,,
20234,12032,,
20235,12032,,
20236,12032,,
20237,12032,,
20238,12032,,
20239,12032,,
20240,12032,,
20241,12032,,
20242,12032,,
20243,12032,,
20244,12032,,
20245,12032,,
20246,12032,,
20247,12032,,
20248,12032,,
20249,12032,,
20250,12032,,
20251,12032,,
20252,12032,,
20253,12032,,
20254,12032,,
20255,12032,,
20256,12032,,
20257,12032,,
20258,12032,,
20259,12032,,
20260,12032,,
20261,12032,,
20262,12032,,
20263,12032,,
20264,12032,,
20265,12032,,
20266,12032,,
20267,12032,,
20268,12032,,
20269,12032,,
20270,12032,,
20271,12032,,
20272,12032,,
20273,12032,,
20274,12032,,
20275,12032,,
20276,12032,,
20277,12032,,
20278,12032,,
20279,12032,,
20280,12032,,
20281,12032,,
20282,12032,,
20283,12032,,
20284,12032,,
20285,12032,,
20286,12032,,
20287,12032,,
20288,12032,,
20289,12032,,
20290,12032,,
20291,12032,,
20292,12032,,
20293,12032,,
20294,12032,,
20295,12032,,
20296,12032,,
20297,12032,,
20298,12032,,
20299,12032,,
20300,12032,,
20301,12032,,
20302,12032,,
20303,12032,,
20304,12032,,
20305,12032,,
20306,12032,,
20307,12032,,
20308,12032,,
20309,12032,,
20310,12032,,
20311,12032,,
20312,12032,,
20313,12032,,
20314,12032,,
20315,12032,,
20316,12032,,
20317,12032,,
20318,12032,,
20319,12032,,
20320,12032,,
20321,12032,,
20322,12032,,
20323,12032,,
20324,12032,,
20325,12032,,
20326,12032,,
20327,12032,,
20328,12032,,
20329,12032,,
20330,12032,,
20331,12032,,
20332,12032,,
20333,12032,,
20334,12032,,
20335,12032,,
20336,12032,,
20337,12032,,
20338,12032,,
20339,12032,,
20340,12032,,
20341,12032,,
20342,12032,,
20343,12032,,
20344,12032,,
20345,12032,,
20346,12032,,
20347,12032,,
20348,12032,,
20349,12032,,
20350,12032,,
20351,12032,,
20352,12032,,
20353,12032,,
20354,12032,,
20355,12032,,
20356,12032,,
20357,12032,,
20358,12032,,
20359,12032,,
20360,12032,,
20361,12032,,
20362,12032,,
20363,12032,,
20364,12032,,
20365,12032,,
20366,12032,,
20367,12032,,
20368,12032,,
20369,12032,,
20370,12032,,
20371,12032,,
20372,12032,,
20373,12032,,
20374,12032,,
20375,12032,,
20376,12032,,
20377,12032,,
20378,12032,,
20379,12032,,
20380,12032,,
20381,12032,,
20382,12032,,
20383,12032,,
20384,12032,,
20385,12032,,
20386,12032,,
20387,12032,,
20388,12032,,
20389,12032,,
20390,12032,,
20391,12032,,
20392,12032,,
20393,12032,,
20394,12032,,
20395,12032,,
20396,12032,,
20397,12032,,
20398,12032,,
20399,12032,,
20400,12032,,
20401,12032,,
20402,12032,,
20403,12032,,
20404,12032,,
20405,12032,,
20406,12032,,
20407,12032,,
20408,12032,,
20409,12032,,
20410,12032,,
20411,12032,,
20412,12032,,
20413,12032,,
20414,12032,,
20415,12032,,
20416,12032,,
20417,12032,,
20418,12032,,
20419,12032,,
20420,12032,,
20421,12032,,
20422,12032,,
20423,12032,,
20424,12032,,
20425,12032,,
20426,12032,,
20427,12032,,
20428,12032,,
20429,12032,,
20430,12032,,
20431,12032,,
20432,12032,,
20433,12032,,
20434,12032,,
20435,12032,,
20436,12032,,
20437,12032,,
20438,12032,,
20439,12032,,
20440,12032,,
20441,12032,,
20442,12032,,
20443,12032,,
20444,12032,,
20445,12032,,
20446,12032,,
20447,12032,,
20448,12032,,
20449,12032,,
20450,12032,,
20451,12032,,
20452,12032,,
20453,12032,,
20454,12032,,
20455,12032,,
20456,12032,,
20457,12032,,
20458,12032,,
20459,12032,,
20460,12032,,
20461,12032,,
20462,12032,,
20463,12032,,
20464,12032,,
20465,12032,,
20466,12032,,
20467,12032,,
20468,12032,,
20469,12032,,
20470,12032,,
20471,12032,,
20472,12032,,
20473,12032,,
20474,12032,,
20475,12032,,
20476,12032,,
20477,12032,,
20478,12032,,
20479,12032,,
20480,12032,,
20481,12032,,
20482,12032,,
20483,12032,,
20484,12032,,
20485,12032,,
20486,12032,,
20487,12032,,
20488,12032,,
20489,12032,,
20490,12032,,
20491,12032,,
20492,12032,,
20493,12032,,
20494,12032,,
20495,12032,,
20496,12032,,
20497,12032,,
20498,12032,,
20499,12032,,
20500,12032,,
20501,12032,,
20502,12032,,
20503,12032,,
20504,12032,,
20505,12032,,
20506,12032,,
20507,12032,,
20508,12032,,
20509,12032,,
20510,12032,,
20511,12032,,
20512,12032,,
20513,12032,,
20514,12032,,
20515,12032,,
20516,12032,,
20517,12032,,
20518,12032,,
20519,12032,,
20520,12032,,
20521,12032,,
20522,12032,,
20523,12032,,
20524,12032,,
20525,12032,,
20526,12032,,
20527,12032,,
20528,12032,,
20529,12032,,
20530,12032,,
20531,12032,,
20532,12032,,
20533,12032,,
20534,12032,,
20535,12032,,
20536,12032,,
20537,12032,,
20538,12032,,
20539,12032,,
20540,12032,,
20541,12032,,
20542,12032,,
20543,12032,,
20544,12032,,
20545,12032,,
20546,12032,,
20547,12032,,
20548,12032,,
20549,12032,,
20550,12032,,
20551,12032,,
20552,12032,,
20553,12032,,
20554,12032,,
20555,12032,,
20556,12032,,
20557,12032,,
20558,12032,,
20559,12032,,
20560,12032,,
20561,12032,,
20562,12032,,
20563,12032,,
20564,12032,,
20565,12032,,
20566,12032,,
20567,12032,,
20568,12032,,
20569,12032,,
20570,12032,,
20571,12032,,
20572,12032,,
20573,12032,,
20574,12032,,
20575,12032,,
20576,12032,,
20577,12032,,
20578,12032,,
20579,12032,,
20580,12032,,
20581,12032,,
20582,12032,,
20583,12032,,
20584,12032,,
20585,12032,,
20586,12032,,
20587,12032,,
20588,12032,,
20589,12032,,
20590,12032,,
20591,12032,,
20592,12032,,
20593,12032,,
20594,12032,,
20595,12032,,
20596,12032,,
20597,12032,,
20598,12032,,
20599,12032,,
20600,12032,,
20601,12032,,
20602,12032,,
20603,12032,,
20604,12032,,
20605,12032,,
20606,12032,,
20607,12032,,
20608,12032,,
20609,12032,,
20610,12032,,
20611,12032,,
20612,12032,,
20613,12032,,
20614,12032,,
20615,12032,,
20616,12032,,
20617,12032,,
20618,12032,,
20619,12032,,
20620,12032,,
20621,12032,,
20622,12032,,
20623,12032,,
20624,12032,,
20625,12032,,
20626,12032,,
20627,12032,,
20628,12032,,
20629,12032,,
20630,12032,,
20631,12032,,
20632,12032,,
20633,12032,,
20634,12032,,
20635,12032,,
20636,12032,,
20637,12032,,
20638,12032,,
20639,12032,,
20640,12032,,
20641,12032,,
20642,12032,,
20643,12032,,
20644,12032,,
20645,12032,,
20646,12032,,
20647,12032,,
20648,12032,,
20649,12032,,
20650,12032,,
20651,12032,,
20652,12032,,
20653,12032,,
20654,12032,,
20655,12032,,
20656,12032,,
20657,12032,,
20658,12032,,
20659,12032,,
20660,12032,,
20661,12032,,
20662,12032,,
20663,12032,,
20664,12032,,
20665,12032,,
20666,12032,,
20667,12032,,
20668,12032,,
20669,12032,,
20670,12032,,
20671,12032,,
20672,12032,,
20673,12032,,
20674,12032,,
20675,12032,,
20676,12032,,
20677,12032,,
20678,12032,,
20679,12032,,
20680,12032,,
20681,12032,,
20682,12032,,
20683,12032,,
20684,12032,,
20685,12032,,
20686,12032,,
20687,12032,,
20688,12032,,
20689,12032,,
20690,12032,,
20691,12032,,
20692,12032,,
20693,12032,,
20694,12032,,
20695,12032,,
20696,12032,,
20697,12032,,
20698,12032,,
20699,12032,,
20700,12032,,
20701,12032,,
20702,12032,,
20703,12032,,
20704,12032,,
20705,12032,,
20706,12032,,
20707,12032,,
20708,12032,,
20709,12032,,
20710,12032,,
20711,12032,,
20712,12032,,
20713,12032,,
20714,12032,,
20715,12032,,
20716,12032,,
20717,12032,,
20718,12032,,
20719,12032,,
20720,12032,,
20721,12032,,
20722,12032,,
20723,12032,,
20724,12032,,
20725,12032,,
20726,12032,,
20727,12032,,
20728,12032,,
20729,12032,,
20730,12032,,
20731,12032,,
20732,12032,,
20733,12032,,
20734,12032,,
20735,12032,,
20736,12032,,
20737,12032,,
20738,12032,,
20739,12032,,
20740,12032,,
20741,12032,,
20742,12032,,
20743,12032,,
20744,12032,,
20745,12032,,
20746,12032,,
20747,12032,,
20748,12032,,
20749,12032,,
20750,12032,,
20751,12032,,
20752,12032,,
20753,12032,,
20754,12032,,
20755,12032,,
20756,12032,,
20757,12032,,
20758,12032,,
20759,12032,,
20760,12032,,
20761,12032,,
20762,12032,,
20763,12032,,
20764,12032,,
20765,12032,,
20766,12032,,
20767,12032,,
20768,12032,,
20769,12032,,
20770,12032,,
20771,12032,,
20772,12032,,
20773,12032,,
20774,12032,,
20775,12032,,
20776,12032,,
20777,12032,,
20778,12032,,
20779,12032,,
20780,12032,,
20781,12032,,
20782,12032,,
20783,12032,,
20784,12032,,
20785,12032,,
20786,12032,,
20787,12032,,
20788,12032,,
20789,12032,,
20790,12032,,
20791,12032,,
20792,12032,,
20793,12032,,
20794,12032,,
20795,12032,,
20796,12032,,
20797,12032,,
20798,12032,,
20799,12032,,
20800,12032,,
20801,12032,,
20802,12032,,
20803,12032,,
20804,12032,,
20805,12032,,
20806,12032,,
20807,12032,,
20808,12032,,
20809,12032,,
20810,12032,,
20811,12032,,
20812,12032,,
20813,12032,,
20814,12032,,
20815,12032,,
20816,12032,,
20817,12032,,
20818,12032,,
20819,12032,,
20820,12032,,
20821,12032,,
20822,12032,,
20823,12032,,
20824,12032,,
20825,12032,,
20826,12032,,
20827,12032,,
20828,12032,,
20829,12032,,
20830,12032,,
20831,12032,,
20832,12032,,
20833,12032,,
20834,12032,,
20835,12032,,
20836,12032,,
20837,12032,,
20838,12032,,
20839,12032,,
20840,12032,,
20841,12032,,
20842,12032,,
20843,12032,,
20844,12032,,
20845,12032,,
20846,12032,,
20847,12032,,
20848,12032,,
20849,12032,,
20850,12032,,
20851,12032,,
20852,12032,,
20853,12032,,
20854,12032,,
20855,12032,,
20856,12032,,
20857,12032,,
20858,12032,,
20859,12032,,
20860,12032,,
20861,12032,,
20862,12032,,
20863,12032,,
20864,12032,,
20865,12032,,
20866,12032,,
20867,12032,,
20868,12032,,
20869,12032,,
20870,12032,,
20871,12032,,
20872,12032,,
20873,12032,,
20874,12032,,
20875,12032,,
20876,12032,,
20877,12032,,
20878,12032,,
20879,12032,,
20880,12032,,
20881,12032,,
20882,12032,,
20883,12032,,
20884,12032,,
20885,12032,,
20886,12032,,
20887,12032,,
20888,12032,,
20889,12032,,
20890,12032,,
20891,12032,,
20892,12032,,
20893,12032,,
20894,12032,,
20895,12032,,
20896,12032,,
20897,12032,,
20898,12032,,
20899,12032,,
20900,12032,,
20901,12032,,
20902,12032,,
20903,12032,,
20904,12032,,
20905,12032,,
20906,12032,,
20907,12032,,
20908,12032,,
20909,12032,,
20910,12032,,
20911,12032,,
20912,12032,,
20913,12032,,
20914,12032,,
20915,12032,,
20916,12032,,
20917,12032,,
20918,12032,,
20919,12032,,
20920,12032,,
20921,12032,,
20922,12032,,
20923,12032,,
20924,12032,,
20925,12032,,
20926,12032,,
20927,12032,,
20928,12032,,
20929,12032,,
20930,12032,,
20931,12032,,
20932,12032,,
20933,12032,,
20934,12032,,
20935,12032,,
20936,12032,,
20937,12032,,
20938,12032,,
20939,12032,,
20940,12032,,
20941,12032,,
20942,12032,,
20943,12032,,
20944,12032,,
20945,12032,,
20946,12032,,
20947,12032,,
20948,12032,,
20949,12032,,
20950,12032,,
20951,12032,,
20952,12032,,
20953,12032,,
20954,12032,,
20955,12032,,
20956,12032,,
20957,12032,,
20958,12032,,
20959,12032,,
20960,12032,,
20961,12032,,
20962,12032,,
20963,12032,,
20964,12032,,
20965,12032,,
20966,12032,,
20967,12032,,
20968,12032,,
20969,12032,,
20970,12032,,
20971,12032,,
20972,12032,,
20973,12032,,
20974,12032,,
20975,12032,,
20976,12032,,
20977,12032,,
20978,12032,,
20979,12032,,
20980,12032,,
20981,12032,,
20982,12032,,
20983,12032,,
20984,12032,,
20985,12032,,
20986,12032,,
20987,12032,,
20988,12032,,
20989,12032,,
20990,12032,,
20991,12032,,
20992,12032,,
20993,12032,,
20994,12032,,
20995,12032,,
20996,12032,,
20997,12032,,
20998,12032,,
20999,12032,,
21000,12032,,
21001,12032,,
21002,12032,,
21003,12032,,
21004,12032,,
21005,12032,,
21006,12032,,
21007,12032,,
21008,12032,,
21009,12032,,
21010,12032,,
21011,12032,,
21012,12032,,
21013,12032,,
21014,12032,,
21015,12032,,
21016,12032,,
21017,12032,,
21018,12032,,
21019,12032,,
21020,12032,,
21021,12032,,
21022,12032,,
21023,12032,,
21024,12032,,
21025,12032,,
21026,12032,,
21027,12032,,
21028,12032,,
21029,12032,,
21030,12032,,
21031,12032,,
21032,12032,,
21033,12032,,
21034,12032,,
21035,12032,,
21036,12032,,
21037,12032,,
21038,12032,,
21039,12032,,
21040,12032,,
21041,12032,,
21042,12032,,
21043,12032,,
21044,12032,,
21045,12032,,
21046,12032,,
21047,12032,,
21048,12032,,
21049,12032,,
21050,12032,,
21051,12032,,
21052,12032,,
21053,12032,,
21054,12032,,
21055,12032,,
21056,12032,,
21057,12032,,
21058,12032,,
21059,12032,,
21060,12032,,
21061,12032,,
21062,12032,,
21063,12032,,
21064,12032,,
21065,12032,,
21066,12032,,
21067,12032,,
21068,12032,,
21069,12032,,
21070,12032,,
21071,12032,,
21072,12032,,
21073,12032,,
21074,12032,,
21075,12032,,
21076,12032,,
21077,12032,,
21078,12032,,
21079,12032,,
21080,12032,,
21081,12032,,
21082,12032,,
21083,12032,,
21084,12032,,
21085,12032,,
21086,12032,,
21087,12032,,
21088,12032,,
21089,12032,,
21090,12032,,
21091,12032,,
21092,12032,,
21093,12032,,
21094,12032,,
21095,12032,,
21096,12032,,
21097,12032,,
21098,12032,,
21099,12032,,
21100,12032,,
21101,12032,,
21102,12032,,
21103,12032,,
21104,12032,,
21105,12032,,
21106,12032,,
21107,12032,,
21108,12032,,
21109,12032,,
21110,12032,,
21111,12032,,
21112,12032,,
21113,12032,,
21114,12032,,
21115,12032,,
21116,12032,,
21117,12032,,
21118,12032,,
21119,12032,,
21120,12032,,
21121,12032,,
21122,12032,,
21123,12032,,
21124,12032,,
21125,12032,,
21126,12032,,
21127,12032,,
21128,12032,,
21129,12032,,
21130,12032,,
21131,12032,,
21132,12032,,
21133,12032,,
21134,12032,,
21135,12032,,
21136,12032,,
21137,12032,,
21138,12032,,
21139,12032,,
21140,12032,,
21141,12032,,
21142,12032,,
21143,12032,,
21144,12032,,
21145,12032,,
21146,12032,,
21147,12032,,
21148,12032,,
21149,12032,,
21150,12032,,
21151,12032,,
21152,12032,,
21153,12032,,
21154,12032,,
21155,12032,,
21156,12032,,
21157,12032,,
21158,12032,,
21159,12032,,
21160,12032,,
21161,12032,,
21162,12032,,
21163,12032,,
21164,12032,,
21165,12032,,
21166,12032,,
21167,12032,,
21168,12032,,
21169,12032,,
21170,12032,,
21171,12032,,
21172,12032,,
21173,12032,,
21174,12032,,
21175,12032,,
21176,12032,,
21177,12032,,
21178,12032,,
21179,12032,,
21180,12032,,
21181,12032,,
21182,12032,,
21183,12032,,
21184,12032,,
21185,12032,,
21186,12032,,
21187,12032,,
21188,12032,,
21189,12032,,
21190,12032,,
21191,12032,,
21192,12032,,
21193,12032,,
21194,12032,,
21195,12032,,
21196,12032,,
21197,12032,,
21198,12032,,
21199,12032,,
21200,12032,,
21201,12032,,
21202,12032,,
21203,12032,,
21204,12032,,
21205,12032,,
21206,12032,,
21207,12032,,
21208,12032,,
21209,12032,,
21210,12032,,
21211,12032,,
21212,12032,,
21213,12032,,
21214,12032,,
21215,12032,,
21216,12032,,
21217,12032,,
21218,12032,,
21219,12032,,
21220,12032,,
21221,12032,,
21222,12032,,
21223,12032,,
21224,12032,,
21225,12032,,
21226,12032,,
21227,12032,,
21228,12032,,
21229,12032,,
21230,12032,,
21231,12032,,
21232,12032,,
21233,12032,,
21234,12032,,
21235,12032,,
21236,12032,,
21237,12032,,
21238,12032,,
21239,12032,,
21240,12032,,
21241,12032,,
21242,12032,,
21243,12032,,
21244,12032,,
21245,12032,,
21246,12032,,
21247,12032,,
21248,12032,,
21249,12032,,
21250,12032,,
21251,12032,,
21252,12032,,
21253,12032,,
21254,12032,,
21255,12032,,
21256,12032,,
21257,12032,,
21258,12032,,
21259,12032,,
21260,12032,,
21261,12032,,
21262,12032,,
21263,12032,,
21264,12032,,
21265,12032,,
21266,12032,,
21267,12032,,
21268,12032,,
21269,12032,,
21270,12032,,
21271,12032,,
21272,12032,,
21273,12032,,
21274,12032,,
21275,12032,,
21276,12032,,
21277,12032,,
21278,12032,,
21279,12032,,
21280,12032,,
21281,12032,,
21282,12032,,
21283,12032,,
21284,12032,,
21285,12032,,
21286,12032,,
21287,12032,,
21288,12032,,
21289,12032,,
21290,12032,,
21291,12032,,
21292,12032,,
21293,12032,,
21294,12032,,
21295,12032,,
21296,12032,,
21297,12032,,
21298,12032,,
21299,12032,,
21300,12032,,
21301,12032,,
21302,12032,,
21303,12032,,
21304,12032,,
21305,12032,,
21306,12032,,
21307,12032,,
21308,12032,,
21309,12032,,
21310,12032,,
21311,12032,,
21312,12032,,
21313,12032,,
21314,12032,,
21315,12032,,
21316,12032,,
21317,12032,,
21318,12032,,
21319,12032,,
21320,12032,,
21321,12032,,
21322,12032,,
21323,12032,,
21324,12032,,
21325,12032,,
21326,12032,,
21327,12032,,
21328,12032,,
21329,12032,,
21330,12032,,
21331,12032,,
21332,12032,,
21333,12032,,
21334,12032,,
21335,12032,,
21336,12032,,
21337,12032,,
21338,12032,,
21339,12032,,
21340,12032,,
21341,12032,,
21342,12032,,
21343,12032,,
21344,12032,,
21345,12032,,
21346,12032,,
21347,12032,,
21348,12032,,
21349,12032,,
21350,12032,,
21351,12032,,
21352,12032,,
21353,12032,,
21354,12032,,
21355,12032,,
21356,12032,,
21357,12032,,
21358,12032,,
21359,12032,,
21360,12032,,
21361,12032,,
21362,12032,,
21363,12032,,
21364,12032,,
21365,12032,,
21366,12032,,
21367,12032,,
21368,12032,,
21369,12032,,
21370,12032,,
21371,12032,,
21372,12032,,
21373,12032,,
21374,12032,,
21375,12032,,
21376,12032,,
21377,12032,,
21378,12032,,
21379,12032,,
21380,12032,,
21381,12032,,
21382,12032,,
21383,12032,,
21384,12032,,
21385,12032,,
21386,12032,,
21387,12032,,
21388,12032,,
21389,12032,,
21390,12032,,
21391,12032,,
21392,12032,,
21393,12032,,
21394,12032,,
21395,12032,,
21396,12032,,
21397,12032,,
21398,12032,,
21399,12032,,
21400,12032,,
21401,12032,,
21402,12032,,
21403,12032,,
21404,12032,,
21405,12032,,
21406,12032,,
21407,12032,,
21408,12032,,
21409,12032,,
21410,12032,,
21411,12032,,
21412,12032,,
21413,12032,,
21414,12032,,
21415,12032,,
21416,12032,,
21417,12032,,
21418,12032,,
21419,12032,,
21420,12032,,
21421,12032,,
21422,12032,,
21423,12032,,
21424,12032,,
21425,12032,,
21426,12032,,
21427,12032,,
21428,12032,,
21429,12032,,
21430,12032,,
21431,12032,,
21432,12032,,
21433,12032,,
21434,12032,,
21435,12032,,
21436,12032,,
21437,12032,,
21438,12032,,
21439,12032,,
21440,12032,,
21441,12032,,
21442,12032,,
21443,12032,,
21444,12032,,
21445,12032,,
21446,12032,,
21447,12032,,
21448,12032,,
21449,12032,,
21450,12032,,
21451,12032,,
21452,12032,,
21453,12032,,
21454,12032,,
21455,12032,,
21456,12032,,
21457,12032,,
21458,12032,,
21459,12032,,
21460,12032,,
21461,12032,,
21462,12032,,
21463,12032,,
21464,12032,,
21465,12032,,
21466,12032,,
21467,12032,,
21468,12032,,
21469,12032,,
21470,12032,,
21471,12032,,
21472,12032,,
21473,12032,,
21474,12032,,
21475,12032,,
21476,12032,,
21477,12032,,
21478,12032,,
21479,12032,,
21480,12032,,
21481,12032,,
21482,12032,,
21483,12032,,
21484,12032,,
21485,12032,,
21486,12032,,
21487,12032,,
21488,12032,,
21489,12032,,
21490,12032,,
21491,12032,,
21492,12032,,
21493,12032,,
21494,12032,,
21495,12032,,
21496,12032,,
21497,12032,,
21498,12032,,
21499,12032,,
21500,12032,,
21501,12032,,
21502,12032,,
21503,12032,,
21504,12032,,
21505,12032,,
21506,12032,,
21507,12032,,
21508,12032,,
21509,12032,,
21510,12032,,
21511,12032,,
21512,12032,,
21513,12032,,
21514,12032,,
21515,12032,,
21516,12032,,
21517,12032,,
21518,12032,,
21519,12032,,
21520,12032,,
21521,12032,,
21522,12032,,
21523,12032,,
21524,12032,,
21525,12032,,
21526,12032,,
21527,12032,,
21528,12032,,
21529,12032,,
21530,12032,,
21531,12032,,
21532,12032,,
21533,12032,,
21534,12032,,
21535,12032,,
21536,12032,,
21537,12032,,
21538,12032,,
21539,12032,,
21540,12032,,
21541,12032,,
21542,12032,,
21543,12032,,
21544,12032,,
21545,12032,,
21546,12032,,
21547,12032,,
21548,12032,,
21549,12032,,
21550,12032,,
21551,12032,,
21552,12032,,
21553,12032,,
21554,12032,,
21555,12032,,
21556,12032,,
21557,12032,,
21558,12032,,
21559,12032,,
21560,12032,,
21561,12032,,
21562,12032,,
21563,12032,,
21564,12032,,
21565,12032,,
21566,12032,,
21567,12032,,
21568,12032,,
21569,12032,,
21570,12032,,
21571,12032,,
21572,12032,,
21573,12032,,
21574,12032,,
21575,12032,,
21576,12032,,
21577,12032,,
21578,12032,,
21579,12032,,
21580,12032,,
21581,12032,,
21582,12032,,
21583,12032,,
21584,12032,,
21585,12032,,
21586,12032,,
21587,12032,,
21588,12032,,
21589,12032,,
21590,12032,,
21591,12032,,
21592,12032,,
21593,12032,,
21594,12032,,
21595,12032,,
21596,12032,,
21597,12032,,
21598,12032,,
21599,12032,,
21600,12032,,
21601,12032,,
21602,12032,,
21603,12032,,
21604,12032,,
21605,12032,,
21606,12032,,
21607,12032,,
21608,12032,,
21609,12032,,
21610,12032,,
21611,12032,,
21612,12032,,
21613,12032,,
21614,12032,,
21615,12032,,
21616,12032,,
21617,12032,,
21618,12032,,
21619,12032,,
21620,12032,,
21621,12032,,
21622,12032,,
21623,12032,,
21624,12032,,
21625,12032,,
21626,12032,,
21627,12032,,
21628,12032,,
21629,12032,,
21630,12032,,
21631,12032,,
21632,12032,,
21633,12032,,
21634,12032,,
21635,12032,,
21636,12032,,
21637,12032,,
21638,12032,,
21639,12032,,
21640,12032,,
21641,12032,,
21642,12032,,
21643,12032,,
21644,12032,,
21645,12032,,
21646,12032,,
21647,12032,,
21648,12032,,
21649,12032,,
21650,12032,,
21651,12032,,
21652,12032,,
21653,12032,,
21654,12032,,
21655,12032,,
21656,12032,,
21657,12032,,
21658,12032,,
21659,12032,,
21660,12032,,
21661,12032,,
21662,12032,,
21663,12032,,
21664,12032,,
21665,12032,,
21666,12032,,
21667,12032,,
21668,12032,,
21669,12032,,
21670,12032,,
21671,12032,,
21672,12032,,
21673,12032,,
21674,12032,,
21675,12032,,
21676,12032,,
21677,12032,,
21678,12032,,
21679,12032,,
21680,12032,,
21681,12032,,
21682,12032,,
21683,12032,,
21684,12032,,
21685,12032,,
21686,12032,,
21687,12032,,
21688,12032,,
21689,12032,,
21690,12032,,
21691,12032,,
21692,12032,,
21693,12032,,
21694,12032,,
21695,12032,,
21696,12032,,
21697,12032,,
21698,12032,,
21699,12032,,
21700,12032,,
21701,12032,,
21702,12032,,
21703,12032,,
21704,12032,,
21705,12032,,
21706,12032,,
21707,12032,,
21708,12032,,
21709,12032,,
21710,12032,,
21711,12032,,
21712,12032,,
21713,12032,,
21714,12032,,
21715,12032,,
21716,12032,,
21717,12032,,
21718,12032,,
21719,12032,,
21720,12032,,
21721,12032,,
21722,12032,,
21723,12032,,
21724,12032,,
21725,12032,,
21726,12032,,
21727,12032,,
21728,12032,,
21729,12032,,
21730,12032,,
21731,12032,,
21732,12032,,
21733,12032,,
21734,12032,,
21735,12032,,
21736,12032,,
21737,12032,,
21738,12032,,
21739,12032,,
21740,12032,,
21741,12032,,
21742,12032,,
21743,12032,,
21744,12032,,
21745,12032,,
21746,12032,,
21747,12032,,
21748,12032,,
21749,12032,,
21750,12032,,
21751,12032,,
21752,12032,,
21753,12032,,
21754,12032,,
21755,12032,,
21756,12032,,
21757,12032,,
21758,12032,,
21759,12032,,
21760,12032,,
21761,12032,,
21762,12032,,
21763,12032,,
21764,12032,,
21765,12032,,
21766,12032,,
21767,12032,,
21768,12032,,
21769,12032,,
21770,12032,,
21771,12032,,
21772,12032,,
21773,12032,,
21774,12032,,
21775,12032,,
21776,12032,,
21777,12032,,
21778,12032,,
21779,12032,,
21780,12032,,
21781,12032,,
21782,12032,,
21783,12032,,
21784,12032,,
21785,12032,,
21786,12032,,
21787,12032,,
21788,12032,,
21789,12032,,
21790,12032,,
21791,12032,,
21792,12032,,
21793,12032,,
21794,12032,,
21795,12032,,
21796,12032,,
21797,12032,,
21798,12032,,
21799,12032,,
21800,12032,,
21801,12032,,
21802,12032,,
21803,12032,,
21804,12032,,
21805,12032,,
21806,12032,,
21807,12032,,
21808,12032,,
21809,12032,,
21810,12032,,
21811,12032,,
21812,12032,,
21813,12032,,
21814,12032,,
21815,12032,,
21816,12032,,
21817,12032,,
21818,12032,,
21819,12032,,
21820,12032,,
21821,12032,,
21822,12032,,
21823,12032,,
21824,12032,,
21825,12032,,
21826,12032,,
21827,12032,,
21828,12032,,
21829,12032,,
21830,12032,,
21831,12032,,
21832,12032,,
21833,12032,,
21834,12032,,
21835,12032,,
21836,12032,,
21837,12032,,
21838,12032,,
21839,12032,,
21840,12032,,
21841,12032,,
21842,12032,,
21843,12032,,
21844,12032,,
21845,12032,,
21846,12032,,
21847,12032,,
21848,12032,,
21849,12032,,
21850,12032,,
21851,12032,,
21852,12032,,
21853,12032,,
21854,12032,,
21855,12032,,
21856,12032,,
21857,12032,,
21858,12032,,
21859,12032,,
21860,12032,,
21861,12032,,
21862,12032,,
21863,12032,,
21864,12032,,
21865,12032,,
21866,12032,,
21867,12032,,
21868,12032,,
21869,12032,,
21870,12032,,
21871,12032,,
21872,12032,,
21873,12032,,
21874,12032,,
21875,12032,,
21876,12032,,
21877,12032,,
21878,12032,,
21879,12032,,
21880,12032,,
21881,12032,,
21882,12032,,
21883,12032,,
21884,12032,,
21885,12032,,
21886,12032,,
21887,12032,,
21888,12032,,
21889,12032,,
21890,12032,,
21891,12032,,
21892,12032,,
21893,12032,,
21894,12032,,
21895,12032,,
21896,12032,,
21897,12032,,
21898,12032,,
21899,12032,,
21900,12032,,
21901,12032,,
21902,12032,,
21903,12032,,
21904,12032,,
21905,12032,,
21906,12032,,
21907,12032,,
21908,12032,,
21909,12032,,
21910,12032,,
21911,12032,,
21912,12032,,
21913,12032,,
21914,12032,,
21915,12032,,
21916,12032,,
21917,12032,,
21918,12032,,
21919,12032,,
21920,12032,,
21921,12032,,
21922,12032,,
21923,12032,,
21924,12032,,
21925,12032,,
21926,12032,,
21927,12032,,
21928,12032,,
21929,12032,,
21930,12032,,
21931,12032,,
21932,12032,,
21933,12032,,
21934,12032,,
21935,12032,,
21936,12032,,
21937,12032,,
21938,12032,,
21939,12032,,
21940,12032,,
21941,12032,,
21942,12032,,
21943,12032,,
21944,12032,,
21945,12032,,
21946,12032,,
21947,12032,,
21948,12032,,
21949,12032,,
21950,12032,,
21951,12032,,
21952,12032,,
21953,12032,,
21954,12032,,
21955,12032,,
21956,12032,,
21957,12032,,
21958,12032,,
21959,12032,,
21960,12032,,
21961,12032,,
21962,12032,,
21963,12032,,
21964,12032,,
21965,12032,,
21966,12032,,
21967,12032,,
21968,12032,,
21969,12032,,
21970,12032,,
21971,12032,,
21972,12032,,
21973,12032,,
21974,12032,,
21975,12032,,
21976,12032,,
21977,12032,,
21978,12032,,
21979,12032,,
21980,12032,,
21981,12032,,
21982,12032,,
21983,12032,,
21984,12032,,
21985,12032,,
21986,12032,,
21987,12032,,
21988,12032,,
21989,12032,,
21990,12032,,
21991,12032,,
21992,12032,,
21993,12032,,
21994,12032,,
21995,12032,,
21996,12032,,
21997,12032,,
21998,12032,,
21999,12032,,
22000,12032,,
22001,12032,,
22002,12032,,
22003,12032,,
22004,12032,,
22005,12032,,
22006,12032,,
22007,12032,,
22008,12032,,
22009,12032,,
22010,12032,,
22011,12032,,
22012,12032,,
22013,12032,,
22014,12032,,
22015,12032,,
22016,12032,,
22017,12032,,
22018,12032,,
22019,12032,,
22020,12032,,
22021,12032,,
22022,12032,,
22023,12032,,
22024,12032,,
22025,12032,,
22026,12032,,
22027,12032,,
22028,12032,,
22029,12032,,
22030,12032,,
22031,12032,,
22032,12032,,
22033,12032,,
22034,12032,,
22035,12032,,
22036,12032,,
22037,12032,,
22038,12032,,
22039,12032,,
22040,12032,,
22041,12032,,
22042,12032,,
22043,12032,,
22044,12032,,
22045,12032,,
22046,12032,,
22047,12032,,
22048,12032,,
22049,12032,,
22050,12032,,
22051,12032,,
22052,12032,,
22053,12032,,
22054,12032,,
22055,12032,,
22056,12032,,
22057,12032,,
22058,12032,,
22059,12032,,
22060,12032,,
22061,12032,,
22062,12032,,
22063,12032,,
22064,12032,,
22065,12032,,
22066,12032,,
22067,12032,,
22068,12032,,
22069,12032,,
22070,12032,,
22071,12032,,
22072,12032,,
22073,12032,,
22074,12032,,
22075,12032,,
22076,12032,,
22077,12032,,
22078,12032,,
22079,12032,,
22080,12032,,
22081,12032,,
22082,12032,,
22083,12032,,
22084,12032,,
22085,12032,,
22086,12032,,
22087,12032,,
22088,12032,,
22089,12032,,
22090,12032,,
22091,12032,,
22092,12032,,
22093,12032,,
22094,12032,,
22095,12032,,
22096,12032,,
22097,12032,,
22098,12032,,
22099,12032,,
22100,12032,,
22101,12032,,
22102,12032,,
22103,12032,,
22104,12032,,
22105,12032,,
22106,12032,,
22107,12032,,
22108,12032,,
22109,12032,,
22110,12032,,
22111,12032,,
22112,12032,,
22113,12032,,
22114,12032,,
22115,12032,,
22116,12032,,
22117,12032,,
22118,12032,,
22119,12032,,
22120,12032,,
22121,12032,,
22122,12032,,
22123,12032,,
22124,12032,,
22125,12032,,
22126,12032,,
22127,12032,,
22128,12032,,
22129,12032,,
22130,12032,,
22131,12032,,
22132,12032,,
22133,12032,,
22134,12032,,
22135,12032,,
22136,12032,,
22137,12032,,
22138,12032,,
22139,12032,,
22140,12032,,
22141,12032,,
22142,12032,,
22143,12032,,
22144,12032,,
22145,12032,,
22146,12032,,
22147,12032,,
22148,12032,,
22149,12032,,
22150,12032,,
22151,12032,,
22152,12032,,
22153,12032,,
22154,12032,,
22155,12032,,
22156,12032,,
22157,12032,,
22158,12032,,
22159,12032,,
22160,12032,,
22161,12032,,
22162,12032,,
22163,12032,,
22164,12032,,
22165,12032,,
22166,12032,,
22167,12032,,
22168,12032,,
22169,12032,,
22170,12032,,
22171,12032,,
22172,12032,,
22173,12032,,
22174,12032,,
22175,12032,,
22176,12032,,
22177,12032,,
22178,12032,,
22179,12032,,
22180,12032,,
22181,12032,,
22182,12032,,
22183,12032,,
22184,12032,,
22185,12032,,
22186,12032,,
22187,12032,,
22188,12032,,
22189,12032,,
22190,12032,,
22191,12032,,
22192,12032,,
22193,12032,,
22194,12032,,
22195,12032,,
22196,12032,,
22197,12032,,
22198,12032,,
22199,12032,,
22200,12032,,
22201,12032,,
22202,12032,,
22203,12032,,
22204,12032,,
22205,12032,,
22206,12032,,
22207,12032,,
22208,12032,,
22209,12032,,
22210,12032,,
22211,12032,,
22212,12032,,
22213,12032,,
22214,12032,,
22215,12032,,
22216,12032,,
22217,12032,,
22218,12032,,
22219,12032,,
22220,12032,,
22221,12032,,
22222,12032,,
22223,12032,,
22224,12032,,
22225,12032,,
22226,12032,,
22227,12032,,
22228,12032,,
22229,12032,,
22230,12032,,
22231,12032,,
22232,12032,,
22233,12032,,
22234,12032,,
22235,12032,,
22236,12032,,
22237,12032,,
22238,12032,,
22239,12032,,
22240,12032,,
22241,12032,,
22242,12032,,
22243,12032,,
22244,12032,,
22245,12032,,
22246,12032,,
22247,12032,,
22248,12032,,
22249,12032,,
22250,12032,,
22251,12032,,
22252,12032,,
22253,12032,,
22254,12032,,
22255,12032,,
22256,12032,,
22257,12032,,
22258,12032,,
22259,12032,,
22260,12032,,
22261,12032,,
22262,12032,,
22263,12032,,
22264,12032,,
22265,12032,,
22266,12032,,
22267,12032,,
22268,12032,,
22269,12032,,
22270,12032,,
22271,12032,,
22272,12032,,
22273,12032,,
22274,12032,,
22275,12032,,
22276,12032,,
22277,12032,,
22278,12032,,
22279,12032,,
22280,12032,,
22281,12032,,
22282,12032,,
22283,12032,,
22284,12032,,
22285,12032,,
22286,12032,,
22287,12032,,
22288,12032,,
22289,12032,,
22290,12032,,
22291,12032,,
22292,12032,,
22293,12032,,
22294,12032,,
22295,12032,,
22296,12032,,
22297,12032,,
22298,12032,,
22299,12032,,
22300,12032,,
22301,12032,,
22302,12032,,
22303,12032,,
22304,12032,,
22305,12032,,
22306,12032,,
22307,12032,,
22308,12032,,
22309,12032,,
22310,12032,,
22311,12032,,
22312,12032,,
22313,12032,,
22314,12032,,
22315,12032,,
22316,12032,,
22317,12032,,
22318,12032,,
22319,12032,,
22320,12032,,
22321,12032,,
22322,12032,,
22323,12032,,
22324,12032,,
22325,12032,,
22326,12032,,
22327,12032,,
22328,12032,,
22329,12032,,
22330,12032,,
22331,12032,,
22332,12032,,
22333,12032,,
22334,12032,,
22335,12032,,
22336,12032,,
22337,12032,,
22338,12032,,
22339,12032,,
22340,12032,,
22341,12032,,
22342,12032,,
22343,12032,,
22344,12032,,
22345,12032,,
22346,12032,,
22347,12032,,
22348,12032,,
22349,12032,,
22350,12032,,
22351,12032,,
22352,12032,,
22353,12032,,
22354,12032,,
22355,12032,,
22356,12032,,
22357,12032,,
22358,12032,,
22359,12032,,
22360,12032,,
22361,12032,,
22362,12032,,
22363,12032,,
22364,12032,,
22365,12032,,
22366,12032,,
22367,12032,,
22368,12032,,
22369,12032,,
22370,12032,,
22371,12032,,
22372,12032,,
22373,12032,,
22374,12032,,
22375,12032,,
22376,12032,,
22377,12032,,
22378,12032,,
22379,12032,,
22380,12032,,
22381,12032,,
22382,12032,,
22383,12032,,
22384,12032,,
22385,12032,,
22386,12032,,
22387,12032,,
22388,12032,,
22389,12032,,
22390,12032,,
22391,12032,,
22392,12032,,
22393,12032,,
22394,12032,,
22395,12032,,
22396,12032,,
22397,12032,,
22398,12032,,
22399,12032,,
22400,12032,,
22401,12032,,
22402,12032,,
22403,12032,,
22404,12032,,
22405,12032,,
22406,12032,,
22407,12032,,
22408,12032,,
22409,12032,,
22410,12032,,
22411,12032,,
22412,12032,,
22413,12032,,
22414,12032,,
22415,12032,,
22416,12032,,
22417,12032,,
22418,12032,,
22419,12032,,
22420,12032,,
22421,12032,,
22422,12032,,
22423,12032,,
22424,12032,,
22425,12032,,
22426,12032,,
22427,12032,,
22428,12032,,
22429,12032,,
22430,12032,,
22431,12032,,
22432,12032,,
22433,12032,,
22434,12032,,
22435,12032,,
22436,12032,,
22437,12032,,
22438,12032,,
22439,12032,,
22440,12032,,
22441,12032,,
22442,12032,,
22443,12032,,
22444,12032,,
22445,12032,,
22446,12032,,
22447,12032,,
22448,12032,,
22449,12032,,
22450,12032,,
22451,12032,,
22452,12032,,
22453,12032,,
22454,12032,,
22455,12032,,
22456,12032,,
22457,12032,,
22458,12032,,
22459,12032,,
22460,12032,,
22461,12032,,
22462,12032,,
22463,12032,,
22464,12032,,
22465,12032,,
22466,12032,,
22467,12032,,
22468,12032,,
22469,12032,,
22470,12032,,
22471,12032,,
22472,12032,,
22473,12032,,
22474,12032,,
22475,12032,,
22476,12032,,
22477,12032,,
22478,12032,,
22479,12032,,
22480,12032,,
22481,12032,,
22482,12032,,
22483,12032,,
22484,12032,,
22485,12032,,
22486,12032,,
22487,12032,,
22488,12032,,
22489,12032,,
22490,12032,,
22491,12032,,
22492,12032,,
22493,12032,,
22494,12032,,
22495,12032,,
22496,12032,,
22497,12032,,
22498,12032,,
22499,12032,,
22500,12032,,
22501,12032,,
22502,12032,,
22503,12032,,
22504,12032,,
22505,12032,,
22506,12032,,
22507,12032,,
22508,12032,,
22509,12032,,
22510,12032,,
22511,12032,,
22512,12032,,
22513,12032,,
22514,12032,,
22515,12032,,
22516,12032,,
22517,12032,,
22518,12032,,
22519,12032,,
22520,12032,,
22521,12032,,
22522,12032,,
22523,12032,,
22524,12032,,
22525,12032,,
22526,12032,,
22527,12032,,
22528,12032,,
22529,12032,,
22530,12032,,
22531,12032,,
22532,12032,,
22533,12032,,
22534,12032,,
22535,12032,,
22536,12032,,
22537,12032,,
22538,12032,,
22539,12032,,
22540,12032,,
22541,12032,,
22542,12032,,
22543,12032,,
22544,12032,,
22545,12032,,
22546,12032,,
22547,12032,,
22548,12032,,
22549,12032,,
22550,12032,,
22551,12032,,
22552,12032,,
22553,12032,,
22554,12032,,
22555,12032,,
22556,12032,,
22557,12032,,
22558,12032,,
22559,12032,,
22560,12032,,
22561,12032,,
22562,12032,,
22563,12032,,
22564,12032,,
22565,12032,,
22566,12032,,
22567,12032,,
22568,12032,,
22569,12032,,
22570,12032,,
22571,12032,,
22572,12032,,
22573,12032,,
22574,12032,,
22575,12032,,
22576,12032,,
22577,12032,,
22578,12032,,
22579,12032,,
22580,12032,,
22581,12032,,
22582,12032,,
22583,12032,,
22584,12032,,
22585,12032,,
22586,12032,,
22587,12032,,
22588,12032,,
22589,12032,,
22590,12032,,
22591,12032,,
22592,12032,,
22593,12032,,
22594,12032,,
22595,12032,,
22596,12032,,
22597,12032,,
22598,12032,,
22599,12032,,
22600,12032,,
22601,12032,,
22602,12032,,
22603,12032,,
22604,12032,,
22605,12032,,
22606,12032,,
22607,12032,,
22608,12032,,
22609,12032,,
22610,12032,,
22611,12032,,
22612,12032,,
22613,12032,,
22614,12032,,
22615,12032,,
22616,12032,,
22617,12032,,
22618,12032,,
22619,12032,,
22620,12032,,
22621,12032,,
22622,12032,,
22623,12032,,
22624,12032,,
22625,12032,,
22626,12032,,
22627,12032,,
22628,12032,,
22629,12032,,
22630,12032,,
22631,12032,,
22632,12032,,
22633,12032,,
22634,12032,,
22635,12032,,
22636,12032,,
22637,12032,,
22638,12032,,
22639,12032,,
22640,12032,,
22641,12032,,
22642,12032,,
22643,12032,,
22644,12032,,
22645,12032,,
22646,12032,,
22647,12032,,
22648,12032,,
22649,12032,,
22650,12032,,
22651,12032,,
22652,12032,,
22653,12032,,
22654,12032,,
22655,12032,,
22656,12032,,
22657,12032,,
22658,12032,,
22659,12032,,
22660,12032,,
22661,12032,,
22662,12032,,
22663,12032,,
22664,12032,,
22665,12032,,
22666,12032,,
22667,12032,,
22668,12032,,
22669,12032,,
22670,12032,,
22671,12032,,
22672,12032,,
22673,12032,,
22674,12032,,
22675,12032,,
22676,12032,,
22677,12032,,
22678,12032,,
22679,12032,,
22680,12032,,
22681,12032,,
22682,12032,,
22683,12032,,
22684,12032,,
22685,12032,,
22686,12032,,
22687,12032,,
22688,12032,,
22689,12032,,
22690,12032,,
22691,12032,,
22692,12032,,
22693,12032,,
22694,12032,,
22695,12032,,
22696,12032,,
22697,12032,,
22698,12032,,
22699,12032,,
22700,12032,,
22701,12032,,
22702,12032,,
22703,12032,,
22704,12032,,
22705,12032,,
22706,12032,,
22707,12032,,
22708,12032,,
22709,12032,,
22710,12032,,
22711,12032,,
22712,12032,,
22713,12032,,
22714,12032,,
22715,12032,,
22716,12032,,
22717,12032,,
22718,12032,,
22719,12032,,
22720,12032,,
22721,12032,,
22722,12032,,
22723,12032,,
22724,12032,,
22725,12032,,
22726,12032,,
22727,12032,,
22728,12032,,
22729,12032,,
22730,12032,,
22731,12032,,
22732,12032,,
22733,12032,,
22734,12032,,
22735,12032,,
22736,12032,,
22737,12032,,
22738,12032,,
22739,12032,,
22740,12032,,
22741,12032,,
22742,12032,,
22743,12032,,
22744,12032,,
22745,12032,,
22746,12032,,
22747,12032,,
22748,12032,,
22749,12032,,
22750,12032,,
22751,12032,,
22752,12032,,
22753,12032,,
22754,12032,,
22755,12032,,
22756,12032,,
22757,12032,,
22758,12032,,
22759,12032,,
22760,12032,,
22761,12032,,
22762,12032,,
22763,12032,,
22764,12032,,
22765,12032,,
22766,12032,,
22767,12032,,
22768,12032,,
22769,12032,,
22770,12032,,
22771,12032,,
22772,12032,,
22773,12032,,
22774,12032,,
22775,12032,,
22776,12032,,
22777,12032,,
22778,12032,,
22779,12032,,
22780,12032,,
22781,12032,,
22782,12032,,
22783,12032,,
22784,12032,,
22785,12032,,
22786,12032,,
22787,12032,,
22788,12032,,
22789,12032,,
22790,12032,,
22791,12032,,
22792,12032,,
22793,12032,,
22794,12032,,
22795,12032,,
22796,12032,,
22797,12032,,
22798,12032,,
22799,12032,,
22800,12032,,
22801,12032,,
22802,12032,,
22803,12032,,
22804,12032,,
22805,12032,,
22806,12032,,
22807,12032,,
22808,12032,,
22809,12032,,
22810,12032,,
22811,12032,,
22812,12032,,
22813,12032,,
22814,12032,,
22815,12032,,
22816,12032,,
22817,12032,,
22818,12032,,
22819,12032,,
22820,12032,,
22821,12032,,
22822,12032,,
22823,12032,,
22824,12032,,
22825,12032,,
22826,12032,,
22827,12032,,
22828,12032,,
22829,12032,,
22830,12032,,
22831,12032,,
22832,12032,,
22833,12032,,
22834,12032,,
22835,12032,,
22836,12032,,
22837,12032,,
22838,12032,,
22839,12032,,
22840,12032,,
22841,12032,,
22842,12032,,
22843,12032,,
22844,12032,,
22845,12032,,
22846,12032,,
22847,12032,,
22848,12032,,
22849,12032,,
22850,12032,,
22851,12032,,
22852,12032,,
22853,12032,,
22854,12032,,
22855,12032,,
22856,12032,,
22857,12032,,
22858,12032,,
22859,12032,,
22860,12032,,
22861,12032,,
22862,12032,,
22863,12032,,
22864,12032,,
22865,12032,,
22866,12032,,
22867,12032,,
22868,12032,,
22869,12032,,
22870,12032,,
22871,12032,,
22872,12032,,
22873,12032,,
22874,12032,,
22875,12032,,
22876,12032,,
22877,12032,,
22878,12032,,
22879,12032,,
22880,12032,,
22881,12032,,
22882,12032,,
22883,12032,,
22884,12032,,
22885,12032,,
22886,12032,,
22887,12032,,
22888,12032,,
22889,12032,,
22890,12032,,
22891,12032,,
22892,12032,,
22893,12032,,
22894,12032,,
22895,12032,,
22896,12032,,
22897,12032,,
22898,12032,,
22899,12032,,
22900,12032,,
22901,12032,,
22902,12032,,
22903,12032,,
22904,12032,,
22905,12032,,
22906,12032,,
22907,12032,,
22908,12032,,
22909,12032,,
22910,12032,,
22911,12032,,
22912,12032,,
22913,12032,,
22914,12032,,
22915,12032,,
22916,12032,,
22917,12032,,
22918,12032,,
22919,12032,,
22920,12032,,
22921,12032,,
22922,12032,,
22923,12032,,
22924,12032,,
22925,12032,,
22926,12032,,
22927,12032,,
22928,12032,,
22929,12032,,
22930,12032,,
22931,12032,,
22932,12032,,
22933,12032,,
22934,12032,,
22935,12032,,
22936,12032,,
22937,12032,,
22938,12032,,
22939,12032,,
22940,12032,,
22941,12032,,
22942,12032,,
22943,12032,,
22944,12032,,
22945,12032,,
22946,12032,,
22947,12032,,
22948,12032,,
22949,12032,,
22950,12032,,
22951,12032,,
22952,12032,,
22953,12032,,
22954,12032,,
22955,12032,,
22956,12032,,
22957,12032,,
22958,12032,,
22959,12032,,
22960,12032,,
22961,12032,,
22962,12032,,
22963,12032,,
22964,12032,,
22965,12032,,
22966,12032,,
22967,12032,,
22968,12032,,
22969,12032,,
22970,12032,,
22971,12032,,
22972,12032,,
22973,12032,,
22974,12032,,
22975,12032,,
22976,12032,,
22977,12032,,
22978,12032,,
22979,12032,,
22980,12032,,
22981,12032,,
22982,12032,,
22983,12032,,
22984,12032,,
22985,12032,,
22986,12032,,
22987,12032,,
22988,12032,,
22989,12032,,
22990,12032,,
22991,12032,,
22992,12032,,
22993,12032,,
22994,12032,,
22995,12032,,
22996,12032,,
22997,12032,,
22998,12032,,
22999,12032,,
23000,12032,,
23001,12032,,
23002,12032,,
23003,12032,,
23004,12032,,
23005,12032,,
23006,12032,,
23007,12032,,
23008,12032,,
23009,12032,,
23010,12032,,
23011,12032,,
23012,12032,,
23013,12032,,
23014,12032,,
23015,12032,,
23016,12032,,
23017,12032,,
23018,12032,,
23019,12032,,
23020,12032,,
23021,12032,,
23022,12032,,
23023,12032,,
23024,12032,,
23025,12032,,
23026,12032,,
23027,12032,,
23028,12032,,
23029,12032,,
23030,12032,,
23031,12032,,
23032,12032,,
23033,12032,,
23034,12032,,
23035,12032,,
23036,12032,,
23037,12032,,
23038,12032,,
23039,12032,,
23040,12032,,
23041,12032,,
23042,12032,,
23043,12032,,
23044,12032,,
23045,12032,,
23046,12032,,
23047,12032,,
23048,12032,,
23049,12032,,
23050,12032,,
23051,12032,,
23052,12032,,
23053,12032,,
23054,12032,,
23055,12032,,
23056,12032,,
23057,12032,,
23058,12032,,
23059,12032,,
23060,12032,,
23061,12032,,
23062,12032,,
23063,12032,,
23064,12032,,
23065,12032,,
23066,12032,,
23067,12032,,
23068,12032,,
23069,12032,,
23070,12032,,
23071,12032,,
23072,12032,,
23073,12032,,
23074,12032,,
23075,12032,,
23076,12032,,
23077,12032,,
23078,12032,,
23079,12032,,
23080,12032,,
23081,12032,,
23082,12032,,
23083,12032,,
23084,12032,,
23085,12032,,
23086,12032,,
23087,12032,,
23088,12032,,
23089,12032,,
23090,12032,,
23091,12032,,
23092,12032,,
23093,12032,,
23094,12032,,
23095,12032,,
23096,12032,,
23097,12032,,
23098,12032,,
23099,12032,,
23100,12032,,
23101,12032,,
23102,12032,,
23103,12032,,
23104,12032,,
23105,12032,,
23106,12032,,
23107,12032,,
23108,12032,,
23109,12032,,
23110,12032,,
23111,12032,,
23112,12032,,
23113,12032,,
23114,12032,,
23115,12032,,
23116,12032,,
23117,12032,,
23118,12032,,
23119,12032,,
23120,12032,,
23121,12032,,
23122,12032,,
23123,12032,,
23124,12032,,
23125,12032,,
23126,12032,,
23127,12032,,
23128,12032,,
23129,12032,,
23130,12032,,
23131,12032,,
23132,12032,,
23133,12032,,
23134,12032,,
23135,12032,,
23136,12032,,
23137,12032,,
23138,12032,,
23139,12032,,
23140,12032,,
23141,12032,,
23142,12032,,
23143,12032,,
23144,12032,,
23145,12032,,
23146,12032,,
23147,12032,,
23148,12032,,
23149,12032,,
23150,12032,,
23151,12032,,
23152,12032,,
23153,12032,,
23154,12032,,
23155,12032,,
23156,12032,,
23157,12032,,
23158,12032,,
23159,12032,,
23160,12032,,
23161,12032,,
23162,12032,,
23163,12032,,
23164,12032,,
23165,12032,,
23166,12032,,
23167,12032,,
23168,12032,,
23169,12032,,
23170,12032,,
23171,12032,,
23172,12032,,
23173,12032,,
23174,12032,,
23175,12032,,
23176,12032,,
23177,12032,,
23178,12032,,
23179,12032,,
23180,12032,,
23181,12032,,
23182,12032,,
23183,12032,,
23184,12032,,
23185,12032,,
23186,12032,,
23187,12032,,
23188,12032,,
23189,12032,,
23190,12032,,
23191,12032,,
23192,12032,,
23193,12032,,
23194,12032,,
23195,12032,,
23196,12032,,
23197,12032,,
23198,12032,,
23199,12032,,
23200,12032,,
23201,12032,,
23202,12032,,
23203,12032,,
23204,12032,,
23205,12032,,
23206,12032,,
23207,12032,,
23208,12032,,
23209,12032,,
23210,12032,,
23211,12032,,
23212,12032,,
23213,12032,,
23214,12032,,
23215,12032,,
23216,12032,,
23217,12032,,
23218,12032,,
23219,12032,,
23220,12032,,
23221,12032,,
23222,12032,,
23223,12032,,
23224,12032,,
23225,12032,,
23226,12032,,
23227,12032,,
23228,12032,,
23229,12032,,
23230,12032,,
23231,12032,,
23232,12032,,
23233,12032,,
23234,12032,,
23235,12032,,
23236,12032,,
23237,12032,,
23238,12032,,
23239,12032,,
23240,12032,,
23241,12032,,
23242,12032,,
23243,12032,,
23244,12032,,
23245,12032,,
23246,12032,,
23247,12032,,
23248,12032,,
23249,12032,,
23250,12032,,
23251,12032,,
23252,12032,,
23253,12032,,
23254,12032,,
23255,12032,,
23256,12032,,
23257,12032,,
23258,12032,,
23259,12032,,
23260,12032,,
23261,12032,,
23262,12032,,
23263,12032,,
23264,12032,,
23265,12032,,
23266,12032,,
23267,12032,,
23268,12032,,
23269,12032,,
23270,12032,,
23271,12032,,
23272,12032,,
23273,12032,,
23274,12032,,
23275,12032,,
23276,12032,,
23277,12032,,
23278,12032,,
23279,12032,,
23280,12032,,
23281,12032,,
23282,12032,,
23283,12032,,
23284,12032,,
23285,12032,,
23286,12032,,
23287,12032,,
23288,12032,,
23289,12032,,
23290,12032,,
23291,12032,,
23292,12032,,
23293,12032,,
23294,12032,,
23295,12032,,
23296,12032,,
23297,12032,,
23298,12032,,
23299,12032,,
23300,12032,,
23301,12032,,
23302,12032,,
23303,12032,,
23304,12032,,
23305,12032,,
23306,12032,,
23307,12032,,
23308,12032,,
23309,12032,,
23310,12032,,
23311,12032,,
23312,12032,,
23313,12032,,
23314,12032,,
23315,12032,,
23316,12032,,
23317,12032,,
23318,12032,,
23319,12032,,
23320,12032,,
23321,12032,,
23322,12032,,
23323,12032,,
23324,12032,,
23325,12032,,
23326,12032,,
23327,12032,,
23328,12032,,
23329,12032,,
23330,12032,,
23331,12032,,
23332,12032,,
23333,12032,,
23334,12032,,
23335,12032,,
23336,12032,,
23337,12032,,
23338,12032,,
23339,12032,,
23340,12032,,
23341,12032,,
23342,12032,,
23343,12032,,
23344,12032,,
23345,12032,,
23346,12032,,
23347,12032,,
23348,12032,,
23349,12032,,
23350,12032,,
23351,12032,,
23352,12032,,
23353,12032,,
23354,12032,,
23355,12032,,
23356,12032,,
23357,12032,,
23358,12032,,
23359,12032,,
23360,12032,,
23361,12032,,
23362,12032,,
23363,12032,,
23364,12032,,
23365,12032,,
23366,12032,,
23367,12032,,
23368,12032,,
23369,12032,,
23370,12032,,
23371,12032,,
23372,12032,,
23373,12032,,
23374,12032,,
23375,12032,,
23376,12032,,
23377,12032,,
23378,12032,,
23379,12032,,
23380,12032,,
23381,12032,,
23382,12032,,
23383,12032,,
23384,12032,,
23385,12032,,
23386,12032,,
23387,12032,,
23388,12032,,
23389,12032,,
23390,12032,,
23391,12032,,
23392,12032,,
23393,12032,,
23394,12032,,
23395,12032,,
23396,12032,,
23397,12032,,
23398,12032,,
23399,12032,,
23400,12032,,
23401,12032,,
23402,12032,,
23403,12032,,
23404,12032,,
23405,12032,,
23406,12032,,
23407,12032,,
23408,12032,,
23409,12032,,
23410,12032,,
23411,12032,,
23412,12032,,
23413,12032,,
23414,12032,,
23415,12032,,
23416,12032,,
23417,12032,,
23418,12032,,
23419,12032,,
23420,12032,,
23421,12032,,
23422,12032,,
23423,12032,,
23424,12032,,
23425,12032,,
23426,12032,,
23427,12032,,
23428,12032,,
23429,12032,,
23430,12032,,
23431,12032,,
23432,12032,,
23433,12032,,
23434,12032,,
23435,12032,,
23436,12032,,
23437,12032,,
23438,12032,,
23439,12032,,
23440,12032,,
23441,12032,,
23442,12032,,
23443,12032,,
23444,12032,,
23445,12032,,
23446,12032,,
23447,12032,,
23448,12032,,
23449,12032,,
23450,12032,,
23451,12032,,
23452,12032,,
23453,12032,,
23454,12032,,
23455,12032,,
23456,12032,,
23457,12032,,
23458,12032,,
23459,12032,,
23460,12032,,
23461,12032,,
23462,12032,,
23463,12032,,
23464,12032,,
23465,12032,,
23466,12032,,
23467,12032,,
23468,12032,,
23469,12032,,
23470,12032,,
23471,12032,,
23472,12032,,
23473,12032,,
23474,12032,,
23475,12032,,
23476,12032,,
23477,12032,,
23478,12032,,
23479,12032,,
23480,12032,,
23481,12032,,
23482,12032,,
23483,12032,,
23484,12032,,
23485,12032,,
23486,12032,,
23487,12032,,
23488,12032,,
23489,12032,,
23490,12032,,
23491,12032,,
23492,12032,,
23493,12032,,
23494,12032,,
23495,12032,,
23496,12032,,
23497,12032,,
23498,12032,,
23499,12032,,
23500,12032,,
23501,12032,,
23502,12032,,
23503,12032,,
23504,12032,,
23505,12032,,
23506,12032,,
23507,12032,,
23508,12032,,
23509,12032,,
23510,12032,,
23511,12032,,
23512,12032,,
23513,12032,,
23514,12032,,
23515,12032,,
23516,12032,,
23517,12032,,
23518,12032,,
23519,12032,,
23520,12032,,
23521,12032,,
23522,12032,,
23523,12032,,
23524,12032,,
23525,12032,,
23526,12032,,
23527,12032,,
23528,12032,,
23529,12032,,
23530,12032,,
23531,12032,,
23532,12032,,
23533,12032,,
23534,12032,,
23535,12032,,
23536,12032,,
23537,12032,,
23538,12032,,
23539,12032,,
23540,12032,,
23541,12032,,
23542,12032,,
23543,12032,,
23544,12032,,
23545,12032,,
23546,12032,,
23547,12032,,
23548,12032,,
23549,12032,,
23550,12032,,
23551,12032,,
23552,12032,,
23553,12032,,
23554,12032,,
23555,12032,,
23556,12032,,
23557,12032,,
23558,12032,,
23559,12032,,
23560,12032,,
23561,12032,,
23562,12032,,
23563,12032,,
23564,12032,,
23565,12032,,
23566,12032,,
23567,12032,,
23568,12032,,
23569,12032,,
23570,12032,,
23571,12032,,
23572,12032,,
23573,12032,,
23574,12032,,
23575,12032,,
23576,12032,,
23577,12032,,
23578,12032,,
23579,12032,,
23580,12032,,
23581,12032,,
23582,12032,,
23583,12032,,
23584,12032,,
23585,12032,,
23586,12032,,
23587,12032,,
23588,12032,,
23589,12032,,
23590,12032,,
23591,12032,,
23592,12032,,
23593,12032,,
23594,12032,,
23595,12032,,
23596,12032,,
23597,12032,,
23598,12032,,
23599,12032,,
23600,12032,,
23601,12032,,
23602,12032,,
23603,12032,,
23604,12032,,
23605,12032,,
23606,12032,,
23607,12032,,
23608,12032,,
23609,12032,,
23610,12032,,
23611,12032,,
23612,12032,,
23613,12032,,
23614,12032,,
23615,12032,,
23616,12032,,
23617,12032,,
23618,12032,,
23619,12032,,
23620,12032,,
23621,12032,,
23622,12032,,
23623,12032,,
23624,12032,,
23625,12032,,
23626,12032,,
23627,12032,,
23628,12032,,
23629,12032,,
23630,12032,,
23631,12032,,
23632,12032,,
23633,12032,,
23634,12032,,
23635,12032,,
23636,12032,,
23637,12032,,
23638,12032,,
23639,12032,,
23640,12032,,
23641,12032,,
23642,12032,,
23643,12032,,
23644,12032,,
23645,12032,,
23646,12032,,
23647,12032,,
23648,12032,,
23649,12032,,
23650,12032,,
23651,12032,,
23652,12032,,
23653,12032,,
23654,12032,,
23655,12032,,
23656,12032,,
23657,12032,,
23658,12032,,
23659,12032,,
23660,12032,,
23661,12032,,
23662,12032,,
23663,12032,,
23664,12032,,
23665,12032,,
23666,12032,,
23667,12032,,
23668,12032,,
23669,12032,,
23670,12032,,
23671,12032,,
23672,12032,,
23673,12032,,
23674,12032,,
23675,12032,,
23676,12032,,
23677,12032,,
23678,12032,,
23679,12032,,
23680,12032,,
23681,12032,,
23682,12032,,
23683,12032,,
23684,12032,,
23685,12032,,
23686,12032,,
23687,12032,,
23688,12032,,
23689,12032,,
23690,12032,,
23691,12032,,
23692,12032,,
23693,12032,,
23694,12032,,
23695,12032,,
23696,12032,,
23697,12032,,
23698,12032,,
23699,12032,,
23700,12032,,
23701,12032,,
23702,12032,,
23703,12032,,
23704,12032,,
23705,12032,,
23706,12032,,
23707,12032,,
23708,12032,,
23709,12032,,
23710,12032,,
23711,12032,,
23712,12032,,
23713,12032,,
23714,12032,,
23715,12032,,
23716,12032,,
23717,12032,,
23718,12032,,
23719,12032,,
23720,12032,,
23721,12032,,
23722,12032,,
23723,12032,,
23724,12032,,
23725,12032,,
23726,12032,,
23727,12032,,
23728,12032,,
23729,12032,,
23730,12032,,
23731,12032,,
23732,12032,,
23733,12032,,
23734,12032,,
23735,12032,,
23736,12032,,
23737,12032,,
23738,12032,,
23739,12032,,
23740,12032,,
23741,12032,,
23742,12032,,
23743,12032,,
23744,12032,,
23745,12032,,
23746,12032,,
23747,12032,,
23748,12032,,
23749,12032,,
23750,12032,,
23751,12032,,
23752,12032,,
23753,12032,,
23754,12032,,
23755,12032,,
23756,12032,,
23757,12032,,
23758,12032,,
23759,12032,,
23760,12032,,
23761,12032,,
23762,12032,,
23763,12032,,
23764,12032,,
23765,12032,,
23766,12032,,
23767,12032,,
23768,12032,,
23769,12032,,
23770,12032,,
23771,12032,,
23772,12032,,
23773,12032,,
23774,12032,,
23775,12032,,
23776,12032,,
23777,12032,,
23778,12032,,
23779,12032,,
23780,12032,,
23781,12032,,
23782,12032,,
23783,12032,,
23784,12032,,
23785,12032,,
23786,12032,,
23787,12032,,
23788,12032,,
23789,12032,,
23790,12032,,
23791,12032,,
23792,12032,,
23793,12032,,
23794,12032,,
23795,12032,,
23796,12032,,
23797,12032,,
23798,12032,,
23799,12032,,
23800,12032,,
23801,12032,,
23802,12032,,
23803,12032,,
23804,12032,,
23805,12032,,
23806,12032,,
23807,12032,,
23808,12032,,
23809,12032,,
23810,12032,,
23811,12032,,
23812,12032,,
23813,12032,,
23814,12032,,
23815,12032,,
23816,12032,,
23817,12032,,
23818,12032,,
23819,12032,,
23820,12032,,
23821,12032,,
23822,12032,,
23823,12032,,
23824,12032,,
23825,12032,,
23826,12032,,
23827,12032,,
23828,12032,,
23829,12032,,
23830,12032,,
23831,12032,,
23832,12032,,
23833,12032,,
23834,12032,,
23835,12032,,
23836,12032,,
23837,12032,,
23838,12032,,
23839,12032,,
23840,12032,,
23841,12032,,
23842,12032,,
23843,12032,,
23844,12032,,
23845,12032,,
23846,12032,,
23847,12032,,
23848,12032,,
23849,12032,,
23850,12032,,
23851,12032,,
23852,12032,,
23853,12032,,
23854,12032,,
23855,12032,,
23856,12032,,
23857,12032,,
23858,12032,,
23859,12032,,
23860,12032,,
23861,12032,,
23862,12032,,
23863,12032,,
23864,12032,,
23865,12032,,
23866,12032,,
23867,12032,,
23868,12032,,
23869,12032,,
23870,12032,,
23871,12032,,
23872,12032,,
23873,12032,,
23874,12032,,
23875,12032,,
23876,12032,,
23877,12032,,
23878,12032,,
23879,12032,,
23880,12032,,
23881,12032,,
23882,12032,,
23883,12032,,
23884,12032,,
23885,12032,,
23886,12032,,
23887,12032,,
23888,12032,,
23889,12032,,
23890,12032,,
23891,12032,,
23892,12032,,
23893,12032,,
23894,12032,,
23895,12032,,
23896,12032,,
23897,12032,,
23898,12032,,
23899,12032,,
23900,12032,,
23901,12032,,
23902,12032,,
23903,12032,,
23904,12032,,
23905,12032,,
23906,12032,,
23907,12032,,
23908,12032,,
23909,12032,,
23910,12032,,
23911,12032,,
23912,12032,,
23913,12032,,
23914,12032,,
23915,12032,,
23916,12032,,
23917,12032,,
23918,12032,,
23919,12032,,
23920,12032,,
23921,12032,,
23922,12032,,
23923,12032,,
23924,12032,,
23925,12032,,
23926,12032,,
23927,12032,,
23928,12032,,
23929,12032,,
23930,12032,,
23931,12032,,
23932,12032,,
23933,12032,,
23934,12032,,
23935,12032,,
23936,12032,,
23937,12032,,
23938,12032,,
23939,12032,,
23940,12032,,
23941,12032,,
23942,12032,,
23943,12032,,
23944,12032,,
23945,12032,,
23946,12032,,
23947,12032,,
23948,12032,,
23949,12032,,
23950,12032,,
23951,12032,,
23952,12032,,
23953,12032,,
23954,12032,,
23955,12032,,
23956,12032,,
23957,12032,,
23958,12032,,
23959,12032,,
23960,12032,,
23961,12032,,
23962,12032,,
23963,12032,,
23964,12032,,
23965,12032,,
23966,12032,,
23967,12032,,
23968,12032,,
23969,12032,,
23970,12032,,
23971,12032,,
23972,12032,,
23973,12032,,
23974,12032,,
23975,12032,,
23976,12032,,
23977,12032,,
23978,12032,,
23979,12032,,
23980,12032,,
23981,12032,,
23982,12032,,
23983,12032,,
23984,12032,,
23985,12032,,
23986,12032,,
23987,12032,,
23988,12032,,
23989,12032,,
23990,12032,,
23991,12032,,
23992,12032,,
23993,12032,,
23994,12032,,
23995,12032,,
23996,12032,,
23997,12032,,
23998,12032,,
23999,12032,,
24000,12032,,
24001,12032,,
24002,12032,,
24003,12032,,
24004,12032,,
24005,12032,,
24006,12032,,
24007,12032,,
24008,12032,,
24009,12032,,
24010,12032,,
24011,12032,,
24012,12032,,
24013,12032,,
24014,12032,,
24015,12032,,
24016,12032,,
24017,12032,,
24018,12032,,
24019,12032,,
24020,12032,,
24021,12032,,
24022,12032,,
24023,12032,,
24024,12032,,
24025,12032,,
24026,12032,,
24027,12032,,
24028,12032,,
24029,12032,,
24030,12032,,
24031,12032,,
24032,12032,,
24033,12032,,
24034,12032,,
24035,12032,,
24036,12032,,
24037,12032,,
24038,12032,,
24039,12032,,
24040,12032,,
24041,12032,,
24042,12032,,
24043,12032,,
24044,12032,,
24045,12032,,
24046,12032,,
24047,12032,,
24048,12032,,
24049,12032,,
24050,12032,,
24051,12032,,
24052,12032,,
24053,12032,,
24054,12032,,
24055,12032,,
24056,12032,,
24057,12032,,
24058,12032,,
24059,12032,,
24060,12032,,
24061,12032,,
24062,12032,,
24063,12032,,
24064,12032,,
24065,12032,,
24066,12032,,
24067,12032,,
24068,12032,,
24069,12032,,
24070,12032,,
24071,12032,,
24072,12032,,
24073,12032,,
24074,12032,,
24075,12032,,
24076,12032,,
24077,12032,,
24078,12032,,
24079,12032,,
24080,12032,,
24081,12032,,
24082,12032,,
24083,12032,,
24084,12032,,
24085,12032,,
24086,12032,,
24087,12032,,
24088,12032,,
24089,12032,,
24090,12032,,
24091,12032,,
24092,12032,,
24093,12032,,
24094,12032,,
24095,12032,,
24096,12032,,
24097,12032,,
24098,12032,,
24099,12032,,
24100,12032,,
24101,12032,,
24102,12032,,
24103,12032,,
24104,12032,,
24105,12032,,
24106,12032,,
24107,12032,,
24108,12032,,
24109,12032,,
24110,12032,,
24111,12032,,
24112,12032,,
24113,12032,,
24114,12032,,
24115,12032,,
24116,12032,,
24117,12032,,
24118,12032,,
24119,12032,,
24120,12032,,
24121,12032,,
24122,12032,,
24123,12032,,
24124,12032,,
24125,12032,,
24126,12032,,
24127,12032,,
24128,12032,,
24129,12032,,
24130,12032,,
24131,12032,,
24132,12032,,
24133,12032,,
24134,12032,,
24135,12032,,
24136,12032,,
24137,12032,,
24138,12032,,
24139,12032,,
24140,12032,,
24141,12032,,
24142,12032,,
24143,12032,,
24144,12032,,
24145,12032,,
24146,12032,,
24147,12032,,
24148,12032,,
24149,12032,,
24150,12032,,
24151,12032,,
24152,12032,,
24153,12032,,
24154,12032,,
24155,12032,,
24156,12032,,
24157,12032,,
24158,12032,,
24159,12032,,
24160,12032,,
24161,12032,,
24162,12032,,
24163,12032,,
24164,12032,,
24165,12032,,
24166,12032,,
24167,12032,,
24168,12032,,
24169,12032,,
24170,12032,,
24171,12032,,
24172,12032,,
24173,12032,,
24174,12032,,
24175,12032,,
24176,12032,,
24177,12032,,
24178,12032,,
24179,12032,,
24180,12032,,
24181,12032,,
24182,12032,,
24183,12032,,
24184,12032,,
24185,12032,,
24186,12032,,
24187,12032,,
24188,12032,,
24189,12032,,
24190,12032,,
24191,12032,,
24192,12032,,
24193,12032,,
24194,12032,,
24195,12032,,
24196,12032,,
24197,12032,,
24198,12032,,
24199,12032,,
24200,12032,,
24201,12032,,
24202,12032,,
24203,12032,,
24204,12032,,
24205,12032,,
24206,12032,,
24207,12032,,
24208,12032,,
24209,12032,,
24210,12032,,
24211,12032,,
24212,12032,,
24213,12032,,
24214,12032,,
24215,12032,,
24216,12032,,
24217,12032,,
24218,12032,,
24219,12032,,
24220,12032,,
24221,12032,,
24222,12032,,
24223,12032,,
24224,12032,,
24225,12032,,
24226,12032,,
24227,12032,,
24228,12032,,
24229,12032,,
24230,12032,,
24231,12032,,
24232,12032,,
24233,12032,,
24234,12032,,
24235,12032,,
24236,12032,,
24237,12032,,
24238,12032,,
24239,12032,,
24240,12032,,
24241,12032,,
24242,12032,,
24243,12032,,
24244,12032,,
24245,12032,,
24246,12032,,
24247,12032,,
24248,12032,,
24249,12032,,
24250,12032,,
24251,12032,,
24252,12032,,
24253,12032,,
24254,12032,,
24255,12032,,
24256,12032,,
24257,12032,,
24258,12032,,
24259,12032,,
24260,12032,,
24261,12032,,
24262,12032,,
24263,12032,,
24264,12032,,
24265,12032,,
24266,12032,,
24267,12032,,
24268,12032,,
24269,12032,,
24270,12032,,
24271,12032,,
24272,12032,,
24273,12032,,
24274,12032,,
24275,12032,,
24276,12032,,
24277,12032,,
24278,12032,,
24279,12032,,
24280,12032,,
24281,12032,,
24282,12032,,
24283,12032,,
24284,12032,,
24285,12032,,
24286,12032,,
24287,12032,,
24288,12032,,
24289,12032,,
24290,12032,,
24291,12032,,
24292,12032,,
24293,12032,,
24294,12032,,
24295,12032,,
24296,12032,,
24297,12032,,
24298,12032,,
24299,12032,,
24300,12032,,
24301,12032,,
24302,12032,,
24303,12032,,
24304,12032,,
24305,12032,,
24306,12032,,
24307,12032,,
24308,12032,,
24309,12032,,
24310,12032,,
24311,12032,,
24312,12032,,
24313,12032,,
24314,12032,,
24315,12032,,
24316,12032,,
24317,12032,,
24318,12032,,
24319,12032,,
24320,12032,,
24321,12032,,
24322,12032,,
24323,12032,,
24324,12032,,
24325,12032,,
24326,12032,,
24327,12032,,
24328,12032,,
24329,12032,,
24330,12032,,
24331,12032,,
24332,12032,,
24333,12032,,
24334,12032,,
24335,12032,,
24336,12032,,
24337,12032,,
24338,12032,,
24339,12032,,
24340,12032,,
24341,12032,,
24342,12032,,
24343,12032,,
24344,12032,,
24345,12032,,
24346,12032,,
24347,12032,,
24348,12032,,
24349,12032,,
24350,12032,,
24351,12032,,
24352,12032,,
24353,12032,,
24354,12032,,
24355,12032,,
24356,12032,,
24357,12032,,
24358,12032,,
24359,12032,,
24360,12032,,
24361,12032,,
24362,12032,,
24363,12032,,
24364,12032,,
24365,12032,,
24366,12032,,
24367,12032,,
24368,12032,,
24369,12032,,
24370,12032,,
24371,12032,,
24372,12032,,
24373,12032,,
24374,12032,,
24375,12032,,
24376,12032,,
24377,12032,,
24378,12032,,
24379,12032,,
24380,12032,,
24381,12032,,
24382,12032,,
24383,12032,,
24384,12032,,
24385,12032,,
24386,12032,,
24387,12032,,
24388,12032,,
24389,12032,,
24390,12032,,
24391,12032,,
24392,12032,,
24393,12032,,
24394,12032,,
24395,12032,,
24396,12032,,
24397,12032,,
24398,12032,,
24399,12032,,
24400,12032,,
24401,12032,,
24402,12032,,
24403,12032,,
24404,12032,,
24405,12032,,
24406,12032,,
24407,12032,,
24408,12032,,
24409,12032,,
24410,12032,,
24411,12032,,
24412,12032,,
24413,12032,,
24414,12032,,
24415,12032,,
24416,12032,,
24417,12032,,
24418,12032,,
24419,12032,,
24420,12032,,
24421,12032,,
24422,12032,,
24423,12032,,
24424,12032,,
24425,12032,,
24426,12032,,
24427,12032,,
24428,12032,,
24429,12032,,
24430,12032,,
24431,12032,,
24432,12032,,
24433,12032,,
24434,12032,,
24435,12032,,
24436,12032,,
24437,12032,,
24438,12032,,
24439,12032,,
24440,12032,,
24441,12032,,
24442,12032,,
24443,12032,,
24444,12032,,
24445,12032,,
24446,12032,,
24447,12032,,
24448,12032,,
24449,12032,,
24450,12032,,
24451,12032,,
24452,12032,,
24453,12032,,
24454,12032,,
24455,12032,,
24456,12032,,
24457,12032,,
24458,12032,,
24459,12032,,
24460,12032,,
24461,12032,,
24462,12032,,
24463,12032,,
24464,12032,,
24465,12032,,
24466,12032,,
24467,12032,,
24468,12032,,
24469,12032,,
24470,12032,,
24471,12032,,
24472,12032,,
24473,12032,,
24474,12032,,
24475,12032,,
24476,12032,,
24477,12032,,
24478,12032,,
24479,12032,,
24480,12032,,
24481,12032,,
24482,12032,,
24483,12032,,
24484,12032,,
24485,12032,,
24486,12032,,
24487,12032,,
24488,12032,,
24489,12032,,
24490,12032,,
24491,12032,,
24492,12032,,
24493,12032,,
24494,12032,,
24495,12032,,
24496,12032,,
24497,12032,,
24498,12032,,
24499,12032,,
24500,12032,,
24501,12032,,
24502,12032,,
24503,12032,,
24504,12032,,
24505,12032,,
24506,12032,,
24507,12032,,
24508,12032,,
24509,12032,,
24510,12032,,
24511,12032,,
24512,12032,,
24513,12032,,
24514,12032,,
24515,12032,,
24516,12032,,
24517,12032,,
24518,12032,,
24519,12032,,
24520,12032,,
24521,12032,,
24522,12032,,
24523,12032,,
24524,12032,,
24525,12032,,
24526,12032,,
24527,12032,,
24528,12032,,
24529,12032,,
24530,12032,,
24531,12032,,
24532,12032,,
24533,12032,,
24534,12032,,
24535,12032,,
24536,12032,,
24537,12032,,
24538,12032,,
24539,12032,,
24540,12032,,
24541,12032,,
24542,12032,,
24543,12032,,
24544,12032,,
24545,12032,,
24546,12032,,
24547,12032,,
24548,12032,,
24549,12032,,
24550,12032,,
24551,12032,,
24552,12032,,
24553,12032,,
24554,12032,,
24555,12032,,
24556,12032,,
24557,12032,,
24558,12032,,
24559,12032,,
24560,12032,,
24561,12032,,
24562,12032,,
24563,12032,,
24564,12032,,
24565,12032,,
24566,12032,,
24567,12032,,
24568,12032,,
24569,12032,,
24570,12032,,
24571,12032,,
24572,12032,,
24573,12032,,
24574,12032,,
24575,12032,,
24576,12032,,
24577,12032,,
24578,12032,,
24579,12032,,
24580,12032,,
24581,12032,,
24582,12032,,
24583,12032,,
24584,12032,,
24585,12032,,
24586,12032,,
24587,12032,,
24588,12032,,
24589,12032,,
24590,12032,,
24591,12032,,
24592,12032,,
24593,12032,,
24594,12032,,
24595,12032,,
24596,12032,,
24597,12032,,
24598,12032,,
24599,12032,,
24600,12032,,
24601,12032,,
24602,12032,,
24603,12032,,
24604,12032,,
24605,12032,,
24606,12032,,
24607,12032,,
24608,12032,,
24609,12032,,
24610,12032,,
24611,12032,,
24612,12032,,
24613,12032,,
24614,12032,,
24615,12032,,
24616,12032,,
24617,12032,,
24618,12032,,
24619,12032,,
24620,12032,,
24621,12032,,
24622,12032,,
24623,12032,,
24624,12032,,
24625,12032,,
24626,12032,,
24627,12032,,
24628,12032,,
24629,12032,,
24630,12032,,
24631,12032,,
24632,12032,,
24633,12032,,
24634,12032,,
24635,12032,,
24636,12032,,
24637,12032,,
24638,12032,,
24639,12032,,
24640,12032,,
24641,12032,,
24642,12032,,
24643,12032,,
24644,12032,,
24645,12032,,
24646,12032,,
24647,12032,,
24648,12032,,
24649,12032,,
24650,12032,,
24651,12032,,
24652,12032,,
24653,12032,,
24654,12032,,
24655,12032,,
24656,12032,,
24657,12032,,
24658,12032,,
24659,12032,,
24660,12032,,
24661,12032,,
24662,12032,,
24663,12032,,
24664,12032,,
24665,12032,,
24666,12032,,
24667,12032,,
24668,12032,,
24669,12032,,
24670,12032,,
24671,12032,,
24672,12032,,
24673,12032,,
24674,12032,,
24675,12032,,
24676,12032,,
24677,12032,,
24678,12032,,
24679,12032,,
24680,12032,,
24681,12032,,
24682,12032,,
24683,12032,,
24684,12032,,
24685,12032,,
24686,12032,,
24687,12032,,
24688,12032,,
24689,12032,,
24690,12032,,
24691,12032,,
24692,12032,,
24693,12032,,
24694,12032,,
24695,12032,,
24696,12032,,
24697,12032,,
24698,12032,,
24699,12032,,
24700,12032,,
24701,12032,,
24702,12032,,
24703,12032,,
24704,12032,,
24705,12032,,
24706,12032,,
24707,12032,,
24708,12032,,
24709,12032,,
24710,12032,,
24711,12032,,
24712,12032,,
24713,12032,,
24714,12032,,
24715,12032,,
24716,12032,,
24717,12032,,
24718,12032,,
24719,12032,,
24720,12032,,
24721,12032,,
24722,12032,,
24723,12032,,
24724,12032,,
24725,12032,,
24726,12032,,
24727,12032,,
24728,12032,,
24729,12032,,
24730,12032,,
24731,12032,,
24732,12032,,
24733,12032,,
24734,12032,,
24735,12032,,
24736,12032,,
24737,12032,,
24738,12032,,
24739,12032,,
24740,12032,,
24741,12032,,
24742,12032,,
24743,12032,,
24744,12032,,
24745,12032,,
24746,12032,,
24747,12032,,
24748,12032,,
24749,12032,,
24750,12032,,
24751,12032,,
24752,12032,,
24753,12032,,
24754,12032,,
24755,12032,,
24756,12032,,
24757,12032,,
24758,12032,,
24759,12032,,
24760,12032,,
24761,12032,,
24762,12032,,
24763,12032,,
24764,12032,,
24765,12032,,
24766,12032,,
24767,12032,,
24768,12032,,
24769,12032,,
24770,12032,,
24771,12032,,
24772,12032,,
24773,12032,,
24774,12032,,
24775,12032,,
24776,12032,,
24777,12032,,
24778,12032,,
24779,12032,,
24780,12032,,
24781,12032,,
24782,12032,,
24783,12032,,
24784,12032,,
24785,12032,,
24786,12032,,
24787,12032,,
24788,12032,,
24789,12032,,
24790,12032,,
24791,12032,,
24792,12032,,
24793,12032,,
24794,12032,,
24795,12032,,
24796,12032,,
24797,12032,,
24798,12032,,
24799,12032,,
24800,12032,,
24801,12032,,
24802,12032,,
24803,12032,,
24804,12032,,
24805,12032,,
24806,12032,,
24807,12032,,
24808,12032,,
24809,12032,,
24810,12032,,
24811,12032,,
24812,12032,,
24813,12032,,
24814,12032,,
24815,12032,,
24816,12032,,
24817,12032,,
24818,12032,,
24819,12032,,
24820,12032,,
24821,12032,,
24822,12032,,
24823,12032,,
24824,12032,,
24825,12032,,
24826,12032,,
24827,12032,,
24828,12032,,
24829,12032,,
24830,12032,,
24831,12032,,
24832,12032,,
24833,12032,,
24834,12032,,
24835,12032,,
24836,12032,,
24837,12032,,
24838,12032,,
24839,12032,,
24840,12032,,
24841,12032,,
24842,12032,,
24843,12032,,
24844,12032,,
24845,12032,,
24846,12032,,
24847,12032,,
24848,12032,,
24849,12032,,
24850,12032,,
24851,12032,,
24852,12032,,
24853,12032,,
24854,12032,,
24855,12032,,
24856,12032,,
24857,12032,,
24858,12032,,
24859,12032,,
24860,12032,,
24861,12032,,
24862,12032,,
24863,12032,,
24864,12032,,
24865,12032,,
24866,12032,,
24867,12032,,
24868,12032,,
24869,12032,,
24870,12032,,
24871,12032,,
24872,12032,,
24873,12032,,
24874,12032,,
24875,12032,,
24876,12032,,
24877,12032,,
24878,12032,,
24879,12032,,
24880,12032,,
24881,12032,,
24882,12032,,
24883,12032,,
24884,12032,,
24885,12032,,
24886,12032,,
24887,12032,,
24888,12032,,
24889,12032,,
24890,12032,,
24891,12032,,
24892,12032,,
24893,12032,,
24894,12032,,
24895,12032,,
24896,12032,,
24897,12032,,
24898,12032,,
24899,12032,,
24900,12032,,
24901,12032,,
24902,12032,,
24903,12032,,
24904,12032,,
24905,12032,,
24906,12032,,
24907,12032,,
24908,12032,,
24909,12032,,
24910,12032,,
24911,12032,,
24912,12032,,
24913,12032,,
24914,12032,,
24915,12032,,
24916,12032,,
24917,12032,,
24918,12032,,
24919,12032,,
24920,12032,,
24921,12032,,
24922,12032,,
24923,12032,,
24924,12032,,
24925,12032,,
24926,12032,,
24927,12032,,
24928,12032,,
24929,12032,,
24930,12032,,
24931,12032,,
24932,12032,,
24933,12032,,
24934,12032,,
24935,12032,,
24936,12032,,
24937,12032,,
24938,12032,,
24939,12032,,
24940,12032,,
24941,12032,,
24942,12032,,
24943,12032,,
24944,12032,,
24945,12032,,
24946,12032,,
24947,12032,,
24948,12032,,
24949,12032,,
24950,12032,,
24951,12032,,
24952,12032,,
24953,12032,,
24954,12032,,
24955,12032,,
24956,12032,,
24957,12032,,
24958,12032,,
24959,12032,,
24960,12032,,
24961,12032,,
24962,12032,,
24963,12032,,
24964,12032,,
24965,12032,,
24966,12032,,
24967,12032,,
24968,12032,,
24969,12032,,
24970,12032,,
24971,12032,,
24972,12032,,
24973,12032,,
24974,12032,,
24975,12032,,
24976,12032,,
24977,12032,,
24978,12032,,
24979,12032,,
24980,12032,,
24981,12032,,
24982,12032,,
24983,12032,,
24984,12032,,
24985,12032,,
24986,12032,,
24987,12032,,
24988,12032,,
24989,12032,,
24990,12032,,
24991,12032,,
24992,12032,,
24993,12032,,
24994,12032,,
24995,12032,,
24996,12032,,
24997,12032,,
24998,12032,,
24999,12032,,
25000,12032,,
25001,12032,,
25002,12032,,
25003,12032,,
25004,12032,,
25005,12032,,
25006,12032,,
25007,12032,,
25008,12032,,
25009,12032,,
25010,12032,,
25011,12032,,
25012,12032,,
25013,12032,,
25014,12032,,
25015,12032,,
25016,12032,,
25017,12032,,
25018,12032,,
25019,12032,,
25020,12032,,
25021,12032,,
25022,12032,,
25023,12032,,
25024,12032,,
25025,12032,,
25026,12032,,
25027,12032,,
25028,12032,,
25029,12032,,
25030,12032,,
25031,12032,,
25032,12032,,
25033,12032,,
25034,12032,,
25035,12032,,
25036,12032,,
25037,12032,,
25038,12032,,
25039,12032,,
25040,12032,,
25041,12032,,
25042,12032,,
25043,12032,,
25044,12032,,
25045,12032,,
25046,12032,,
25047,12032,,
25048,12032,,
25049,12032,,
25050,12032,,
25051,12032,,
25052,12032,,
25053,12032,,
25054,12032,,
25055,12032,,
25056,12032,,
25057,12032,,
25058,12032,,
25059,12032,,
25060,12032,,
25061,12032,,
25062,12032,,
25063,12032,,
25064,12032,,
25065,12032,,
25066,12032,,
25067,12032,,
25068,12032,,
25069,12032,,
25070,12032,,
25071,12032,,
25072,12032,,
25073,12032,,
25074,12032,,
25075,12032,,
25076,12032,,
25077,12032,,
25078,12032,,
25079,12032,,
25080,12032,,
25081,12032,,
25082,12032,,
25083,12032,,
25084,12032,,
25085,12032,,
25086,12032,,
25087,12032,,
25088,12032,,
25089,12032,,
25090,12032,,
25091,12032,,
25092,12032,,
25093,12032,,
25094,12032,,
25095,12032,,
25096,12032,,
25097,12032,,
25098,12032,,
25099,12032,,
25100,12032,,
25101,12032,,
25102,12032,,
25103,12032,,
25104,12032,,
25105,12032,,
25106,12032,,
25107,12032,,
25108,12032,,
25109,12032,,
25110,12032,,
25111,12032,,
25112,12032,,
25113,12032,,
25114,12032,,
25115,12032,,
25116,12032,,
25117,12032,,
25118,12032,,
25119,12032,,
25120,12032,,
25121,12032,,
25122,12032,,
25123,12032,,
25124,12032,,
25125,12032,,
25126,12032,,
25127,12032,,
25128,12032,,
25129,12032,,
25130,12032,,
25131,12032,,
25132,12032,,
25133,12032,,
25134,12032,,
25135,12032,,
25136,12032,,
25137,12032,,
25138,12032,,
25139,12032,,
25140,12032,,
25141,12032,,
25142,12032,,
25143,12032,,
25144,12032,,
25145,12032,,
25146,12032,,
25147,12032,,
25148,12032,,
25149,12032,,
25150,12032,,
25151,12032,,
25152,12032,,
25153,12032,,
25154,12032,,
25155,12032,,
25156,12032,,
25157,12032,,
25158,12032,,
25159,12032,,
25160,12032,,
25161,12032,,
25162,12032,,
25163,12032,,
25164,12032,,
25165,12032,,
25166,12032,,
25167,12032,,
25168,12032,,
25169,12032,,
25170,12032,,
25171,12032,,
25172,12032,,
25173,12032,,
25174,12032,,
25175,12032,,
25176,12032,,
25177,12032,,
25178,12032,,
25179,12032,,
25180,12032,,
25181,12032,,
25182,12032,,
25183,12032,,
25184,12032,,
25185,12032,,
25186,12032,,
25187,12032,,
25188,12032,,
25189,12032,,
25190,12032,,
25191,12032,,
25192,12032,,
25193,12032,,
25194,12032,,
25195,12032,,
25196,12032,,
25197,12032,,
25198,12032,,
25199,12032,,
25200,12032,,
25201,12032,,
25202,12032,,
25203,12032,,
25204,12032,,
25205,12032,,
25206,12032,,
25207,12032,,
25208,12032,,
25209,12032,,
25210,12032,,
25211,12032,,
25212,12032,,
25213,12032,,
25214,12032,,
25215,12032,,
25216,12032,,
25217,12032,,
25218,12032,,
25219,12032,,
25220,12032,,
25221,12032,,
25222,12032,,
25223,12032,,
25224,12032,,
25225,12032,,
25226,12032,,
25227,12032,,
25228,12032,,
25229,12032,,
25230,12032,,
25231,12032,,
25232,12032,,
25233,12032,,
25234,12032,,
25235,12032,,
25236,12032,,
25237,12032,,
25238,12032,,
25239,12032,,
25240,12032,,
25241,12032,,
25242,12032,,
25243,12032,,
25244,12032,,
25245,12032,,
25246,12032,,
25247,12032,,
25248,12032,,
25249,12032,,
25250,12032,,
25251,12032,,
25252,12032,,
25253,12032,,
25254,12032,,
25255,12032,,
25256,12032,,
25257,12032,,
25258,12032,,
25259,12032,,
25260,12032,,
25261,12032,,
25262,12032,,
25263,12032,,
25264,12032,,
25265,12032,,
25266,12032,,
25267,12032,,
25268,12032,,
25269,12032,,
25270,12032,,
25271,12032,,
25272,12032,,
25273,12032,,
25274,12032,,
25275,12032,,
25276,12032,,
25277,12032,,
25278,12032,,
25279,12032,,
25280,12032,,
25281,12032,,
25282,12032,,
25283,12032,,
25284,12032,,
25285,12032,,
25286,12032,,
25287,12032,,
25288,12032,,
25289,12032,,
25290,12032,,
25291,12032,,
25292,12032,,
25293,12032,,
25294,12032,,
25295,12032,,
25296,12032,,
25297,12032,,
25298,12032,,
25299,12032,,
25300,12032,,
25301,12032,,
25302,12032,,
25303,12032,,
25304,12032,,
25305,12032,,
25306,12032,,
25307,12032,,
25308,12032,,
25309,12032,,
25310,12032,,
25311,12032,,
25312,12032,,
25313,12032,,
25314,12032,,
25315,12032,,
25316,12032,,
25317,12032,,
25318,12032,,
25319,12032,,
25320,12032,,
25321,12032,,
25322,12032,,
25323,12032,,
25324,12032,,
25325,12032,,
25326,12032,,
25327,12032,,
25328,12032,,
25329,12032,,
25330,12032,,
25331,12032,,
25332,12032,,
25333,12032,,
25334,12032,,
25335,12032,,
25336,12032,,
25337,12032,,
25338,12032,,
25339,12032,,
25340,12032,,
25341,12032,,
25342,12032,,
25343,12032,,
25344,12032,,
25345,12032,,
25346,12032,,
25347,12032,,
25348,12032,,
25349,12032,,
25350,12032,,
25351,12032,,
25352,12032,,
25353,12032,,
25354,12032,,
25355,12032,,
25356,12032,,
25357,12032,,
25358,12032,,
25359,12032,,
25360,12032,,
25361,12032,,
25362,12032,,
25363,12032,,
25364,12032,,
25365,12032,,
25366,12032,,
25367,12032,,
25368,12032,,
25369,12032,,
25370,12032,,
25371,12032,,
25372,12032,,
25373,12032,,
25374,12032,,
25375,12032,,
25376,12032,,
25377,12032,,
25378,12032,,
25379,12032,,
25380,12032,,
25381,12032,,
25382,12032,,
25383,12032,,
25384,12032,,
25385,12032,,
25386,12032,,
25387,12032,,
25388,12032,,
25389,12032,,
25390,12032,,
25391,12032,,
25392,12032,,
25393,12032,,
25394,12032,,
25395,12032,,
25396,12032,,
25397,12032,,
25398,12032,,
25399,12032,,
25400,12032,,
25401,12032,,
25402,12032,,
25403,12032,,
25404,12032,,
25405,12032,,
25406,12032,,
25407,12032,,
25408,12032,,
25409,12032,,
25410,12032,,
25411,12032,,
25412,12032,,
25413,12032,,
25414,12032,,
25415,12032,,
25416,12032,,
25417,12032,,
25418,12032,,
25419,12032,,
25420,12032,,
25421,12032,,
25422,12032,,
25423,12032,,
25424,12032,,
25425,12032,,
25426,12032,,
25427,12032,,
25428,12032,,
25429,12032,,
25430,12032,,
25431,12032,,
25432,12032,,
25433,12032,,
25434,12032,,
25435,12032,,
25436,12032,,
25437,12032,,
25438,12032,,
25439,12032,,
25440,12032,,
25441,12032,,
25442,12032,,
25443,12032,,
25444,12032,,
25445,12032,,
25446,12032,,
25447,12032,,
25448,12032,,
25449,12032,,
25450,12032,,
25451,12032,,
25452,12032,,
25453,12032,,
25454,12032,,
25455,12032,,
25456,12032,,
25457,12032,,
25458,12032,,
25459,12032,,
25460,12032,,
25461,12032,,
25462,12032,,
25463,12032,,
25464,12032,,
25465,12032,,
25466,12032,,
25467,12032,,
25468,12032,,
25469,12032,,
25470,12032,,
25471,12032,,
25472,12032,,
25473,12032,,
25474,12032,,
25475,12032,,
25476,12032,,
25477,12032,,
25478,12032,,
25479,12032,,
25480,12032,,
25481,12032,,
25482,12032,,
25483,12032,,
25484,12032,,
25485,12032,,
25486,12032,,
25487,12032,,
25488,12032,,
25489,12032,,
25490,12032,,
25491,12032,,
25492,12032,,
25493,12032,,
25494,12032,,
25495,12032,,
25496,12032,,
25497,12032,,
25498,12032,,
25499,12032,,
25500,12032,,
25501,12032,,
25502,12032,,
25503,12032,,
25504,12032,,
25505,12032,,
25506,12032,,
25507,12032,,
25508,12032,,
25509,12032,,
25510,12032,,
25511,12032,,
25512,12032,,
25513,12032,,
25514,12032,,
25515,12032,,
25516,12032,,
25517,12032,,
25518,12032,,
25519,12032,,
25520,12032,,
25521,12032,,
25522,12032,,
25523,12032,,
25524,12032,,
25525,12032,,
25526,12032,,
25527,12032,,
25528,12032,,
25529,12032,,
25530,12032,,
25531,12032,,
25532,12032,,
25533,12032,,
25534,12032,,
25535,12032,,
25536,12032,,
25537,12032,,
25538,12032,,
25539,12032,,
25540,12032,,
25541,12032,,
25542,12032,,
25543,12032,,
25544,12032,,
25545,12032,,
25546,12032,,
25547,12032,,
25548,12032,,
25549,12032,,
25550,12032,,
25551,12032,,
25552,12032,,
25553,12032,,
25554,12032,,
25555,12032,,
25556,12032,,
25557,12032,,
25558,12032,,
25559,12032,,
25560,12032,,
25561,12032,,
25562,12032,,
25563,12032,,
25564,12032,,
25565,12032,,
25566,12032,,
25567,12032,,
25568,12032,,
25569,12032,,
25570,12032,,
25571,12032,,
25572,12032,,
25573,12032,,
25574,12032,,
25575,12032,,
25576,12032,,
25577,12032,,
25578,12032,,
25579,12032,,
25580,12032,,
25581,12032,,
25582,12032,,
25583,12032,,
25584,12032,,
25585,12032,,
25586,12032,,
25587,12032,,
25588,12032,,
25589,12032,,
25590,12032,,
25591,12032,,
25592,12032,,
25593,12032,,
25594,12032,,
25595,12032,,
25596,12032,,
25597,12032,,
25598,12032,,
25599,12032,,
25600,12032,,
25601,12032,,
25602,12032,,
25603,12032,,
25604,12032,,
25605,12032,,
25606,12032,,
25607,12032,,
25608,12032,,
25609,12032,,
25610,12032,,
25611,12032,,
25612,12032,,
25613,12032,,
25614,12032,,
25615,12032,,
25616,12032,,
25617,12032,,
25618,12032,,
25619,12032,,
25620,12032,,
25621,12032,,
25622,12032,,
25623,12032,,
25624,12032,,
25625,12032,,
25626,12032,,
25627,12032,,
25628,12032,,
25629,12032,,
25630,12032,,
25631,12032,,
25632,12032,,
25633,12032,,
25634,12032,,
25635,12032,,
25636,12032,,
25637,12032,,
25638,12032,,
25639,12032,,
25640,12032,,
25641,12032,,
25642,12032,,
25643,12032,,
25644,12032,,
25645,12032,,
25646,12032,,
25647,12032,,
25648,12032,,
25649,12032,,
25650,12032,,
25651,12032,,
25652,12032,,
25653,12032,,
25654,12032,,
25655,12032,,
25656,12032,,
25657,12032,,
25658,12032,,
25659,12032,,
25660,12032,,
25661,12032,,
25662,12032,,
25663,12032,,
25664,12032,,
25665,12032,,
25666,12032,,
25667,12032,,
25668,12032,,
25669,12032,,
25670,12032,,
25671,12032,,
25672,12032,,
25673,12032,,
25674,12032,,
25675,12032,,
25676,12032,,
25677,12032,,
25678,12032,,
25679,12032,,
25680,12032,,
25681,12032,,
25682,12032,,
25683,12032,,
25684,12032,,
25685,12032,,
25686,12032,,
25687,12032,,
25688,12032,,
25689,12032,,
25690,12032,,
25691,12032,,
25692,12032,,
25693,12032,,
25694,12032,,
25695,12032,,
25696,12032,,
25697,12032,,
25698,12032,,
25699,12032,,
25700,12032,,
25701,12032,,
25702,12032,,
25703,12032,,
25704,12032,,
25705,12032,,
25706,12032,,
25707,12032,,
25708,12032,,
25709,12032,,
25710,12032,,
25711,12032,,
25712,12032,,
25713,12032,,
25714,12032,,
25715,12032,,
25716,12032,,
25717,12032,,
25718,12032,,
25719,12032,,
25720,12032,,
25721,12032,,
25722,12032,,
25723,12032,,
25724,12032,,
25725,12032,,
25726,12032,,
25727,12032,,
25728,12032,,
25729,12032,,
25730,12032,,
25731,12032,,
25732,12032,,
25733,12032,,
25734,12032,,
25735,12032,,
25736,12032,,
25737,12032,,
25738,12032,,
25739,12032,,
25740,12032,,
25741,12032,,
25742,12032,,
25743,12032,,
25744,12032,,
25745,12032,,
25746,12032,,
25747,12032,,
25748,12032,,
25749,12032,,
25750,12032,,
25751,12032,,
25752,12032,,
25753,12032,,
25754,12032,,
25755,12032,,
25756,12032,,
25757,12032,,
25758,12032,,
25759,12032,,
25760,12032,,
25761,12032,,
25762,12032,,
25763,12032,,
25764,12032,,
25765,12032,,
25766,12032,,
25767,12032,,
25768,12032,,
25769,12032,,
25770,12032,,
25771,12032,,
25772,12032,,
25773,12032,,
25774,12032,,
25775,12032,,
25776,12032,,
25777,12032,,
25778,12032,,
25779,12032,,
25780,12032,,
25781,12032,,
25782,12032,,
25783,12032,,
25784,12032,,
25785,12032,,
25786,12032,,
25787,12032,,
25788,12032,,
25789,12032,,
25790,12032,,
25791,12032,,
25792,12032,,
25793,12032,,
25794,12032,,
25795,12032,,
25796,12032,,
25797,12032,,
25798,12032,,
25799,12032,,
25800,12032,,
25801,12032,,
25802,12032,,
25803,12032,,
25804,12032,,
25805,12032,,
25806,12032,,
25807,12032,,
25808,12032,,
25809,12032,,
25810,12032,,
25811,12032,,
25812,12032,,
25813,12032,,
25814,12032,,
25815,12032,,
25816,12032,,
25817,12032,,
25818,12032,,
25819,12032,,
25820,12032,,
25821,12032,,
25822,12032,,
25823,12032,,
25824,12032,,
25825,12032,,
25826,12032,,
25827,12032,,
25828,12032,,
25829,12032,,
25830,12032,,
25831,12032,,
25832,12032,,
25833,12032,,
25834,12032,,
25835,12032,,
25836,12032,,
25837,12032,,
25838,12032,,
25839,12032,,
25840,12032,,
25841,12032,,
25842,12032,,
25843,12032,,
25844,12032,,
25845,12032,,
25846,12032,,
25847,12032,,
25848,12032,,
25849,12032,,
25850,12032,,
25851,12032,,
25852,12032,,
25853,12032,,
25854,12032,,
25855,12032,,
25856,12032,,
25857,12032,,
25858,12032,,
25859,12032,,
25860,12032,,
25861,12032,,
25862,12032,,
25863,12032,,
25864,12032,,
25865,12032,,
25866,12032,,
25867,12032,,
25868,12032,,
25869,12032,,
25870,12032,,
25871,12032,,
25872,12032,,
25873,12032,,
25874,12032,,
25875,12032,,
25876,12032,,
25877,12032,,
25878,12032,,
25879,12032,,
25880,12032,,
25881,12032,,
25882,12032,,
25883,12032,,
25884,12032,,
25885,12032,,
25886,12032,,
25887,12032,,
25888,12032,,
25889,12032,,
25890,12032,,
25891,12032,,
25892,12032,,
25893,12032,,
25894,12032,,
25895,12032,,
25896,12032,,
25897,12032,,
25898,12032,,
25899,12032,,
25900,12032,,
25901,12032,,
25902,12032,,
25903,12032,,
25904,12032,,
25905,12032,,
25906,12032,,
25907,12032,,
25908,12032,,
25909,12032,,
25910,12032,,
25911,12032,,
25912,12032,,
25913,12032,,
25914,12032,,
25915,12032,,
25916,12032,,
25917,12032,,
25918,12032,,
25919,12032,,
25920,12032,,
25921,12032,,
25922,12032,,
25923,12032,,
25924,12032,,
25925,12032,,
25926,12032,,
25927,12032,,
25928,12032,,
25929,12032,,
25930,12032,,
25931,12032,,
25932,12032,,
25933,12032,,
25934,12032,,
25935,12032,,
25936,12032,,
25937,12032,,
25938,12032,,
25939,12032,,
25940,12032,,
25941,12032,,
25942,12032,,
25943,12032,,
25944,12032,,
25945,12032,,
25946,12032,,
25947,12032,,
25948,12032,,
25949,12032,,
25950,12032,,
25951,12032,,
25952,12032,,
25953,12032,,
25954,12032,,
25955,12032,,
25956,12032,,
25957,12032,,
25958,12032,,
25959,12032,,
25960,12032,,
25961,12032,,
25962,12032,,
25963,12032,,
25964,12032,,
25965,12032,,
25966,12032,,
25967,12032,,
25968,12032,,
25969,12032,,
25970,12032,,
25971,12032,,
25972,12032,,
25973,12032,,
25974,12032,,
25975,12032,,
25976,12032,,
25977,12032,,
25978,12032,,
25979,12032,,
25980,12032,,
25981,12032,,
25982,12032,,
25983,12032,,
25984,12032,,
25985,12032,,
25986,12032,,
25987,12032,,
25988,12032,,
25989,12032,,
25990,12032,,
25991,12032,,
25992,12032,,
25993,12032,,
25994,12032,,
25995,12032,,
25996,12032,,
25997,12032,,
25998,12032,,
25999,12032,,
26000,12032,,
26001,12032,,
26002,12032,,
26003,12032,,
26004,12032,,
26005,12032,,
26006,12032,,
26007,12032,,
26008,12032,,
26009,12032,,
26010,12032,,
26011,12032,,
26012,12032,,
26013,12032,,
26014,12032,,
26015,12032,,
26016,12032,,
26017,12032,,
26018,12032,,
26019,12032,,
26020,12032,,
26021,12032,,
26022,12032,,
26023,12032,,
26024,12032,,
26025,12032,,
26026,12032,,
26027,12032,,
26028,12032,,
26029,12032,,
26030,12032,,
26031,12032,,
26032,12032,,
26033,12032,,
26034,12032,,
26035,12032,,
26036,12032,,
26037,12032,,
26038,12032,,
26039,12032,,
26040,12032,,
26041,12032,,
26042,12032,,
26043,12032,,
26044,12032,,
26045,12032,,
26046,12032,,
26047,12032,,
26048,12032,,
26049,12032,,
26050,12032,,
26051,12032,,
26052,12032,,
26053,12032,,
26054,12032,,
26055,12032,,
26056,12032,,
26057,12032,,
26058,12032,,
26059,12032,,
26060,12032,,
26061,12032,,
26062,12032,,
26063,12032,,
26064,12032,,
26065,12032,,
26066,12032,,
26067,12032,,
26068,12032,,
26069,12032,,
26070,12032,,
26071,12032,,
26072,12032,,
26073,12032,,
26074,12032,,
26075,12032,,
26076,12032,,
26077,12032,,
26078,12032,,
26079,12032,,
26080,12032,,
26081,12032,,
26082,12032,,
26083,12032,,
26084,12032,,
26085,12032,,
26086,12032,,
26087,12032,,
26088,12032,,
26089,12032,,
26090,12032,,
26091,12032,,
26092,12032,,
26093,12032,,
26094,12032,,
26095,12032,,
26096,12032,,
26097,12032,,
26098,12032,,
26099,12032,,
26100,12032,,
26101,12032,,
26102,12032,,
26103,12032,,
26104,12032,,
26105,12032,,
26106,12032,,
26107,12032,,
26108,12032,,
26109,12032,,
26110,12032,,
26111,12032,,
26112,12032,,
26113,12032,,
26114,12032,,
26115,12032,,
26116,12032,,
26117,12032,,
26118,12032,,
26119,12032,,
26120,12032,,
26121,12032,,
26122,12032,,
26123,12032,,
26124,12032,,
26125,12032,,
26126,12032,,
26127,12032,,
26128,12032,,
26129,12032,,
26130,12032,,
26131,12032,,
26132,12032,,
26133,12032,,
26134,12032,,
26135,12032,,
26136,12032,,
26137,12032,,
26138,12032,,
26139,12032,,
26140,12032,,
26141,12032,,
26142,12032,,
26143,12032,,
26144,12032,,
26145,12032,,
26146,12032,,
26147,12032,,
26148,12032,,
26149,12032,,
26150,12032,,
26151,12032,,
26152,12032,,
26153,12032,,
26154,12032,,
26155,12032,,
26156,12032,,
26157,12032,,
26158,12032,,
26159,12032,,
26160,12032,,
26161,12032,,
26162,12032,,
26163,12032,,
26164,12032,,
26165,12032,,
26166,12032,,
26167,12032,,
26168,12032,,
26169,12032,,
26170,12032,,
26171,12032,,
26172,12032,,
26173,12032,,
26174,12032,,
26175,12032,,
26176,12032,,
26177,12032,,
26178,12032,,
26179,12032,,
26180,12032,,
26181,12032,,
26182,12032,,
26183,12032,,
26184,12032,,
26185,12032,,
26186,12032,,
26187,12032,,
26188,12032,,
26189,12032,,
26190,12032,,
26191,12032,,
26192,12032,,
26193,12032,,
26194,12032,,
26195,12032,,
26196,12032,,
26197,12032,,
26198,12032,,
26199,12032,,
26200,12032,,
26201,12032,,
26202,12032,,
26203,12032,,
26204,12032,,
26205,12032,,
26206,12032,,
26207,12032,,
26208,12032,,
26209,12032,,
26210,12032,,
26211,12032,,
26212,12032,,
26213,12032,,
26214,12032,,
26215,12032,,
26216,12032,,
26217,12032,,
26218,12032,,
26219,12032,,
26220,12032,,
26221,12032,,
26222,12032,,
26223,12032,,
26224,12032,,
26225,12032,,
26226,12032,,
26227,12032,,
26228,12032,,
26229,12032,,
26230,12032,,
26231,12032,,
26232,12032,,
26233,12032,,
26234,12032,,
26235,12032,,
26236,12032,,
26237,12032,,
26238,12032,,
26239,12032,,
26240,12032,,
26241,12032,,
26242,12032,,
26243,12032,,
26244,12032,,
26245,12032,,
26246,12032,,
26247,12032,,
26248,12032,,
26249,12032,,
26250,12032,,
26251,12032,,
26252,12032,,
26253,12032,,
26254,12032,,
26255,12032,,
26256,12032,,
26257,12032,,
26258,12032,,
26259,12032,,
26260,12032,,
26261,12032,,
26262,12032,,
26263,12032,,
26264,12032,,
26265,12032,,
26266,12032,,
26267,12032,,
26268,12032,,
26269,12032,,
26270,12032,,
26271,12032,,
26272,12032,,
26273,12032,,
26274,12032,,
26275,12032,,
26276,12032,,
26277,12032,,
26278,12032,,
26279,12032,,
26280,12032,,
26281,12032,,
26282,12032,,
26283,12032,,
26284,12032,,
26285,12032,,
26286,12032,,
26287,12032,,
26288,12032,,
26289,12032,,
26290,12032,,
26291,12032,,
26292,12032,,
26293,12032,,
26294,12032,,
26295,12032,,
26296,12032,,
26297,12032,,
26298,12032,,
26299,12032,,
26300,12032,,
26301,12032,,
26302,12032,,
26303,12032,,
26304,12032,,
26305,12032,,
26306,12032,,
26307,12032,,
26308,12032,,
26309,12032,,
26310,12032,,
26311,12032,,
26312,12032,,
26313,12032,,
26314,12032,,
26315,12032,,
26316,12032,,
26317,12032,,
26318,12032,,
26319,12032,,
26320,12032,,
26321,12032,,
26322,12032,,
26323,12032,,
26324,12032,,
26325,12032,,
26326,12032,,
26327,12032,,
26328,12032,,
26329,12032,,
26330,12032,,
26331,12032,,
26332,12032,,
26333,12032,,
26334,12032,,
26335,12032,,
26336,12032,,
26337,12032,,
26338,12032,,
26339,12032,,
26340,12032,,
26341,12032,,
26342,12032,,
26343,12032,,
26344,12032,,
26345,12032,,
26346,12032,,
26347,12032,,
26348,12032,,
26349,12032,,
26350,12032,,
26351,12032,,
26352,12032,,
26353,12032,,
26354,12032,,
26355,12032,,
26356,12032,,
26357,12032,,
26358,12032,,
26359,12032,,
26360,12032,,
26361,12032,,
26362,12032,,
26363,12032,,
26364,12032,,
26365,12032,,
26366,12032,,
26367,12032,,
26368,12032,,
26369,12032,,
26370,12032,,
26371,12032,,
26372,12032,,
26373,12032,,
26374,12032,,
26375,12032,,
26376,12032,,
26377,12032,,
26378,12032,,
26379,12032,,
26380,12032,,
26381,12032,,
26382,12032,,
26383,12032,,
26384,12032,,
26385,12032,,
26386,12032,,
26387,12032,,
26388,12032,,
26389,12032,,
26390,12032,,
26391,12032,,
26392,12032,,
26393,12032,,
26394,12032,,
26395,12032,,
26396,12032,,
26397,12032,,
26398,12032,,
26399,12032,,
26400,12032,,
26401,12032,,
26402,12032,,
26403,12032,,
26404,12032,,
26405,12032,,
26406,12032,,
26407,12032,,
26408,12032,,
26409,12032,,
26410,12032,,
26411,12032,,
26412,12032,,
26413,12032,,
26414,12032,,
26415,12032,,
26416,12032,,
26417,12032,,
26418,12032,,
26419,12032,,
26420,12032,,
26421,12032,,
26422,12032,,
26423,12032,,
26424,12032,,
26425,12032,,
26426,12032,,
26427,12032,,
26428,12032,,
26429,12032,,
26430,12032,,
26431,12032,,
26432,12032,,
26433,12032,,
26434,12032,,
26435,12032,,
26436,12032,,
26437,12032,,
26438,12032,,
26439,12032,,
26440,12032,,
26441,12032,,
26442,12032,,
26443,12032,,
26444,12032,,
26445,12032,,
26446,12032,,
26447,12032,,
26448,12032,,
26449,12032,,
26450,12032,,
26451,12032,,
26452,12032,,
26453,12032,,
26454,12032,,
26455,12032,,
26456,12032,,
26457,12032,,
26458,12032,,
26459,12032,,
26460,12032,,
26461,12032,,
26462,12032,,
26463,12032,,
26464,12032,,
26465,12032,,
26466,12032,,
26467,12032,,
26468,12032,,
26469,12032,,
26470,12032,,
26471,12032,,
26472,12032,,
26473,12032,,
26474,12032,,
26475,12032,,
26476,12032,,
26477,12032,,
26478,12032,,
26479,12032,,
26480,12032,,
26481,12032,,
26482,12032,,
26483,12032,,
26484,12032,,
26485,12032,,
26486,12032,,
26487,12032,,
26488,12032,,
26489,12032,,
26490,12032,,
26491,12032,,
26492,12032,,
26493,12032,,
26494,12032,,
26495,12032,,
26496,12032,,
26497,12032,,
26498,12032,,
26499,12032,,
26500,12032,,
26501,12032,,
26502,12032,,
26503,12032,,
26504,12032,,
26505,12032,,
26506,12032,,
26507,12032,,
26508,12032,,
26509,12032,,
26510,12032,,
26511,12032,,
26512,12032,,
26513,12032,,
26514,12032,,
26515,12032,,
26516,12032,,
26517,12032,,
26518,12032,,
26519,12032,,
26520,12032,,
26521,12032,,
26522,12032,,
26523,12032,,
26524,12032,,
26525,12032,,
26526,12032,,
26527,12032,,
26528,12032,,
26529,12032,,
26530,12032,,
26531,12032,,
26532,12032,,
26533,12032,,
26534,12032,,
26535,12032,,
26536,12032,,
26537,12032,,
26538,12032,,
26539,12032,,
26540,12032,,
26541,12032,,
26542,12032,,
26543,12032,,
26544,12032,,
26545,12032,,
26546,12032,,
26547,12032,,
26548,12032,,
26549,12032,,
26550,12032,,
26551,12032,,
26552,12032,,
26553,12032,,
26554,12032,,
26555,12032,,
26556,12032,,
26557,12032,,
26558,12032,,
26559,12032,,
26560,12032,,
26561,12032,,
26562,12032,,
26563,12032,,
26564,12032,,
26565,12032,,
26566,12032,,
26567,12032,,
26568,12032,,
26569,12032,,
26570,12032,,
26571,12032,,
26572,12032,,
26573,12032,,
26574,12032,,
26575,12032,,
26576,12032,,
26577,12032,,
26578,12032,,
26579,12032,,
26580,12032,,
26581,12032,,
26582,12032,,
26583,12032,,
26584,12032,,
26585,12032,,
26586,12032,,
26587,12032,,
26588,12032,,
26589,12032,,
26590,12032,,
26591,12032,,
26592,12032,,
26593,12032,,
26594,12032,,
26595,12032,,
26596,12032,,
26597,12032,,
26598,12032,,
26599,12032,,
26600,12032,,
26601,12032,,
26602,12032,,
26603,12032,,
26604,12032,,
26605,12032,,
26606,12032,,
26607,12032,,
26608,12032,,
26609,12032,,
26610,12032,,
26611,12032,,
26612,12032,,
26613,12032,,
26614,12032,,
26615,12032,,
26616,12032,,
26617,12032,,
26618,12032,,
26619,12032,,
26620,12032,,
26621,12032,,
26622,12032,,
26623,12032,,
26624,12032,,
26625,12032,,
26626,12032,,
26627,12032,,
26628,12032,,
26629,12032,,
26630,12032,,
26631,12032,,
26632,12032,,
26633,12032,,
26634,12032,,
26635,12032,,
26636,12032,,
26637,12032,,
26638,12032,,
26639,12032,,
26640,12032,,
26641,12032,,
26642,12032,,
26643,12032,,
26644,12032,,
26645,12032,,
26646,12032,,
26647,12032,,
26648,12032,,
26649,12032,,
26650,12032,,
26651,12032,,
26652,12032,,
26653,12032,,
26654,12032,,
26655,12032,,
26656,12032,,
26657,12032,,
26658,12032,,
26659,12032,,
26660,12032,,
26661,12032,,
26662,12032,,
26663,12032,,
26664,12032,,
26665,12032,,
26666,12032,,
26667,12032,,
26668,12032,,
26669,12032,,
26670,12032,,
26671,12032,,
26672,12032,,
26673,12032,,
26674,12032,,
26675,12032,,
26676,12032,,
26677,12032,,
26678,12032,,
26679,12032,,
26680,12032,,
26681,12032,,
26682,12032,,
26683,12032,,
26684,12032,,
26685,12032,,
26686,12032,,
26687,12032,,
26688,12032,,
26689,12032,,
26690,12032,,
26691,12032,,
26692,12032,,
26693,12032,,
26694,12032,,
26695,12032,,
26696,12032,,
26697,12032,,
26698,12032,,
26699,12032,,
26700,12032,,
26701,12032,,
26702,12032,,
26703,12032,,
26704,12032,,
26705,12032,,
26706,12032,,
26707,12032,,
26708,12032,,
26709,12032,,
26710,12032,,
26711,12032,,
26712,12032,,
26713,12032,,
26714,12032,,
26715,12032,,
26716,12032,,
26717,12032,,
26718,12032,,
26719,12032,,
26720,12032,,
26721,12032,,
26722,12032,,
26723,12032,,
26724,12032,,
26725,12032,,
26726,12032,,
26727,12032,,
26728,12032,,
26729,12032,,
26730,12032,,
26731,12032,,
26732,12032,,
26733,12032,,
26734,12032,,
26735,12032,,
26736,12032,,
26737,12032,,
26738,12032,,
26739,12032,,
26740,12032,,
26741,12032,,
26742,12032,,
26743,12032,,
26744,12032,,
26745,12032,,
26746,12032,,
26747,12032,,
26748,12032,,
26749,12032,,
26750,12032,,
26751,12032,,
26752,12032,,
26753,12032,,
26754,12032,,
26755,12032,,
26756,12032,,
26757,12032,,
26758,12032,,
26759,12032,,
26760,12032,,
26761,12032,,
26762,12032,,
26763,12032,,
26764,12032,,
26765,12032,,
26766,12032,,
26767,12032,,
26768,12032,,
26769,12032,,
26770,12032,,
26771,12032,,
26772,12032,,
26773,12032,,
26774,12032,,
26775,12032,,
26776,12032,,
26777,12032,,
26778,12032,,
26779,12032,,
26780,12032,,
26781,12032,,
26782,12032,,
26783,12032,,
26784,12032,,
26785,12032,,
26786,12032,,
26787,12032,,
26788,12032,,
26789,12032,,
26790,12032,,
26791,12032,,
26792,12032,,
26793,12032,,
26794,12032,,
26795,12032,,
26796,12032,,
26797,12032,,
26798,12032,,
26799,12032,,
26800,12032,,
26801,12032,,
26802,12032,,
26803,12032,,
26804,12032,,
26805,12032,,
26806,12032,,
26807,12032,,
26808,12032,,
26809,12032,,
26810,12032,,
26811,12032,,
26812,12032,,
26813,12032,,
26814,12032,,
26815,12032,,
26816,12032,,
26817,12032,,
26818,12032,,
26819,12032,,
26820,12032,,
26821,12032,,
26822,12032,,
26823,12032,,
26824,12032,,
26825,12032,,
26826,12032,,
26827,12032,,
26828,12032,,
26829,12032,,
26830,12032,,
26831,12032,,
26832,12032,,
26833,12032,,
26834,12032,,
26835,12032,,
26836,12032,,
26837,12032,,
26838,12032,,
26839,12032,,
26840,12032,,
26841,12032,,
26842,12032,,
26843,12032,,
26844,12032,,
26845,12032,,
26846,12032,,
26847,12032,,
26848,12032,,
26849,12032,,
26850,12032,,
26851,12032,,
26852,12032,,
26853,12032,,
26854,12032,,
26855,12032,,
26856,12032,,
26857,12032,,
26858,12032,,
26859,12032,,
26860,12032,,
26861,12032,,
26862,12032,,
26863,12032,,
26864,12032,,
26865,12032,,
26866,12032,,
26867,12032,,
26868,12032,,
26869,12032,,
26870,12032,,
26871,12032,,
26872,12032,,
26873,12032,,
26874,12032,,
26875,12032,,
26876,12032,,
26877,12032,,
26878,12032,,
26879,12032,,
26880,12032,,
26881,12032,,
26882,12032,,
26883,12032,,
26884,12032,,
26885,12032,,
26886,12032,,
26887,12032,,
26888,12032,,
26889,12032,,
26890,12032,,
26891,12032,,
26892,12032,,
26893,12032,,
26894,12032,,
26895,12032,,
26896,12032,,
26897,12032,,
26898,12032,,
26899,12032,,
26900,12032,,
26901,12032,,
26902,12032,,
26903,12032,,
26904,12032,,
26905,12032,,
26906,12032,,
26907,12032,,
26908,12032,,
26909,12032,,
26910,12032,,
26911,12032,,
26912,12032,,
26913,12032,,
26914,12032,,
26915,12032,,
26916,12032,,
26917,12032,,
26918,12032,,
26919,12032,,
26920,12032,,
26921,12032,,
26922,12032,,
26923,12032,,
26924,12032,,
26925,12032,,
26926,12032,,
26927,12032,,
26928,12032,,
26929,12032,,
26930,12032,,
26931,12032,,
26932,12032,,
26933,12032,,
26934,12032,,
26935,12032,,
26936,12032,,
26937,12032,,
26938,12032,,
26939,12032,,
26940,12032,,
26941,12032,,
26942,12032,,
26943,12032,,
26944,12032,,
26945,12032,,
26946,12032,,
26947,12032,,
26948,12032,,
26949,12032,,
26950,12032,,
26951,12032,,
26952,12032,,
26953,12032,,
26954,12032,,
26955,12032,,
26956,12032,,
26957,12032,,
26958,12032,,
26959,12032,,
26960,12032,,
26961,12032,,
26962,12032,,
26963,12032,,
26964,12032,,
26965,12032,,
26966,12032,,
26967,12032,,
26968,12032,,
26969,12032,,
26970,12032,,
26971,12032,,
26972,12032,,
26973,12032,,
26974,12032,,
26975,12032,,
26976,12032,,
26977,12032,,
26978,12032,,
26979,12032,,
26980,12032,,
26981,12032,,
26982,12032,,
26983,12032,,
26984,12032,,
26985,12032,,
26986,12032,,
26987,12032,,
26988,12032,,
26989,12032,,
26990,12032,,
26991,12032,,
26992,12032,,
26993,12032,,
26994,12032,,
26995,12032,,
26996,12032,,
26997,12032,,
26998,12032,,
26999,12032,,
27000,12032,,
27001,12032,,
27002,12032,,
27003,12032,,
27004,12032,,
27005,12032,,
27006,12032,,
27007,12032,,
27008,12032,,
27009,12032,,
27010,12032,,
27011,12032,,
27012,12032,,
27013,12032,,
27014,12032,,
27015,12032,,
27016,12032,,
27017,12032,,
27018,12032,,
27019,12032,,
27020,12032,,
27021,12032,,
27022,12032,,
27023,12032,,
27024,12032,,
27025,12032,,
27026,12032,,
27027,12032,,
27028,12032,,
27029,12032,,
27030,12032,,
27031,12032,,
27032,12032,,
27033,12032,,
27034,12032,,
27035,12032,,
27036,12032,,
27037,12032,,
27038,12032,,
27039,12032,,
27040,12032,,
27041,12032,,
27042,12032,,
27043,12032,,
27044,12032,,
27045,12032,,
27046,12032,,
27047,12032,,
27048,12032,,
27049,12032,,
27050,12032,,
27051,12032,,
27052,12032,,
27053,12032,,
27054,12032,,
27055,12032,,
27056,12032,,
27057,12032,,
27058,12032,,
27059,12032,,
27060,12032,,
27061,12032,,
27062,12032,,
27063,12032,,
27064,12032,,
27065,12032,,
27066,12032,,
27067,12032,,
27068,12032,,
27069,12032,,
27070,12032,,
27071,12032,,
27072,12032,,
27073,12032,,
27074,12032,,
27075,12032,,
27076,12032,,
27077,12032,,
27078,12032,,
27079,12032,,
27080,12032,,
27081,12032,,
27082,12032,,
27083,12032,,
27084,12032,,
27085,12032,,
27086,12032,,
27087,12032,,
27088,12032,,
27089,12032,,
27090,12032,,
27091,12032,,
27092,12032,,
27093,12032,,
27094,12032,,
27095,12032,,
27096,12032,,
27097,12032,,
27098,12032,,
27099,12032,,
27100,12032,,
27101,12032,,
27102,12032,,
27103,12032,,
27104,12032,,
27105,12032,,
27106,12032,,
27107,12032,,
27108,12032,,
27109,12032,,
27110,12032,,
27111,12032,,
27112,12032,,
27113,12032,,
27114,12032,,
27115,12032,,
27116,12032,,
27117,12032,,
27118,12032,,
27119,12032,,
27120,12032,,
27121,12032,,
27122,12032,,
27123,12032,,
27124,12032,,
27125,12032,,
27126,12032,,
27127,12032,,
27128,12032,,
27129,12032,,
27130,12032,,
27131,12032,,
27132,12032,,
27133,12032,,
27134,12032,,
27135,12032,,
27136,12032,,
27137,12032,,
27138,12032,,
27139,12032,,
27140,12032,,
27141,12032,,
27142,12032,,
27143,12032,,
27144,12032,,
27145,12032,,
27146,12032,,
27147,12032,,
27148,12032,,
27149,12032,,
27150,12032,,
27151,12032,,
27152,12032,,
27153,12032,,
27154,12032,,
27155,12032,,
27156,12032,,
27157,12032,,
27158,12032,,
27159,12032,,
27160,12032,,
27161,12032,,
27162,12032,,
27163,12032,,
27164,12032,,
27165,12032,,
27166,12032,,
27167,12032,,
27168,12032,,
27169,12032,,
27170,12032,,
27171,12032,,
27172,12032,,
27173,12032,,
27174,12032,,
27175,12032,,
27176,12032,,
27177,12032,,
27178,12032,,
27179,12032,,
27180,12032,,
27181,12032,,
27182,12032,,
27183,12032,,
27184,12032,,
27185,12032,,
27186,12032,,
27187,12032,,
27188,12032,,
27189,12032,,
27190,12032,,
27191,12032,,
27192,12032,,
27193,12032,,
27194,12032,,
27195,12032,,
27196,12032,,
27197,12032,,
27198,12032,,
27199,12032,,
27200,12032,,
27201,12032,,
27202,12032,,
27203,12032,,
27204,12032,,
27205,12032,,
27206,12032,,
27207,12032,,
27208,12032,,
27209,12032,,
27210,12032,,
27211,12032,,
27212,12032,,
27213,12032,,
27214,12032,,
27215,12032,,
27216,12032,,
27217,12032,,
27218,12032,,
27219,12032,,
27220,12032,,
27221,12032,,
27222,12032,,
27223,12032,,
27224,12032,,
27225,12032,,
27226,12032,,
27227,12032,,
27228,12032,,
27229,12032,,
27230,12032,,
27231,12032,,
27232,12032,,
27233,12032,,
27234,12032,,
27235,12032,,
27236,12032,,
27237,12032,,
27238,12032,,
27239,12032,,
27240,12032,,
27241,12032,,
27242,12032,,
27243,12032,,
27244,12032,,
27245,12032,,
27246,12032,,
27247,12032,,
27248,12032,,
27249,12032,,
27250,12032,,
27251,12032,,
27252,12032,,
27253,12032,,
27254,12032,,
27255,12032,,
27256,12032,,
27257,12032,,
27258,12032,,
27259,12032,,
27260,12032,,
27261,12032,,
27262,12032,,
27263,12032,,
27264,12032,,
27265,12032,,
27266,12032,,
27267,12032,,
27268,12032,,
27269,12032,,
27270,12032,,
27271,12032,,
27272,12032,,
27273,12032,,
27274,12032,,
27275,12032,,
27276,12032,,
27277,12032,,
27278,12032,,
27279,12032,,
27280,12032,,
27281,12032,,
27282,12032,,
27283,12032,,
27284,12032,,
27285,12032,,
27286,12032,,
27287,12032,,
27288,12032,,
27289,12032,,
27290,12032,,
27291,12032,,
27292,12032,,
27293,12032,,
27294,12032,,
27295,12032,,
27296,12032,,
27297,12032,,
27298,12032,,
27299,12032,,
27300,12032,,
27301,12032,,
27302,12032,,
27303,12032,,
27304,12032,,
27305,12032,,
27306,12032,,
27307,12032,,
27308,12032,,
27309,12032,,
27310,12032,,
27311,12032,,
27312,12032,,
27313,12032,,
27314,12032,,
27315,12032,,
27316,12032,,
27317,12032,,
27318,12032,,
27319,12032,,
27320,12032,,
27321,12032,,
27322,12032,,
27323,12032,,
27324,12032,,
27325,12032,,
27326,12032,,
27327,12032,,
27328,12032,,
27329,12032,,
27330,12032,,
27331,12032,,
27332,12032,,
27333,12032,,
27334,12032,,
27335,12032,,
27336,12032,,
27337,12032,,
27338,12032,,
27339,12032,,
27340,12032,,
27341,12032,,
27342,12032,,
27343,12032,,
27344,12032,,
27345,12032,,
27346,12032,,
27347,12032,,
27348,12032,,
27349,12032,,
27350,12032,,
27351,12032,,
27352,12032,,
27353,12032,,
27354,12032,,
27355,12032,,
27356,12032,,
27357,12032,,
27358,12032,,
27359,12032,,
27360,12032,,
27361,12032,,
27362,12032,,
27363,12032,,
27364,12032,,
27365,12032,,
27366,12032,,
27367,12032,,
27368,12032,,
27369,12032,,
27370,12032,,
27371,12032,,
27372,12032,,
27373,12032,,
27374,12032,,
27375,12032,,
27376,12032,,
27377,12032,,
27378,12032,,
27379,12032,,
27380,12032,,
27381,12032,,
27382,12032,,
27383,12032,,
27384,12032,,
27385,12032,,
27386,12032,,
27387,12032,,
27388,12032,,
27389,12032,,
27390,12032,,
27391,12032,,
27392,12032,,
27393,12032,,
27394,12032,,
27395,12032,,
27396,12032,,
27397,12032,,
27398,12032,,
27399,12032,,
27400,12032,,
27401,12032,,
27402,12032,,
27403,12032,,
27404,12032,,
27405,12032,,
27406,12032,,
27407,12032,,
27408,12032,,
27409,12032,,
27410,12032,,
27411,12032,,
27412,12032,,
27413,12032,,
27414,12032,,
27415,12032,,
27416,12032,,
27417,12032,,
27418,12032,,
27419,12032,,
27420,12032,,
27421,12032,,
27422,12032,,
27423,12032,,
27424,12032,,
27425,12032,,
27426,12032,,
27427,12032,,
27428,12032,,
27429,12032,,
27430,12032,,
27431,12032,,
27432,12032,,
27433,12032,,
27434,12032,,
27435,12032,,
27436,12032,,
27437,12032,,
27438,12032,,
27439,12032,,
27440,12032,,
27441,12032,,
27442,12032,,
27443,12032,,
27444,12032,,
27445,12032,,
27446,12032,,
27447,12032,,
27448,12032,,
27449,12032,,
27450,12032,,
27451,12032,,
27452,12032,,
27453,12032,,
27454,12032,,
27455,12032,,
27456,12032,,
27457,12032,,
27458,12032,,
27459,12032,,
27460,12032,,
27461,12032,,
27462,12032,,
27463,12032,,
27464,12032,,
27465,12032,,
27466,12032,,
27467,12032,,
27468,12032,,
27469,12032,,
27470,12032,,
27471,12032,,
27472,12032,,
27473,12032,,
27474,12032,,
27475,12032,,
27476,12032,,
27477,12032,,
27478,12032,,
27479,12032,,
27480,12032,,
27481,12032,,
27482,12032,,
27483,12032,,
27484,12032,,
27485,12032,,
27486,12032,,
27487,12032,,
27488,12032,,
27489,12032,,
27490,12032,,
27491,12032,,
27492,12032,,
27493,12032,,
27494,12032,,
27495,12032,,
27496,12032,,
27497,12032,,
27498,12032,,
27499,12032,,
27500,12032,,
27501,12032,,
27502,12032,,
27503,12032,,
27504,12032,,
27505,12032,,
27506,12032,,
27507,12032,,
27508,12032,,
27509,12032,,
27510,12032,,
27511,12032,,
27512,12032,,
27513,12032,,
27514,12032,,
27515,12032,,
27516,12032,,
27517,12032,,
27518,12032,,
27519,12032,,
27520,12032,,
27521,12032,,
27522,12032,,
27523,12032,,
27524,12032,,
27525,12032,,
27526,12032,,
27527,12032,,
27528,12032,,
27529,12032,,
27530,12032,,
27531,12032,,
27532,12032,,
27533,12032,,
27534,12032,,
27535,12032,,
27536,12032,,
27537,12032,,
27538,12032,,
27539,12032,,
27540,12032,,
27541,12032,,
27542,12032,,
27543,12032,,
27544,12032,,
27545,12032,,
27546,12032,,
27547,12032,,
27548,12032,,
27549,12032,,
27550,12032,,
27551,12032,,
27552,12032,,
27553,12032,,
27554,12032,,
27555,12032,,
27556,12032,,
27557,12032,,
27558,12032,,
27559,12032,,
27560,12032,,
27561,12032,,
27562,12032,,
27563,12032,,
27564,12032,,
27565,12032,,
27566,12032,,
27567,12032,,
27568,12032,,
27569,12032,,
27570,12032,,
27571,12032,,
27572,12032,,
27573,12032,,
27574,12032,,
27575,12032,,
27576,12032,,
27577,12032,,
27578,12032,,
27579,12032,,
27580,12032,,
27581,12032,,
27582,12032,,
27583,12032,,
27584,12032,,
27585,12032,,
27586,12032,,
27587,12032,,
27588,12032,,
27589,12032,,
27590,12032,,
27591,12032,,
27592,12032,,
27593,12032,,
27594,12032,,
27595,12032,,
27596,12032,,
27597,12032,,
27598,12032,,
27599,12032,,
27600,12032,,
27601,12032,,
27602,12032,,
27603,12032,,
27604,12032,,
27605,12032,,
27606,12032,,
27607,12032,,
27608,12032,,
27609,12032,,
27610,12032,,
27611,12032,,
27612,12032,,
27613,12032,,
27614,12032,,
27615,12032,,
27616,12032,,
27617,12032,,
27618,12032,,
27619,12032,,
27620,12032,,
27621,12032,,
27622,12032,,
27623,12032,,
27624,12032,,
27625,12032,,
27626,12032,,
27627,12032,,
27628,12032,,
27629,12032,,
27630,12032,,
27631,12032,,
27632,12032,,
27633,12032,,
27634,12032,,
27635,12032,,
27636,12032,,
27637,12032,,
27638,12032,,
27639,12032,,
27640,12032,,
27641,12032,,
27642,12032,,
27643,12032,,
27644,12032,,
27645,12032,,
27646,12032,,
27647,12032,,
27648,12032,,
27649,12032,,
27650,12032,,
27651,12032,,
27652,12032,,
27653,12032,,
27654,12032,,
27655,12032,,
27656,12032,,
27657,12032,,
27658,12032,,
27659,12032,,
27660,12032,,
27661,12032,,
27662,12032,,
27663,12032,,
27664,12032,,
27665,12032,,
27666,12032,,
27667,12032,,
27668,12032,,
27669,12032,,
27670,12032,,
27671,12032,,
27672,12032,,
27673,12032,,
27674,12032,,
27675,12032,,
27676,12032,,
27677,12032,,
27678,12032,,
27679,12032,,
27680,12032,,
27681,12032,,
27682,12032,,
27683,12032,,
27684,12032,,
27685,12032,,
27686,12032,,
27687,12032,,
27688,12032,,
27689,12032,,
27690,12032,,
27691,12032,,
27692,12032,,
27693,12032,,
27694,12032,,
27695,12032,,
27696,12032,,
27697,12032,,
27698,12032,,
27699,12032,,
27700,12032,,
27701,12032,,
27702,12032,,
27703,12032,,
27704,12032,,
27705,12032,,
27706,12032,,
27707,12032,,
27708,12032,,
27709,12032,,
27710,12032,,
27711,12032,,
27712,12032,,
27713,12032,,
27714,12032,,
27715,12032,,
27716,12032,,
27717,12032,,
27718,12032,,
27719,12032,,
27720,12032,,
27721,12032,,
27722,12032,,
27723,12032,,
27724,12032,,
27725,12032,,
27726,12032,,
27727,12032,,
27728,12032,,
27729,12032,,
27730,12032,,
27731,12032,,
27732,12032,,
27733,12032,,
27734,12032,,
27735,12032,,
27736,12032,,
27737,12032,,
27738,12032,,
27739,12032,,
27740,12032,,
27741,12032,,
27742,12032,,
27743,12032,,
27744,12032,,
27745,12032,,
27746,12032,,
27747,12032,,
27748,12032,,
27749,12032,,
27750,12032,,
27751,12032,,
27752,12032,,
27753,12032,,
27754,12032,,
27755,12032,,
27756,12032,,
27757,12032,,
27758,12032,,
27759,12032,,
27760,12032,,
27761,12032,,
27762,12032,,
27763,12032,,
27764,12032,,
27765,12032,,
27766,12032,,
27767,12032,,
27768,12032,,
27769,12032,,
27770,12032,,
27771,12032,,
27772,12032,,
27773,12032,,
27774,12032,,
27775,12032,,
27776,12032,,
27777,12032,,
27778,12032,,
27779,12032,,
27780,12032,,
27781,12032,,
27782,12032,,
27783,12032,,
27784,12032,,
27785,12032,,
27786,12032,,
27787,12032,,
27788,12032,,
27789,12032,,
27790,12032,,
27791,12032,,
27792,12032,,
27793,12032,,
27794,12032,,
27795,12032,,
27796,12032,,
27797,12032,,
27798,12032,,
27799,12032,,
27800,12032,,
27801,12032,,
27802,12032,,
27803,12032,,
27804,12032,,
27805,12032,,
27806,12032,,
27807,12032,,
27808,12032,,
27809,12032,,
27810,12032,,
27811,12032,,
27812,12032,,
27813,12032,,
27814,12032,,
27815,12032,,
27816,12032,,
27817,12032,,
27818,12032,,
27819,12032,,
27820,12032,,
27821,12032,,
27822,12032,,
27823,12032,,
27824,12032,,
27825,12032,,
27826,12032,,
27827,12032,,
27828,12032,,
27829,12032,,
27830,12032,,
27831,12032,,
27832,12032,,
27833,12032,,
27834,12032,,
27835,12032,,
27836,12032,,
27837,12032,,
27838,12032,,
27839,12032,,
27840,12032,,
27841,12032,,
27842,12032,,
27843,12032,,
27844,12032,,
27845,12032,,
27846,12032,,
27847,12032,,
27848,12032,,
27849,12032,,
27850,12032,,
27851,12032,,
27852,12032,,
27853,12032,,
27854,12032,,
27855,12032,,
27856,12032,,
27857,12032,,
27858,12032,,
27859,12032,,
27860,12032,,
27861,12032,,
27862,12032,,
27863,12032,,
27864,12032,,
27865,12032,,
27866,12032,,
27867,12032,,
27868,12032,,
27869,12032,,
27870,12032,,
27871,12032,,
27872,12032,,
27873,12032,,
27874,12032,,
27875,12032,,
27876,12032,,
27877,12032,,
27878,12032,,
27879,12032,,
27880,12032,,
27881,12032,,
27882,12032,,
27883,12032,,
27884,12032,,
27885,12032,,
27886,12032,,
27887,12032,,
27888,12032,,
27889,12032,,
27890,12032,,
27891,12032,,
27892,12032,,
27893,12032,,
27894,12032,,
27895,12032,,
27896,12032,,
27897,12032,,
27898,12032,,
27899,12032,,
27900,12032,,
27901,12032,,
27902,12032,,
27903,12032,,
27904,12032,,
27905,12032,,
27906,12032,,
27907,12032,,
27908,12032,,
27909,12032,,
27910,12032,,
27911,12032,,
27912,12032,,
27913,12032,,
27914,12032,,
27915,12032,,
27916,12032,,
27917,12032,,
27918,12032,,
27919,12032,,
27920,12032,,
27921,12032,,
27922,12032,,
27923,12032,,
27924,12032,,
27925,12032,,
27926,12032,,
27927,12032,,
27928,12032,,
27929,12032,,
27930,12032,,
27931,12032,,
27932,12032,,
27933,12032,,
27934,12032,,
27935,12032,,
27936,12032,,
27937,12032,,
27938,12032,,
27939,12032,,
27940,12032,,
27941,12032,,
27942,12032,,
27943,12032,,
27944,12032,,
27945,12032,,
27946,12032,,
27947,12032,,
27948,12032,,
27949,12032,,
27950,12032,,
27951,12032,,
27952,12032,,
27953,12032,,
27954,12032,,
27955,12032,,
27956,12032,,
27957,12032,,
27958,12032,,
27959,12032,,
27960,12032,,
27961,12032,,
27962,12032,,
27963,12032,,
27964,12032,,
27965,12032,,
27966,12032,,
27967,12032,,
27968,12032,,
27969,12032,,
27970,12032,,
27971,12032,,
27972,12032,,
27973,12032,,
27974,12032,,
27975,12032,,
27976,12032,,
27977,12032,,
27978,12032,,
27979,12032,,
27980,12032,,
27981,12032,,
27982,12032,,
27983,12032,,
27984,12032,,
27985,12032,,
27986,12032,,
27987,12032,,
27988,12032,,
27989,12032,,
27990,12032,,
27991,12032,,
27992,12032,,
27993,12032,,
27994,12032,,
27995,12032,,
27996,12032,,
27997,12032,,
27998,12032,,
27999,12032,,
28000,12032,,
28001,12032,,
28002,12032,,
28003,12032,,
28004,12032,,
28005,12032,,
28006,12032,,
28007,12032,,
28008,12032,,
28009,12032,,
28010,12032,,
28011,12032,,
28012,12032,,
28013,12032,,
28014,12032,,
28015,12032,,
28016,12032,,
28017,12032,,
28018,12032,,
28019,12032,,
28020,12032,,
28021,12032,,
28022,12032,,
28023,12032,,
28024,12032,,
28025,12032,,
28026,12032,,
28027,12032,,
28028,12032,,
28029,12032,,
28030,12032,,
28031,12032,,
28032,12032,,
28033,12032,,
28034,12032,,
28035,12032,,
28036,12032,,
28037,12032,,
28038,12032,,
28039,12032,,
28040,12032,,
28041,12032,,
28042,12032,,
28043,12032,,
28044,12032,,
28045,12032,,
28046,12032,,
28047,12032,,
28048,12032,,
28049,12032,,
28050,12032,,
28051,12032,,
28052,12032,,
28053,12032,,
28054,12032,,
28055,12032,,
28056,12032,,
28057,12032,,
28058,12032,,
28059,12032,,
28060,12032,,
28061,12032,,
28062,12032,,
28063,12032,,
28064,12032,,
28065,12032,,
28066,12032,,
28067,12032,,
28068,12032,,
28069,12032,,
28070,12032,,
28071,12032,,
28072,12032,,
28073,12032,,
28074,12032,,
28075,12032,,
28076,12032,,
28077,12032,,
28078,12032,,
28079,12032,,
28080,12032,,
28081,12032,,
28082,12032,,
28083,12032,,
28084,12032,,
28085,12032,,
28086,12032,,
28087,12032,,
28088,12032,,
28089,12032,,
28090,12032,,
28091,12032,,
28092,12032,,
28093,12032,,
28094,12032,,
28095,12032,,
28096,12032,,
28097,12032,,
28098,12032,,
28099,12032,,
28100,12032,,
28101,12032,,
28102,12032,,
28103,12032,,
28104,12032,,
28105,12032,,
28106,12032,,
28107,12032,,
28108,12032,,
28109,12032,,
28110,12032,,
28111,12032,,
28112,12032,,
28113,12032,,
28114,12032,,
28115,12032,,
28116,12032,,
28117,12032,,
28118,12032,,
28119,12032,,
28120,12032,,
28121,12032,,
28122,12032,,
28123,12032,,
28124,12032,,
28125,12032,,
28126,12032,,
28127,12032,,
28128,12032,,
28129,12032,,
28130,12032,,
28131,12032,,
28132,12032,,
28133,12032,,
28134,12032,,
28135,12032,,
28136,12032,,
28137,12032,,
28138,12032,,
28139,12032,,
28140,12032,,
28141,12032,,
28142,12032,,
28143,12032,,
28144,12032,,
28145,12032,,
28146,12032,,
28147,12032,,
28148,12032,,
28149,12032,,
28150,12032,,
28151,12032,,
28152,12032,,
28153,12032,,
28154,12032,,
28155,12032,,
28156,12032,,
28157,12032,,
28158,12032,,
28159,12032,,
28160,12032,,
28161,12032,,
28162,12032,,
28163,12032,,
28164,12032,,
28165,12032,,
28166,12032,,
28167,12032,,
28168,12032,,
28169,12032,,
28170,12032,,
28171,12032,,
28172,12032,,
28173,12032,,
28174,12032,,
28175,12032,,
28176,12032,,
28177,12032,,
28178,12032,,
28179,12032,,
28180,12032,,
28181,12032,,
28182,12032,,
28183,12032,,
28184,12032,,
28185,12032,,
28186,12032,,
28187,12032,,
28188,12032,,
28189,12032,,
28190,12032,,
28191,12032,,
28192,12032,,
28193,12032,,
28194,12032,,
28195,12032,,
28196,12032,,
28197,12032,,
28198,12032,,
28199,12032,,
28200,12032,,
28201,12032,,
28202,12032,,
28203,12032,,
28204,12032,,
28205,12032,,
28206,12032,,
28207,12032,,
28208,12032,,
28209,12032,,
28210,12032,,
28211,12032,,
28212,12032,,
28213,12032,,
28214,12032,,
28215,12032,,
28216,12032,,
28217,12032,,
28218,12032,,
28219,12032,,
28220,12032,,
28221,12032,,
28222,12032,,
28223,12032,,
28224,12032,,
28225,12032,,
28226,12032,,
28227,12032,,
28228,12032,,
28229,12032,,
28230,12032,,
28231,12032,,
28232,12032,,
28233,12032,,
28234,12032,,
28235,12032,,
28236,12032,,
28237,12032,,
28238,12032,,
28239,12032,,
28240,12032,,
28241,12032,,
28242,12032,,
28243,12032,,
28244,12032,,
28245,12032,,
28246,12032,,
28247,12032,,
28248,12032,,
28249,12032,,
28250,12032,,
28251,12032,,
28252,12032,,
28253,12032,,
28254,12032,,
28255,12032,,
28256,12032,,
28257,12032,,
28258,12032,,
28259,12032,,
28260,12032,,
28261,12032,,
28262,12032,,
28263,12032,,
28264,12032,,
28265,12032,,
28266,12032,,
28267,12032,,
28268,12032,,
28269,12032,,
28270,12032,,
28271,12032,,
28272,12032,,
28273,12032,,
28274,12032,,
28275,12032,,
28276,12032,,
28277,12032,,
28278,12032,,
28279,12032,,
28280,12032,,
28281,12032,,
28282,12032,,
28283,12032,,
28284,12032,,
28285,12032,,
28286,12032,,
28287,12032,,
28288,12032,,
28289,12032,,
28290,12032,,
28291,12032,,
28292,12032,,
28293,12032,,
28294,12032,,
28295,12032,,
28296,12032,,
28297,12032,,
28298,12032,,
28299,12032,,
28300,12032,,
28301,12032,,
28302,12032,,
28303,12032,,
28304,12032,,
28305,12032,,
28306,12032,,
28307,12032,,
28308,12032,,
28309,12032,,
28310,12032,,
28311,12032,,
28312,12032,,
28313,12032,,
28314,12032,,
28315,12032,,
28316,12032,,
28317,12032,,
28318,12032,,
28319,12032,,
28320,12032,,
28321,12032,,
28322,12032,,
28323,12032,,
28324,12032,,
28325,12032,,
28326,12032,,
28327,12032,,
28328,12032,,
28329,12032,,
28330,12032,,
28331,12032,,
28332,12032,,
28333,12032,,
28334,12032,,
28335,12032,,
28336,12032,,
28337,12032,,
28338,12032,,
28339,12032,,
28340,12032,,
28341,12032,,
28342,12032,,
28343,12032,,
28344,12032,,
28345,12032,,
28346,12032,,
28347,12032,,
28348,12032,,
28349,12032,,
28350,12032,,
28351,12032,,
28352,12032,,
28353,12032,,
28354,12032,,
28355,12032,,
28356,12032,,
28357,12032,,
28358,12032,,
28359,12032,,
28360,12032,,
28361,12032,,
28362,12032,,
28363,12032,,
28364,12032,,
28365,12032,,
28366,12032,,
28367,12032,,
28368,12032,,
28369,12032,,
28370,12032,,
28371,12032,,
28372,12032,,
28373,12032,,
28374,12032,,
28375,12032,,
28376,12032,,
28377,12032,,
28378,12032,,
28379,12032,,
28380,12032,,
28381,12032,,
28382,12032,,
28383,12032,,
28384,12032,,
28385,12032,,
28386,12032,,
28387,12032,,
28388,12032,,
28389,12032,,
28390,12032,,
28391,12032,,
28392,12032,,
28393,12032,,
28394,12032,,
28395,12032,,
28396,12032,,
28397,12032,,
28398,12032,,
28399,12032,,
28400,12032,,
28401,12032,,
28402,12032,,
28403,12032,,
28404,12032,,
28405,12032,,
28406,12032,,
28407,12032,,
28408,12032,,
28409,12032,,
28410,12032,,
28411,12032,,
28412,12032,,
28413,12032,,
28414,12032,,
28415,12032,,
28416,12032,,
28417,12032,,
28418,12032,,
28419,12032,,
28420,12032,,
28421,12032,,
28422,12032,,
28423,12032,,
28424,12032,,
28425,12032,,
28426,12032,,
28427,12032,,
28428,12032,,
28429,12032,,
28430,12032,,
28431,12032,,
28432,12032,,
28433,12032,,
28434,12032,,
28435,12032,,
28436,12032,,
28437,12032,,
28438,12032,,
28439,12032,,
28440,12032,,
28441,12032,,
28442,12032,,
28443,12032,,
28444,12032,,
28445,12032,,
28446,12032,,
28447,12032,,
28448,12032,,
28449,12032,,
28450,12032,,
28451,12032,,
28452,12032,,
28453,12032,,
28454,12032,,
28455,12032,,
28456,12032,,
28457,12032,,
28458,12032,,
28459,12032,,
28460,12032,,
28461,12032,,
28462,12032,,
28463,12032,,
28464,12032,,
28465,12032,,
28466,12032,,
28467,12032,,
28468,12032,,
28469,12032,,
28470,12032,,
28471,12032,,
28472,12032,,
28473,12032,,
28474,12032,,
28475,12032,,
28476,12032,,
28477,12032,,
28478,12032,,
28479,12032,,
28480,12032,,
28481,12032,,
28482,12032,,
28483,12032,,
28484,12032,,
28485,12032,,
28486,12032,,
28487,12032,,
28488,12032,,
28489,12032,,
28490,12032,,
28491,12032,,
28492,12032,,
28493,12032,,
28494,12032,,
28495,12032,,
28496,12032,,
28497,12032,,
28498,12032,,
28499,12032,,
28500,12032,,
28501,12032,,
28502,12032,,
28503,12032,,
28504,12032,,
28505,12032,,
28506,12032,,
28507,12032,,
28508,12032,,
28509,12032,,
28510,12032,,
28511,12032,,
28512,12032,,
28513,12032,,
28514,12032,,
28515,12032,,
28516,12032,,
28517,12032,,
28518,12032,,
28519,12032,,
28520,12032,,
28521,12032,,
28522,12032,,
28523,12032,,
28524,12032,,
28525,12032,,
28526,12032,,
28527,12032,,
28528,12032,,
28529,12032,,
28530,12032,,
28531,12032,,
28532,12032,,
28533,12032,,
28534,12032,,
28535,12032,,
28536,12032,,
28537,12032,,
28538,12032,,
28539,12032,,
28540,12032,,
28541,12032,,
28542,12032,,
28543,12032,,
28544,12032,,
28545,12032,,
28546,12032,,
28547,12032,,
28548,12032,,
28549,12032,,
28550,12032,,
28551,12032,,
28552,12032,,
28553,12032,,
28554,12032,,
28555,12032,,
28556,12032,,
28557,12032,,
28558,12032,,
28559,12032,,
28560,12032,,
28561,12032,,
28562,12032,,
28563,12032,,
28564,12032,,
28565,12032,,
28566,12032,,
28567,12032,,
28568,12032,,
28569,12032,,
28570,12032,,
28571,12032,,
28572,12032,,
28573,12032,,
28574,12032,,
28575,12032,,
28576,12032,,
28577,12032,,
28578,12032,,
28579,12032,,
28580,12032,,
28581,12032,,
28582,12032,,
28583,12032,,
28584,12032,,
28585,12032,,
28586,12032,,
28587,12032,,
28588,12032,,
28589,12032,,
28590,12032,,
28591,12032,,
28592,12032,,
28593,12032,,
28594,12032,,
28595,12032,,
28596,12032,,
28597,12032,,
28598,12032,,
28599,12032,,
28600,12032,,
28601,12032,,
28602,12032,,
28603,12032,,
28604,12032,,
28605,12032,,
28606,12032,,
28607,12032,,
28608,12032,,
28609,12032,,
28610,12032,,
28611,12032,,
28612,12032,,
28613,12032,,
28614,12032,,
28615,12032,,
28616,12032,,
28617,12032,,
28618,12032,,
28619,12032,,
28620,12032,,
28621,12032,,
28622,12032,,
28623,12032,,
28624,12032,,
28625,12032,,
28626,12032,,
28627,12032,,
28628,12032,,
28629,12032,,
28630,12032,,
28631,12032,,
28632,12032,,
28633,12032,,
28634,12032,,
28635,12032,,
28636,12032,,
28637,12032,,
28638,12032,,
28639,12032,,
28640,12032,,
28641,12032,,
28642,12032,,
28643,12032,,
28644,12032,,
28645,12032,,
28646,12032,,
28647,12032,,
28648,12032,,
28649,12032,,
28650,12032,,
28651,12032,,
28652,12032,,
28653,12032,,
28654,12032,,
28655,12032,,
28656,12032,,
28657,12032,,
28658,12032,,
28659,12032,,
28660,12032,,
28661,12032,,
28662,12032,,
28663,12032,,
28664,12032,,
28665,12032,,
28666,12032,,
28667,12032,,
28668,12032,,
28669,12032,,
28670,12032,,
28671,12032,,
28672,12032,,
28673,12032,,
28674,12032,,
28675,12032,,
28676,12032,,
28677,12032,,
28678,12032,,
28679,12032,,
28680,12032,,
28681,12032,,
28682,12032,,
28683,12032,,
28684,12032,,
28685,12032,,
28686,12032,,
28687,12032,,
28688,12032,,
28689,12032,,
28690,12032,,
28691,12032,,
28692,12032,,
28693,12032,,
28694,12032,,
28695,12032,,
28696,12032,,
28697,12032,,
28698,12032,,
28699,12032,,
28700,12032,,
28701,12032,,
28702,12032,,
28703,12032,,
28704,12032,,
28705,12032,,
28706,12032,,
28707,12032,,
28708,12032,,
28709,12032,,
28710,12032,,
28711,12032,,
28712,12032,,
28713,12032,,
28714,12032,,
28715,12032,,
28716,12032,,
28717,12032,,
28718,12032,,
28719,12032,,
28720,12032,,
28721,12032,,
28722,12032,,
28723,12032,,
28724,12032,,
28725,12032,,
28726,12032,,
28727,12032,,
28728,12032,,
28729,12032,,
28730,12032,,
28731,12032,,
28732,12032,,
28733,12032,,
28734,12032,,
28735,12032,,
28736,12032,,
28737,12032,,
28738,12032,,
28739,12032,,
28740,12032,,
28741,12032,,
28742,12032,,
28743,12032,,
28744,12032,,
28745,12032,,
28746,12032,,
28747,12032,,
28748,12032,,
28749,12032,,
28750,12032,,
28751,12032,,
28752,12032,,
28753,12032,,
28754,12032,,
28755,12032,,
28756,12032,,
28757,12032,,
28758,12032,,
28759,12032,,
28760,12032,,
28761,12032,,
28762,12032,,
28763,12032,,
28764,12032,,
28765,12032,,
28766,12032,,
28767,12032,,
28768,12032,,
28769,12032,,
28770,12032,,
28771,12032,,
28772,12032,,
28773,12032,,
28774,12032,,
28775,12032,,
28776,12032,,
28777,12032,,
28778,12032,,
28779,12032,,
28780,12032,,
28781,12032,,
28782,12032,,
28783,12032,,
28784,12032,,
28785,12032,,
28786,12032,,
28787,12032,,
28788,12032,,
28789,12032,,
28790,12032,,
28791,12032,,
28792,12032,,
28793,12032,,
28794,12032,,
28795,12032,,
28796,12032,,
28797,12032,,
28798,12032,,
28799,12032,,
28800,12032,,
28801,12032,,
28802,12032,,
28803,12032,,
28804,12032,,
28805,12032,,
28806,12032,,
28807,12032,,
28808,12032,,
28809,12032,,
28810,12032,,
28811,12032,,
28812,12032,,
28813,12032,,
28814,12032,,
28815,12032,,
28816,12032,,
28817,12032,,
28818,12032,,
28819,12032,,
28820,12032,,
28821,12032,,
28822,12032,,
28823,12032,,
28824,12032,,
28825,12032,,
28826,12032,,
28827,12032,,
28828,12032,,
28829,12032,,
28830,12032,,
28831,12032,,
28832,12032,,
28833,12032,,
28834,12032,,
28835,12032,,
28836,12032,,
28837,12032,,
28838,12032,,
28839,12032,,
28840,12032,,
28841,12032,,
28842,12032,,
28843,12032,,
28844,12032,,
28845,12032,,
28846,12032,,
28847,12032,,
28848,12032,,
28849,12032,,
28850,12032,,
28851,12032,,
28852,12032,,
28853,12032,,
28854,12032,,
28855,12032,,
28856,12032,,
28857,12032,,
28858,12032,,
28859,12032,,
28860,12032,,
28861,12032,,
28862,12032,,
28863,12032,,
28864,12032,,
28865,12032,,
28866,12032,,
28867,12032,,
28868,12032,,
28869,12032,,
28870,12032,,
28871,12032,,
28872,12032,,
28873,12032,,
28874,12032,,
28875,12032,,
28876,12032,,
28877,12032,,
28878,12032,,
28879,12032,,
28880,12032,,
28881,12032,,
28882,12032,,
28883,12032,,
28884,12032,,
28885,12032,,
28886,12032,,
28887,12032,,
28888,12032,,
28889,12032,,
28890,12032,,
28891,12032,,
28892,12032,,
28893,12032,,
28894,12032,,
28895,12032,,
28896,12032,,
28897,12032,,
28898,12032,,
28899,12032,,
28900,12032,,
28901,12032,,
28902,12032,,
28903,12032,,
28904,12032,,
28905,12032,,
28906,12032,,
28907,12032,,
28908,12032,,
28909,12032,,
28910,12032,,
28911,12032,,
28912,12032,,
28913,12032,,
28914,12032,,
28915,12032,,
28916,12032,,
28917,12032,,
28918,12032,,
28919,12032,,
28920,12032,,
28921,12032,,
28922,12032,,
28923,12032,,
28924,12032,,
28925,12032,,
28926,12032,,
28927,12032,,
28928,12032,,
28929,12032,,
28930,12032,,
28931,12032,,
28932,12032,,
28933,12032,,
28934,12032,,
28935,12032,,
28936,12032,,
28937,12032,,
28938,12032,,
28939,12032,,
28940,12032,,
28941,12032,,
28942,12032,,
28943,12032,,
28944,12032,,
28945,12032,,
28946,12032,,
28947,12032,,
28948,12032,,
28949,12032,,
28950,12032,,
28951,12032,,
28952,12032,,
28953,12032,,
28954,12032,,
28955,12032,,
28956,12032,,
28957,12032,,
28958,12032,,
28959,12032,,
28960,12032,,
28961,12032,,
28962,12032,,
28963,12032,,
28964,12032,,
28965,12032,,
28966,12032,,
28967,12032,,
28968,12032,,
28969,12032,,
28970,12032,,
28971,12032,,
28972,12032,,
28973,12032,,
28974,12032,,
28975,12032,,
28976,12032,,
28977,12032,,
28978,12032,,
28979,12032,,
28980,12032,,
28981,12032,,
28982,12032,,
28983,12032,,
28984,12032,,
28985,12032,,
28986,12032,,
28987,12032,,
28988,12032,,
28989,12032,,
28990,12032,,
28991,12032,,
28992,12032,,
28993,12032,,
28994,12032,,
28995,12032,,
28996,12032,,
28997,12032,,
28998,12032,,
28999,12032,,
29000,12032,,
29001,12032,,
29002,12032,,
29003,12032,,
29004,12032,,
29005,12032,,
29006,12032,,
29007,12032,,
29008,12032,,
29009,12032,,
29010,12032,,
29011,12032,,
29012,12032,,
29013,12032,,
29014,12032,,
29015,12032,,
29016,12032,,
29017,12032,,
29018,12032,,
29019,12032,,
29020,12032,,
29021,12032,,
29022,12032,,
29023,12032,,
29024,12032,,
29025,12032,,
29026,12032,,
29027,12032,,
29028,12032,,
29029,12032,,
29030,12032,,
29031,12032,,
29032,12032,,
29033,12032,,
29034,12032,,
29035,12032,,
29036,12032,,
29037,12032,,
29038,12032,,
29039,12032,,
29040,12032,,
29041,12032,,
29042,12032,,
29043,12032,,
29044,12032,,
29045,12032,,
29046,12032,,
29047,12032,,
29048,12032,,
29049,12032,,
29050,12032,,
29051,12032,,
29052,12032,,
29053,12032,,
29054,12032,,
29055,12032,,
29056,12032,,
29057,12032,,
29058,12032,,
29059,12032,,
29060,12032,,
29061,12032,,
29062,12032,,
29063,12032,,
29064,12032,,
29065,12032,,
29066,12032,,
29067,12032,,
29068,12032,,
29069,12032,,
29070,12032,,
29071,12032,,
29072,12032,,
29073,12032,,
29074,12032,,
29075,12032,,
29076,12032,,
29077,12032,,
29078,12032,,
29079,12032,,
29080,12032,,
29081,12032,,
29082,12032,,
29083,12032,,
29084,12032,,
29085,12032,,
29086,12032,,
29087,12032,,
29088,12032,,
29089,12032,,
29090,12032,,
29091,12032,,
29092,12032,,
29093,12032,,
29094,12032,,
29095,12032,,
29096,12032,,
29097,12032,,
29098,12032,,
29099,12032,,
29100,12032,,
29101,12032,,
29102,12032,,
29103,12032,,
29104,12032,,
29105,12032,,
29106,12032,,
29107,12032,,
29108,12032,,
29109,12032,,
29110,12032,,
29111,12032,,
29112,12032,,
29113,12032,,
29114,12032,,
29115,12032,,
29116,12032,,
29117,12032,,
29118,12032,,
29119,12032,,
29120,12032,,
29121,12032,,
29122,12032,,
29123,12032,,
29124,12032,,
29125,12032,,
29126,12032,,
29127,12032,,
29128,12032,,
29129,12032,,
29130,12032,,
29131,12032,,
29132,12032,,
29133,12032,,
29134,12032,,
29135,12032,,
29136,12032,,
29137,12032,,
29138,12032,,
29139,12032,,
29140,12032,,
29141,12032,,
29142,12032,,
29143,12032,,
29144,12032,,
29145,12032,,
29146,12032,,
29147,12032,,
29148,12032,,
29149,12032,,
29150,12032,,
29151,12032,,
29152,12032,,
29153,12032,,
29154,12032,,
29155,12032,,
29156,12032,,
29157,12032,,
29158,12032,,
29159,12032,,
29160,12032,,
29161,12032,,
29162,12032,,
29163,12032,,
29164,12032,,
29165,12032,,
29166,12032,,
29167,12032,,
29168,12032,,
29169,12032,,
29170,12032,,
29171,12032,,
29172,12032,,
29173,12032,,
29174,12032,,
29175,12032,,
29176,12032,,
29177,12032,,
29178,12032,,
29179,12032,,
29180,12032,,
29181,12032,,
29182,12032,,
29183,12032,,
29184,12032,,
29185,12032,,
29186,12032,,
29187,12032,,
29188,12032,,
29189,12032,,
29190,12032,,
29191,12032,,
29192,12032,,
29193,12032,,
29194,12032,,
29195,12032,,
29196,12032,,
29197,12032,,
29198,12032,,
29199,12032,,
29200,12032,,
29201,12032,,
29202,12032,,
29203,12032,,
29204,12032,,
29205,12032,,
29206,12032,,
29207,12032,,
29208,12032,,
29209,12032,,
29210,12032,,
29211,12032,,
29212,12032,,
29213,12032,,
29214,12032,,
29215,12032,,
29216,12032,,
29217,12032,,
29218,12032,,
29219,12032,,
29220,12032,,
29221,12032,,
29222,12032,,
29223,12032,,
29224,12032,,
29225,12032,,
29226,12032,,
29227,12032,,
29228,12032,,
29229,12032,,
29230,12032,,
29231,12032,,
29232,12032,,
29233,12032,,
29234,12032,,
29235,12032,,
29236,12032,,
29237,12032,,
29238,12032,,
29239,12032,,
29240,12032,,
29241,12032,,
29242,12032,,
29243,12032,,
29244,12032,,
29245,12032,,
29246,12032,,
29247,12032,,
29248,12032,,
29249,12032,,
29250,12032,,
29251,12032,,
29252,12032,,
29253,12032,,
29254,12032,,
29255,12032,,
29256,12032,,
29257,12032,,
29258,12032,,
29259,12032,,
29260,12032,,
29261,12032,,
29262,12032,,
29263,12032,,
29264,12032,,
29265,12032,,
29266,12032,,
29267,12032,,
29268,12032,,
29269,12032,,
29270,12032,,
29271,12032,,
29272,12032,,
29273,12032,,
29274,12032,,
29275,12032,,
29276,12032,,
29277,12032,,
29278,12032,,
29279,12032,,
29280,12032,,
29281,12032,,
29282,12032,,
29283,12032,,
29284,12032,,
29285,12032,,
29286,12032,,
29287,12032,,
29288,12032,,
29289,12032,,
29290,12032,,
29291,12032,,
29292,12032,,
29293,12032,,
29294,12032,,
29295,12032,,
29296,12032,,
29297,12032,,
29298,12032,,
29299,12032,,
29300,12032,,
29301,12032,,
29302,12032,,
29303,12032,,
29304,12032,,
29305,12032,,
29306,12032,,
29307,12032,,
29308,12032,,
29309,12032,,
29310,12032,,
29311,12032,,
29312,12032,,
29313,12032,,
29314,12032,,
29315,12032,,
29316,12032,,
29317,12032,,
29318,12032,,
29319,12032,,
29320,12032,,
29321,12032,,
29322,12032,,
29323,12032,,
29324,12032,,
29325,12032,,
29326,12032,,
29327,12032,,
29328,12032,,
29329,12032,,
29330,12032,,
29331,12032,,
29332,12032,,
29333,12032,,
29334,12032,,
29335,12032,,
29336,12032,,
29337,12032,,
29338,12032,,
29339,12032,,
29340,12032,,
29341,12032,,
29342,12032,,
29343,12032,,
29344,12032,,
29345,12032,,
29346,12032,,
29347,12032,,
29348,12032,,
29349,12032,,
29350,12032,,
29351,12032,,
29352,12032,,
29353,12032,,
29354,12032,,
29355,12032,,
29356,12032,,
29357,12032,,
29358,12032,,
29359,12032,,
29360,12032,,
29361,12032,,
29362,12032,,
29363,12032,,
29364,12032,,
29365,12032,,
29366,12032,,
29367,12032,,
29368,12032,,
29369,12032,,
29370,12032,,
29371,12032,,
29372,12032,,
29373,12032,,
29374,12032,,
29375,12032,,
29376,12032,,
29377,12032,,
29378,12032,,
29379,12032,,
29380,12032,,
29381,12032,,
29382,12032,,
29383,12032,,
29384,12032,,
29385,12032,,
29386,12032,,
29387,12032,,
29388,12032,,
29389,12032,,
29390,12032,,
29391,12032,,
29392,12032,,
29393,12032,,
29394,12032,,
29395,12032,,
29396,12032,,
29397,12032,,
29398,12032,,
29399,12032,,
29400,12032,,
29401,12032,,
29402,12032,,
29403,12032,,
29404,12032,,
29405,12032,,
29406,12032,,
29407,12032,,
29408,12032,,
29409,12032,,
29410,12032,,
29411,12032,,
29412,12032,,
29413,12032,,
29414,12032,,
29415,12032,,
29416,12032,,
29417,12032,,
29418,12032,,
29419,12032,,
29420,12032,,
29421,12032,,
29422,12032,,
29423,12032,,
29424,12032,,
29425,12032,,
29426,12032,,
29427,12032,,
29428,12032,,
29429,12032,,
29430,12032,,
29431,12032,,
29432,12032,,
29433,12032,,
29434,12032,,
29435,12032,,
29436,12032,,
29437,12032,,
29438,12032,,
29439,12032,,
29440,12032,,
29441,12032,,
29442,12032,,
29443,12032,,
29444,12032,,
29445,12032,,
29446,12032,,
29447,12032,,
29448,12032,,
29449,12032,,
29450,12032,,
29451,12032,,
29452,12032,,
29453,12032,,
29454,12032,,
29455,12032,,
29456,12032,,
29457,12032,,
29458,12032,,
29459,12032,,
29460,12032,,
29461,12032,,
29462,12032,,
29463,12032,,
29464,12032,,
29465,12032,,
29466,12032,,
29467,12032,,
29468,12032,,
29469,12032,,
29470,12032,,
29471,12032,,
29472,12032,,
29473,12032,,
29474,12032,,
29475,12032,,
29476,12032,,
29477,12032,,
29478,12032,,
29479,12032,,
29480,12032,,
29481,12032,,
29482,12032,,
29483,12032,,
29484,12032,,
29485,12032,,
29486,12032,,
29487,12032,,
29488,12032,,
29489,12032,,
29490,12032,,
29491,12032,,
29492,12032,,
29493,12032,,
29494,12032,,
29495,12032,,
29496,12032,,
29497,12032,,
29498,12032,,
29499,12032,,
29500,12032,,
29501,12032,,
29502,12032,,
29503,12032,,
29504,12032,,
29505,12032,,
29506,12032,,
29507,12032,,
29508,12032,,
29509,12032,,
29510,12032,,
29511,12032,,
29512,12032,,
29513,12032,,
29514,12032,,
29515,12032,,
29516,12032,,
29517,12032,,
29518,12032,,
29519,12032,,
29520,12032,,
29521,12032,,
29522,12032,,
29523,12032,,
29524,12032,,
29525,12032,,
29526,12032,,
29527,12032,,
29528,12032,,
29529,12032,,
29530,12032,,
29531,12032,,
29532,12032,,
29533,12032,,
29534,12032,,
29535,12032,,
29536,12032,,
29537,12032,,
29538,12032,,
29539,12032,,
29540,12032,,
29541,12032,,
29542,12032,,
29543,12032,,
29544,12032,,
29545,12032,,
29546,12032,,
29547,12032,,
29548,12032,,
29549,12032,,
29550,12032,,
29551,12032,,
29552,12032,,
29553,12032,,
29554,12032,,
29555,12032,,
29556,12032,,
29557,12032,,
29558,12032,,
29559,12032,,
29560,12032,,
29561,12032,,
29562,12032,,
29563,12032,,
29564,12032,,
29565,12032,,
29566,12032,,
29567,12032,,
29568,12032,,
29569,12032,,
29570,12032,,
29571,12032,,
29572,12032,,
29573,12032,,
29574,12032,,
29575,12032,,
29576,12032,,
29577,12032,,
29578,12032,,
29579,12032,,
29580,12032,,
29581,12032,,
29582,12032,,
29583,12032,,
29584,12032,,
29585,12032,,
29586,12032,,
29587,12032,,
29588,12032,,
29589,12032,,
29590,12032,,
29591,12032,,
29592,12032,,
29593,12032,,
29594,12032,,
29595,12032,,
29596,12032,,
29597,12032,,
29598,12032,,
29599,12032,,
29600,12032,,
29601,12032,,
29602,12032,,
29603,12032,,
29604,12032,,
29605,12032,,
29606,12032,,
29607,12032,,
29608,12032,,
29609,12032,,
29610,12032,,
29611,12032,,
29612,12032,,
29613,12032,,
29614,12032,,
29615,12032,,
29616,12032,,
29617,12032,,
29618,12032,,
29619,12032,,
29620,12032,,
29621,12032,,
29622,12032,,
29623,12032,,
29624,12032,,
29625,12032,,
29626,12032,,
29627,12032,,
29628,12032,,
29629,12032,,
29630,12032,,
29631,12032,,
29632,12032,,
29633,12032,,
29634,12032,,
29635,12032,,
29636,12032,,
29637,12032,,
29638,12032,,
29639,12032,,
29640,12032,,
29641,12032,,
29642,12032,,
29643,12032,,
29644,12032,,
29645,12032,,
29646,12032,,
29647,12032,,
29648,12032,,
29649,12032,,
29650,12032,,
29651,12032,,
29652,12032,,
29653,12032,,
29654,12032,,
29655,12032,,
29656,12032,,
29657,12032,,
29658,12032,,
29659,12032,,
29660,12032,,
29661,12032,,
29662,12032,,
29663,12032,,
29664,12032,,
29665,12032,,
29666,12032,,
29667,12032,,
29668,12032,,
29669,12032,,
29670,12032,,
29671,12032,,
29672,12032,,
29673,12032,,
29674,12032,,
29675,12032,,
29676,12032,,
29677,12032,,
29678,12032,,
29679,12032,,
29680,12032,,
29681,12032,,
29682,12032,,
29683,12032,,
29684,12032,,
29685,12032,,
29686,12032,,
29687,12032,,
29688,12032,,
29689,12032,,
29690,12032,,
29691,12032,,
29692,12032,,
29693,12032,,
29694,12032,,
29695,12032,,
29696,12032,,
29697,12032,,
29698,12032,,
29699,12032,,
29700,12032,,
29701,12032,,
29702,12032,,
29703,12032,,
29704,12032,,
29705,12032,,
29706,12032,,
29707,12032,,
29708,12032,,
29709,12032,,
29710,12032,,
29711,12032,,
29712,12032,,
29713,12032,,
29714,12032,,
29715,12032,,
29716,12032,,
29717,12032,,
29718,12032,,
29719,12032,,
29720,12032,,
29721,12032,,
29722,12032,,
29723,12032,,
29724,12032,,
29725,12032,,
29726,12032,,
29727,12032,,
29728,12032,,
29729,12032,,
29730,12032,,
29731,12032,,
29732,12032,,
29733,12032,,
29734,12032,,
29735,12032,,
29736,12032,,
29737,12032,,
29738,12032,,
29739,12032,,
29740,12032,,
29741,12032,,
29742,12032,,
29743,12032,,
29744,12032,,
29745,12032,,
29746,12032,,
29747,12032,,
29748,12032,,
29749,12032,,
29750,12032,,
29751,12032,,
29752,12032,,
29753,12032,,
29754,12032,,
29755,12032,,
29756,12032,,
29757,12032,,
29758,12032,,
29759,12032,,
29760,12032,,
29761,12032,,
29762,12032,,
29763,12032,,
29764,12032,,
29765,12032,,
29766,12032,,
29767,12032,,
29768,12032,,
29769,12032,,
29770,12032,,
29771,12032,,
29772,12032,,
29773,12032,,
29774,12032,,
29775,12032,,
29776,12032,,
29777,12032,,
29778,12032,,
29779,12032,,
29780,12032,,
29781,12032,,
29782,12032,,
29783,12032,,
29784,12032,,
29785,12032,,
29786,12032,,
29787,12032,,
29788,12032,,
29789,12032,,
29790,12032,,
29791,12032,,
29792,12032,,
29793,12032,,
29794,12032,,
29795,12032,,
29796,12032,,
29797,12032,,
29798,12032,,
29799,12032,,
29800,12032,,
29801,12032,,
29802,12032,,
29803,12032,,
29804,12032,,
29805,12032,,
29806,12032,,
29807,12032,,
29808,12032,,
29809,12032,,
29810,12032,,
29811,12032,,
29812,12032,,
29813,12032,,
29814,12032,,
29815,12032,,
29816,12032,,
29817,12032,,
29818,12032,,
29819,12032,,
29820,12032,,
29821,12032,,
29822,12032,,
29823,12032,,
29824,12032,,
29825,12032,,
29826,12032,,
29827,12032,,
29828,12032,,
29829,12032,,
29830,12032,,
29831,12032,,
29832,12032,,
29833,12032,,
29834,12032,,
29835,12032,,
29836,12032,,
29837,12032,,
29838,12032,,
29839,12032,,
29840,12032,,
29841,12032,,
29842,12032,,
29843,12032,,
29844,12032,,
29845,12032,,
29846,12032,,
29847,12032,,
29848,12032,,
29849,12032,,
29850,12032,,
29851,12032,,
29852,12032,,
29853,12032,,
29854,12032,,
29855,12032,,
29856,12032,,
29857,12032,,
29858,12032,,
29859,12032,,
29860,12032,,
29861,12032,,
29862,12032,,
29863,12032,,
29864,12032,,
29865,12032,,
29866,12032,,
29867,12032,,
29868,12032,,
29869,12032,,
29870,12032,,
29871,12032,,
29872,12032,,
29873,12032,,
29874,12032,,
29875,12032,,
29876,12032,,
29877,12032,,
29878,12032,,
29879,12032,,
29880,12032,,
29881,12032,,
29882,12032,,
29883,12032,,
29884,12032,,
29885,12032,,
29886,12032,,
29887,12032,,
29888,12032,,
29889,12032,,
29890,12032,,
29891,12032,,
29892,12032,,
29893,12032,,
29894,12032,,
29895,12032,,
29896,12032,,
29897,12032,,
29898,12032,,
29899,12032,,
29900,12032,,
29901,12032,,
29902,12032,,
29903,12032,,
29904,12032,,
29905,12032,,
29906,12032,,
29907,12032,,
29908,12032,,
29909,12032,,
29910,12032,,
29911,12032,,
29912,12032,,
29913,12032,,
29914,12032,,
29915,12032,,
29916,12032,,
29917,12032,,
29918,12032,,
29919,12032,,
29920,12032,,
29921,12032,,
29922,12032,,
29923,12032,,
29924,12032,,
29925,12032,,
29926,12032,,
29927,12032,,
29928,12032,,
29929,12032,,
29930,12032,,
29931,12032,,
29932,12032,,
29933,12032,,
29934,12032,,
29935,12032,,
29936,12032,,
29937,12032,,
29938,12032,,
29939,12032,,
29940,12032,,
29941,12032,,
29942,12032,,
29943,12032,,
29944,12032,,
29945,12032,,
29946,12032,,
29947,12032,,
29948,12032,,
29949,12032,,
29950,12032,,
29951,12032,,
29952,12032,,
29953,12032,,
29954,12032,,
29955,12032,,
29956,12032,,
29957,12032,,
29958,12032,,
29959,12032,,
29960,12032,,
29961,12032,,
29962,12032,,
29963,12032,,
29964,12032,,
29965,12032,,
29966,12032,,
29967,12032,,
29968,12032,,
29969,12032,,
29970,12032,,
29971,12032,,
29972,12032,,
29973,12032,,
29974,12032,,
29975,12032,,
29976,12032,,
29977,12032,,
29978,12032,,
29979,12032,,
29980,12032,,
29981,12032,,
29982,12032,,
29983,12032,,
29984,12032,,
29985,12032,,
29986,12032,,
29987,12032,,
29988,12032,,
29989,12032,,
29990,12032,,
29991,12032,,
29992,12032,,
29993,12032,,
29994,12032,,
29995,12032,,
29996,12032,,
29997,12032,,
29998,12032,,
29999,12032,,
30000,12032,,
30001,12032,,
30002,12032,,
30003,12032,,
30004,12032,,
30005,12032,,
30006,12032,,
30007,12032,,
30008,12032,,
30009,12032,,
30010,12032,,
30011,12032,,
30012,12032,,
30013,12032,,
30014,12032,,
30015,12032,,
30016,12032,,
30017,12032,,
30018,12032,,
30019,12032,,
30020,12032,,
30021,12032,,
30022,12032,,
30023,12032,,
30024,12032,,
30025,12032,,
30026,12032,,
30027,12032,,
30028,12032,,
30029,12032,,
30030,12032,,
30031,12032,,
30032,12032,,
30033,12032,,
30034,12032,,
30035,12032,,
30036,12032,,
30037,12032,,
30038,12032,,
30039,12032,,
30040,12032,,
30041,12032,,
30042,12032,,
30043,12032,,
30044,12032,,
30045,12032,,
30046,12032,,
30047,12032,,
30048,12032,,
30049,12032,,
30050,12032,,
30051,12032,,
30052,12032,,
30053,12032,,
30054,12032,,
30055,12032,,
30056,12032,,
30057,12032,,
30058,12032,,
30059,12032,,
30060,12032,,
30061,12032,,
30062,12032,,
30063,12032,,
30064,12032,,
30065,12032,,
30066,12032,,
30067,12032,,
30068,12032,,
30069,12032,,
30070,12032,,
30071,12032,,
30072,12032,,
30073,12032,,
30074,12032,,
30075,12032,,
30076,12032,,
30077,12032,,
30078,12032,,
30079,12032,,
30080,12032,,
30081,12032,,
30082,12032,,
30083,12032,,
30084,12032,,
30085,12032,,
30086,12032,,
30087,12032,,
30088,12032,,
30089,12032,,
30090,12032,,
30091,12032,,
30092,12032,,
30093,12032,,
30094,12032,,
30095,12032,,
30096,12032,,
30097,12032,,
30098,12032,,
30099,12032,,
30100,12032,,
30101,12032,,
30102,12032,,
30103,12032,,
30104,12032,,
30105,12032,,
30106,12032,,
30107,12032,,
30108,12032,,
30109,12032,,
30110,12032,,
30111,12032,,
30112,12032,,
30113,12032,,
30114,12032,,
30115,12032,,
30116,12032,,
30117,12032,,
30118,12032,,
30119,12032,,
30120,12032,,
30121,12032,,
30122,12032,,
30123,12032,,
30124,12032,,
30125,12032,,
30126,12032,,
30127,12032,,
30128,12032,,
30129,12032,,
30130,12032,,
30131,12032,,
30132,12032,,
30133,12032,,
30134,12032,,
30135,12032,,
30136,12032,,
30137,12032,,
30138,12032,,
30139,12032,,
30140,12032,,
30141,12032,,
30142,12032,,
30143,12032,,
30144,12032,,
30145,12032,,
30146,12032,,
30147,12032,,
30148,12032,,
30149,12032,,
30150,12032,,
30151,12032,,
30152,12032,,
30153,12032,,
30154,12032,,
30155,12032,,
30156,12032,,
30157,12032,,
30158,12032,,
30159,12032,,
30160,12032,,
30161,12032,,
30162,12032,,
30163,12032,,
30164,12032,,
30165,12032,,
30166,12032,,
30167,12032,,
30168,12032,,
30169,12032,,
30170,12032,,
30171,12032,,
30172,12032,,
30173,12032,,
30174,12032,,
30175,12032,,
30176,12032,,
30177,12032,,
30178,12032,,
30179,12032,,
30180,12032,,
30181,12032,,
30182,12032,,
30183,12032,,
30184,12032,,
30185,12032,,
30186,12032,,
30187,12032,,
30188,12032,,
30189,12032,,
30190,12032,,
30191,12032,,
30192,12032,,
30193,12032,,
30194,12032,,
30195,12032,,
30196,12032,,
30197,12032,,
30198,12032,,
30199,12032,,
30200,12032,,
30201,12032,,
30202,12032,,
30203,12032,,
30204,12032,,
30205,12032,,
30206,12032,,
30207,12032,,
30208,12032,,
30209,12032,,
30210,12032,,
30211,12032,,
30212,12032,,
30213,12032,,
30214,12032,,
30215,12032,,
30216,12032,,
30217,12032,,
30218,12032,,
30219,12032,,
30220,12032,,
30221,12032,,
30222,12032,,
30223,12032,,
30224,12032,,
30225,12032,,
30226,12032,,
30227,12032,,
30228,12032,,
30229,12032,,
30230,12032,,
30231,12032,,
30232,12032,,
30233,12032,,
30234,12032,,
30235,12032,,
30236,12032,,
30237,12032,,
30238,12032,,
30239,12032,,
30240,12032,,
30241,12032,,
30242,12032,,
30243,12032,,
30244,12032,,
30245,12032,,
30246,12032,,
30247,12032,,
30248,12032,,
30249,12032,,
30250,12032,,
30251,12032,,
30252,12032,,
30253,12032,,
30254,12032,,
30255,12032,,
30256,12032,,
30257,12032,,
30258,12032,,
30259,12032,,
30260,12032,,
30261,12032,,
30262,12032,,
30263,12032,,
30264,12032,,
30265,12032,,
30266,12032,,
30267,12032,,
30268,12032,,
30269,12032,,
30270,12032,,
30271,12032,,
30272,12032,,
30273,12032,,
30274,12032,,
30275,12032,,
30276,12032,,
30277,12032,,
30278,12032,,
30279,12032,,
30280,12032,,
30281,12032,,
30282,12032,,
30283,12032,,
30284,12032,,
30285,12032,,
30286,12032,,
30287,12032,,
30288,12032,,
30289,12032,,
30290,12032,,
30291,12032,,
30292,12032,,
30293,12032,,
30294,12032,,
30295,12032,,
30296,12032,,
30297,12032,,
30298,12032,,
30299,12032,,
30300,12032,,
30301,12032,,
30302,12032,,
30303,12032,,
30304,12032,,
30305,12032,,
30306,12032,,
30307,12032,,
30308,12032,,
30309,12032,,
30310,12032,,
30311,12032,,
30312,12032,,
30313,12032,,
30314,12032,,
30315,12032,,
30316,12032,,
30317,12032,,
30318,12032,,
30319,12032,,
30320,12032,,
30321,12032,,
30322,12032,,
30323,12032,,
30324,12032,,
30325,12032,,
30326,12032,,
30327,12032,,
30328,12032,,
30329,12032,,
30330,12032,,
30331,12032,,
30332,12032,,
30333,12032,,
30334,12032,,
30335,12032,,
30336,12032,,
30337,12032,,
30338,12032,,
30339,12032,,
30340,12032,,
30341,12032,,
30342,12032,,
30343,12032,,
30344,12032,,
30345,12032,,
30346,12032,,
30347,12032,,
30348,12032,,
30349,12032,,
30350,12032,,
30351,12032,,
30352,12032,,
30353,12032,,
30354,12032,,
30355,12032,,
30356,12032,,
30357,12032,,
30358,12032,,
30359,12032,,
30360,12032,,
30361,12032,,
30362,12032,,
30363,12032,,
30364,12032,,
30365,12032,,
30366,12032,,
30367,12032,,
30368,12032,,
30369,12032,,
30370,12032,,
30371,12032,,
30372,12032,,
30373,12032,,
30374,12032,,
30375,12032,,
30376,12032,,
30377,12032,,
30378,12032,,
30379,12032,,
30380,12032,,
30381,12032,,
30382,12032,,
30383,12032,,
30384,12032,,
30385,12032,,
30386,12032,,
30387,12032,,
30388,12032,,
30389,12032,,
30390,12032,,
30391,12032,,
30392,12032,,
30393,12032,,
30394,12032,,
30395,12032,,
30396,12032,,
30397,12032,,
30398,12032,,
30399,12032,,
30400,12032,,
30401,12032,,
30402,12032,,
30403,12032,,
30404,12032,,
30405,12032,,
30406,12032,,
30407,12032,,
30408,12032,,
30409,12032,,
30410,12032,,
30411,12032,,
30412,12032,,
30413,12032,,
30414,12032,,
30415,12032,,
30416,12032,,
30417,12032,,
30418,12032,,
30419,12032,,
30420,12032,,
30421,12032,,
30422,12032,,
30423,12032,,
30424,12032,,
30425,12032,,
30426,12032,,
30427,12032,,
30428,12032,,
30429,12032,,
30430,12032,,
30431,12032,,
30432,12032,,
30433,12032,,
30434,12032,,
30435,12032,,
30436,12032,,
30437,12032,,
30438,12032,,
30439,12032,,
30440,12032,,
30441,12032,,
30442,12032,,
30443,12032,,
30444,12032,,
30445,12032,,
30446,12032,,
30447,12032,,
30448,12032,,
30449,12032,,
30450,12032,,
30451,12032,,
30452,12032,,
30453,12032,,
30454,12032,,
30455,12032,,
30456,12032,,
30457,12032,,
30458,12032,,
30459,12032,,
30460,12032,,
30461,12032,,
30462,12032,,
30463,12032,,
30464,12032,,
30465,12032,,
30466,12032,,
30467,12032,,
30468,12032,,
30469,12032,,
30470,12032,,
30471,12032,,
30472,12032,,
30473,12032,,
30474,12032,,
30475,12032,,
30476,12032,,
30477,12032,,
30478,12032,,
30479,12032,,
30480,12032,,
30481,12032,,
30482,12032,,
30483,12032,,
30484,12032,,
30485,12032,,
30486,12032,,
30487,12032,,
30488,12032,,
30489,12032,,
30490,12032,,
30491,12032,,
30492,12032,,
30493,12032,,
30494,12032,,
30495,12032,,
30496,12032,,
30497,12032,,
30498,12032,,
30499,12032,,
30500,12032,,
30501,12032,,
30502,12032,,
30503,12032,,
30504,12032,,
30505,12032,,
30506,12032,,
30507,12032,,
30508,12032,,
30509,12032,,
30510,12032,,
30511,12032,,
30512,12032,,
30513,12032,,
30514,12032,,
30515,12032,,
30516,12032,,
30517,12032,,
30518,12032,,
30519,12032,,
30520,12032,,
30521,12032,,
30522,12032,,
30523,12032,,
30524,12032,,
30525,12032,,
30526,12032,,
30527,12032,,
30528,12032,,
30529,12032,,
30530,12032,,
30531,12032,,
30532,12032,,
30533,12032,,
30534,12032,,
30535,12032,,
30536,12032,,
30537,12032,,
30538,12032,,
30539,12032,,
30540,12032,,
30541,12032,,
30542,12032,,
30543,12032,,
30544,12032,,
30545,12032,,
30546,12032,,
30547,12032,,
30548,12032,,
30549,12032,,
30550,12032,,
30551,12032,,
30552,12032,,
30553,12032,,
30554,12032,,
30555,12032,,
30556,12032,,
30557,12032,,
30558,12032,,
30559,12032,,
30560,12032,,
30561,12032,,
30562,12032,,
30563,12032,,
30564,12032,,
30565,12032,,
30566,12032,,
30567,12032,,
30568,12032,,
30569,12032,,
30570,12032,,
30571,12032,,
30572,12032,,
30573,12032,,
30574,12032,,
30575,12032,,
30576,12032,,
30577,12032,,
30578,12032,,
30579,12032,,
30580,12032,,
30581,12032,,
30582,12032,,
30583,12032,,
30584,12032,,
30585,12032,,
30586,12032,,
30587,12032,,
30588,12032,,
30589,12032,,
30590,12032,,
30591,12032,,
30592,12032,,
30593,12032,,
30594,12032,,
30595,12032,,
30596,12032,,
30597,12032,,
30598,12032,,
30599,12032,,
30600,12032,,
30601,12032,,
30602,12032,,
30603,12032,,
30604,12032,,
30605,12032,,
30606,12032,,
30607,12032,,
30608,12032,,
30609,12032,,
30610,12032,,
30611,12032,,
30612,12032,,
30613,12032,,
30614,12032,,
30615,12032,,
30616,12032,,
30617,12032,,
30618,12032,,
30619,12032,,
30620,12032,,
30621,12032,,
30622,12032,,
30623,12032,,
30624,12032,,
30625,12032,,
30626,12032,,
30627,12032,,
30628,12032,,
30629,12032,,
30630,12032,,
30631,12032,,
30632,12032,,
30633,12032,,
30634,12032,,
30635,12032,,
30636,12032,,
30637,12032,,
30638,12032,,
30639,12032,,
30640,12032,,
30641,12032,,
30642,12032,,
30643,12032,,
30644,12032,,
30645,12032,,
30646,12032,,
30647,12032,,
30648,12032,,
30649,12032,,
30650,12032,,
30651,12032,,
30652,12032,,
30653,12032,,
30654,12032,,
30655,12032,,
30656,12032,,
30657,12032,,
30658,12032,,
30659,12032,,
30660,12032,,
30661,12032,,
30662,12032,,
30663,12032,,
30664,12032,,
30665,12032,,
30666,12032,,
30667,12032,,
30668,12032,,
30669,12032,,
30670,12032,,
30671,12032,,
30672,12032,,
30673,12032,,
30674,12032,,
30675,12032,,
30676,12032,,
30677,12032,,
30678,12032,,
30679,12032,,
30680,12032,,
30681,12032,,
30682,12032,,
30683,12032,,
30684,12032,,
30685,12032,,
30686,12032,,
30687,12032,,
30688,12032,,
30689,12032,,
30690,12032,,
30691,12032,,
30692,12032,,
30693,12032,,
30694,12032,,
30695,12032,,
30696,12032,,
30697,12032,,
30698,12032,,
30699,12032,,
30700,12032,,
30701,12032,,
30702,12032,,
30703,12032,,
30704,12032,,
30705,12032,,
30706,12032,,
30707,12032,,
30708,12032,,
30709,12032,,
30710,12032,,
30711,12032,,
30712,12032,,
30713,12032,,
30714,12032,,
30715,12032,,
30716,12032,,
30717,12032,,
30718,12032,,
30719,12032,,
30720,12032,,
30721,12032,,
30722,12032,,
30723,12032,,
30724,12032,,
30725,12032,,
30726,12032,,
30727,12032,,
30728,12032,,
30729,12032,,
30730,12032,,
30731,12032,,
30732,12032,,
30733,12032,,
30734,12032,,
30735,12032,,
30736,12032,,
30737,12032,,
30738,12032,,
30739,12032,,
30740,12032,,
30741,12032,,
30742,12032,,
30743,12032,,
30744,12032,,
30745,12032,,
30746,12032,,
30747,12032,,
30748,12032,,
30749,12032,,
30750,12032,,
30751,12032,,
30752,12032,,
30753,12032,,
30754,12032,,
30755,12032,,
30756,12032,,
30757,12032,,
30758,12032,,
30759,12032,,
30760,12032,,
30761,12032,,
30762,12032,,
30763,12032,,
30764,12032,,
30765,12032,,
30766,12032,,
30767,12032,,
30768,12032,,
30769,12032,,
30770,12032,,
30771,12032,,
30772,12032,,
30773,12032,,
30774,12032,,
30775,12032,,
30776,12032,,
30777,12032,,
30778,12032,,
30779,12032,,
30780,12032,,
30781,12032,,
30782,12032,,
30783,12032,,
30784,12032,,
30785,12032,,
30786,12032,,
30787,12032,,
30788,12032,,
30789,12032,,
30790,12032,,
30791,12032,,
30792,12032,,
30793,12032,,
30794,12032,,
30795,12032,,
30796,12032,,
30797,12032,,
30798,12032,,
30799,12032,,
30800,12032,,
30801,12032,,
30802,12032,,
30803,12032,,
30804,12032,,
30805,12032,,
30806,12032,,
30807,12032,,
30808,12032,,
30809,12032,,
30810,12032,,
30811,12032,,
30812,12032,,
30813,12032,,
30814,12032,,
30815,12032,,
30816,12032,,
30817,12032,,
30818,12032,,
30819,12032,,
30820,12032,,
30821,12032,,
30822,12032,,
30823,12032,,
30824,12032,,
30825,12032,,
30826,12032,,
30827,12032,,
30828,12032,,
30829,12032,,
30830,12032,,
30831,12032,,
30832,12032,,
30833,12032,,
30834,12032,,
30835,12032,,
30836,12032,,
30837,12032,,
30838,12032,,
30839,12032,,
30840,12032,,
30841,12032,,
30842,12032,,
30843,12032,,
30844,12032,,
30845,12032,,
30846,12032,,
30847,12032,,
30848,12032,,
30849,12032,,
30850,12032,,
30851,12032,,
30852,12032,,
30853,12032,,
30854,12032,,
30855,12032,,
30856,12032,,
30857,12032,,
30858,12032,,
30859,12032,,
30860,12032,,
30861,12032,,
30862,12032,,
30863,12032,,
30864,12032,,
30865,12032,,
30866,12032,,
30867,12032,,
30868,12032,,
30869,12032,,
30870,12032,,
30871,12032,,
30872,12032,,
30873,12032,,
30874,12032,,
30875,12032,,
30876,12032,,
30877,12032,,
30878,12032,,
30879,12032,,
30880,12032,,
30881,12032,,
30882,12032,,
30883,12032,,
30884,12032,,
30885,12032,,
30886,12032,,
30887,12032,,
30888,12032,,
30889,12032,,
30890,12032,,
30891,12032,,
30892,12032,,
30893,12032,,
30894,12032,,
30895,12032,,
30896,12032,,
30897,12032,,
30898,12032,,
30899,12032,,
30900,12032,,
30901,12032,,
30902,12032,,
30903,12032,,
30904,12032,,
30905,12032,,
30906,12032,,
30907,12032,,
30908,12032,,
30909,12032,,
30910,12032,,
30911,12032,,
30912,12032,,
30913,12032,,
30914,12032,,
30915,12032,,
30916,12032,,
30917,12032,,
30918,12032,,
30919,12032,,
30920,12032,,
30921,12032,,
30922,12032,,
30923,12032,,
30924,12032,,
30925,12032,,
30926,12032,,
30927,12032,,
30928,12032,,
30929,12032,,
30930,12032,,
30931,12032,,
30932,12032,,
30933,12032,,
30934,12032,,
30935,12032,,
30936,12032,,
30937,12032,,
30938,12032,,
30939,12032,,
30940,12032,,
30941,12032,,
30942,12032,,
30943,12032,,
30944,12032,,
30945,12032,,
30946,12032,,
30947,12032,,
30948,12032,,
30949,12032,,
30950,12032,,
30951,12032,,
30952,12032,,
30953,12032,,
30954,12032,,
30955,12032,,
30956,12032,,
30957,12032,,
30958,12032,,
30959,12032,,
30960,12032,,
30961,12032,,
30962,12032,,
30963,12032,,
30964,12032,,
30965,12032,,
30966,12032,,
30967,12032,,
30968,12032,,
30969,12032,,
30970,12032,,
30971,12032,,
30972,12032,,
30973,12032,,
30974,12032,,
30975,12032,,
30976,12032,,
30977,12032,,
30978,12032,,
30979,12032,,
30980,12032,,
30981,12032,,
30982,12032,,
30983,12032,,
30984,12032,,
30985,12032,,
30986,12032,,
30987,12032,,
30988,12032,,
30989,12032,,
30990,12032,,
30991,12032,,
30992,12032,,
30993,12032,,
30994,12032,,
30995,12032,,
30996,12032,,
30997,12032,,
30998,12032,,
30999,12032,,
31000,12032,,
31001,12032,,
31002,12032,,
31003,12032,,
31004,12032,,
31005,12032,,
31006,12032,,
31007,12032,,
31008,12032,,
31009,12032,,
31010,12032,,
31011,12032,,
31012,12032,,
31013,12032,,
31014,12032,,
31015,12032,,
31016,12032,,
31017,12032,,
31018,12032,,
31019,12032,,
31020,12032,,
31021,12032,,
31022,12032,,
31023,12032,,
31024,12032,,
31025,12032,,
31026,12032,,
31027,12032,,
31028,12032,,
31029,12032,,
31030,12032,,
31031,12032,,
31032,12032,,
31033,12032,,
31034,12032,,
31035,12032,,
31036,12032,,
31037,12032,,
31038,12032,,
31039,12032,,
31040,12032,,
31041,12032,,
31042,12032,,
31043,12032,,
31044,12032,,
31045,12032,,
31046,12032,,
31047,12032,,
31048,12032,,
31049,12032,,
31050,12032,,
31051,12032,,
31052,12032,,
31053,12032,,
31054,12032,,
31055,12032,,
31056,12032,,
31057,12032,,
31058,12032,,
31059,12032,,
31060,12032,,
31061,12032,,
31062,12032,,
31063,12032,,
31064,12032,,
31065,12032,,
31066,12032,,
31067,12032,,
31068,12032,,
31069,12032,,
31070,12032,,
31071,12032,,
31072,12032,,
31073,12032,,
31074,12032,,
31075,12032,,
31076,12032,,
31077,12032,,
31078,12032,,
31079,12032,,
31080,12032,,
31081,12032,,
31082,12032,,
31083,12032,,
31084,12032,,
31085,12032,,
31086,12032,,
31087,12032,,
31088,12032,,
31089,12032,,
31090,12032,,
31091,12032,,
31092,12032,,
31093,12032,,
31094,12032,,
31095,12032,,
31096,12032,,
31097,12032,,
31098,12032,,
31099,12032,,
31100,12032,,
31101,12032,,
31102,12032,,
31103,12032,,
31104,12032,,
31105,12032,,
31106,12032,,
31107,12032,,
31108,12032,,
31109,12032,,
31110,12032,,
31111,12032,,
31112,12032,,
31113,12032,,
31114,12032,,
31115,12032,,
31116,12032,,
31117,12032,,
31118,12032,,
31119,12032,,
31120,12032,,
31121,12032,,
31122,12032,,
31123,12032,,
31124,12032,,
31125,12032,,
31126,12032,,
31127,12032,,
31128,12032,,
31129,12032,,
31130,12032,,
31131,12032,,
31132,12032,,
31133,12032,,
31134,12032,,
31135,12032,,
31136,12032,,
31137,12032,,
31138,12032,,
31139,12032,,
31140,12032,,
31141,12032,,
31142,12032,,
31143,12032,,
31144,12032,,
31145,12032,,
31146,12032,,
31147,12032,,
31148,12032,,
31149,12032,,
31150,12032,,
31151,12032,,
31152,12032,,
31153,12032,,
31154,12032,,
31155,12032,,
31156,12032,,
31157,12032,,
31158,12032,,
31159,12032,,
31160,12032,,
31161,12032,,
31162,12032,,
31163,12032,,
31164,12032,,
31165,12032,,
31166,12032,,
31167,12032,,
31168,12032,,
31169,12032,,
31170,12032,,
31171,12032,,
31172,12032,,
31173,12032,,
31174,12032,,
31175,12032,,
31176,12032,,
31177,12032,,
31178,12032,,
31179,12032,,
31180,12032,,
31181,12032,,
31182,12032,,
31183,12032,,
31184,12032,,
31185,12032,,
31186,12032,,
31187,12032,,
31188,12032,,
31189,12032,,
31190,12032,,
31191,12032,,
31192,12032,,
31193,12032,,
31194,12032,,
31195,12032,,
31196,12032,,
31197,12032,,
31198,12032,,
31199,12032,,
31200,12032,,
31201,12032,,
31202,12032,,
31203,12032,,
31204,12032,,
31205,12032,,
31206,12032,,
31207,12032,,
31208,12032,,
31209,12032,,
31210,12032,,
31211,12032,,
31212,12032,,
31213,12032,,
31214,12032,,
31215,12032,,
31216,12032,,
31217,12032,,
31218,12032,,
31219,12032,,
31220,12032,,
31221,12032,,
31222,12032,,
31223,12032,,
31224,12032,,
31225,12032,,
31226,12032,,
31227,12032,,
31228,12032,,
31229,12032,,
31230,12032,,
31231,12032,,
31232,12032,,
31233,12032,,
31234,12032,,
31235,12032,,
31236,12032,,
31237,12032,,
31238,12032,,
31239,12032,,
31240,12032,,
31241,12032,,
31242,12032,,
31243,12032,,
31244,12032,,
31245,12032,,
31246,12032,,
31247,12032,,
31248,12032,,
31249,12032,,
31250,12032,,
31251,12032,,
31252,12032,,
31253,12032,,
31254,12032,,
31255,12032,,
31256,12032,,
31257,12032,,
31258,12032,,
31259,12032,,
31260,12032,,
31261,12032,,
31262,12032,,
31263,12032,,
31264,12032,,
31265,12032,,
31266,12032,,
31267,12032,,
31268,12032,,
31269,12032,,
31270,12032,,
31271,12032,,
31272,12032,,
31273,12032,,
31274,12032,,
31275,12032,,
31276,12032,,
31277,12032,,
31278,12032,,
31279,12032,,
31280,12032,,
31281,12032,,
31282,12032,,
31283,12032,,
31284,12032,,
31285,12032,,
31286,12032,,
31287,12032,,
31288,12032,,
31289,12032,,
31290,12032,,
31291,12032,,
31292,12032,,
31293,12032,,
31294,12032,,
31295,12032,,
31296,12032,,
31297,12032,,
31298,12032,,
31299,12032,,
31300,12032,,
31301,12032,,
31302,12032,,
31303,12032,,
31304,12032,,
31305,12032,,
31306,12032,,
31307,12032,,
31308,12032,,
31309,12032,,
31310,12032,,
31311,12032,,
31312,12032,,
31313,12032,,
31314,12032,,
31315,12032,,
31316,12032,,
31317,12032,,
31318,12032,,
31319,12032,,
31320,12032,,
31321,12032,,
31322,12032,,
31323,12032,,
31324,12032,,
31325,12032,,
31326,12032,,
31327,12032,,
31328,12032,,
31329,12032,,
31330,12032,,
31331,12032,,
31332,12032,,
31333,12032,,
31334,12032,,
31335,12032,,
31336,12032,,
31337,12032,,
31338,12032,,
31339,12032,,
31340,12032,,
31341,12032,,
31342,12032,,
31343,12032,,
31344,12032,,
31345,12032,,
31346,12032,,
31347,12032,,
31348,12032,,
31349,12032,,
31350,12032,,
31351,12032,,
31352,12032,,
31353,12032,,
31354,12032,,
31355,12032,,
31356,12032,,
31357,12032,,
31358,12032,,
31359,12032,,
31360,12032,,
31361,12032,,
31362,12032,,
31363,12032,,
31364,12032,,
31365,12032,,
31366,12032,,
31367,12032,,
31368,12032,,
31369,12032,,
31370,12032,,
31371,12032,,
31372,12032,,
31373,12032,,
31374,12032,,
31375,12032,,
31376,12032,,
31377,12032,,
31378,12032,,
31379,12032,,
31380,12032,,
31381,12032,,
31382,12032,,
31383,12032,,
31384,12032,,
31385,12032,,
31386,12032,,
31387,12032,,
31388,12032,,
31389,12032,,
31390,12032,,
31391,12032,,
31392,12032,,
31393,12032,,
31394,12032,,
31395,12032,,
31396,12032,,
31397,12032,,
31398,12032,,
31399,12032,,
31400,12032,,
31401,12032,,
31402,12032,,
31403,12032,,
31404,12032,,
31405,12032,,
31406,12032,,
31407,12032,,
31408,12032,,
31409,12032,,
31410,12032,,
31411,12032,,
31412,12032,,
31413,12032,,
31414,12032,,
31415,12032,,
31416,12032,,
31417,12032,,
31418,12032,,
31419,12032,,
31420,12032,,
31421,12032,,
31422,12032,,
31423,12032,,
31424,12032,,
31425,12032,,
31426,12032,,
31427,12032,,
31428,12032,,
31429,12032,,
31430,12032,,
31431,12032,,
31432,12032,,
31433,12032,,
31434,12032,,
31435,12032,,
31436,12032,,
31437,12032,,
31438,12032,,
31439,12032,,
31440,12032,,
31441,12032,,
31442,12032,,
31443,12032,,
31444,12032,,
31445,12032,,
31446,12032,,
31447,12032,,
31448,12032,,
31449,12032,,
31450,12032,,
31451,12032,,
31452,12032,,
31453,12032,,
31454,12032,,
31455,12032,,
31456,12032,,
31457,12032,,
31458,12032,,
31459,12032,,
31460,12032,,
31461,12032,,
31462,12032,,
31463,12032,,
31464,12032,,
31465,12032,,
31466,12032,,
31467,12032,,
31468,12032,,
31469,12032,,
31470,12032,,
31471,12032,,
31472,12032,,
31473,12032,,
31474,12032,,
31475,12032,,
31476,12032,,
31477,12032,,
31478,12032,,
31479,12032,,
31480,12032,,
31481,12032,,
31482,12032,,
31483,12032,,
31484,12032,,
31485,12032,,
31486,12032,,
31487,12032,,
31488,12032,,
31489,12032,,
31490,12032,,
31491,12032,,
31492,12032,,
31493,12032,,
31494,12032,,
31495,12032,,
31496,12032,,
31497,12032,,
31498,12032,,
31499,12032,,
31500,12032,,
31501,12032,,
31502,12032,,
31503,12032,,
31504,12032,,
31505,12032,,
31506,12032,,
31507,12032,,
31508,12032,,
31509,12032,,
31510,12032,,
31511,12032,,
31512,12032,,
31513,12032,,
31514,12032,,
31515,12032,,
31516,12032,,
31517,12032,,
31518,12032,,
31519,12032,,
31520,12032,,
31521,12032,,
31522,12032,,
31523,12032,,
31524,12032,,
31525,12032,,
31526,12032,,
31527,12032,,
31528,12032,,
31529,12032,,
31530,12032,,
31531,12032,,
31532,12032,,
31533,12032,,
31534,12032,,
31535,12032,,
31536,12032,,
31537,12032,,
31538,12032,,
31539,12032,,
31540,12032,,
31541,12032,,
31542,12032,,
31543,12032,,
31544,12032,,
31545,12032,,
31546,12032,,
31547,12032,,
31548,12032,,
31549,12032,,
31550,12032,,
31551,12032,,
31552,12032,,
31553,12032,,
31554,12032,,
31555,12032,,
31556,12032,,
31557,12032,,
31558,12032,,
31559,12032,,
31560,12032,,
31561,12032,,
31562,12032,,
31563,12032,,
31564,12032,,
31565,12032,,
31566,12032,,
31567,12032,,
31568,12032,,
31569,12032,,
31570,12032,,
31571,12032,,
31572,12032,,
31573,12032,,
31574,12032,,
31575,12032,,
31576,12032,,
31577,12032,,
31578,12032,,
31579,12032,,
31580,12032,,
31581,12032,,
31582,12032,,
31583,12032,,
31584,12032,,
31585,12032,,
31586,12032,,
31587,12032,,
31588,12032,,
31589,12032,,
31590,12032,,
31591,12032,,
31592,12032,,
31593,12032,,
31594,12032,,
31595,12032,,
31596,12032,,
31597,12032,,
31598,12032,,
31599,12032,,
31600,12032,,
31601,12032,,
31602,12032,,
31603,12032,,
31604,12032,,
31605,12032,,
31606,12032,,
31607,12032,,
31608,12032,,
31609,12032,,
31610,12032,,
31611,12032,,
31612,12032,,
31613,12032,,
31614,12032,,
31615,12032,,
31616,12032,,
31617,12032,,
31618,12032,,
31619,12032,,
31620,12032,,
31621,12032,,
31622,12032,,
31623,12032,,
31624,12032,,
31625,12032,,
31626,12032,,
31627,12032,,
31628,12032,,
31629,12032,,
31630,12032,,
31631,12032,,
31632,12032,,
31633,12032,,
31634,12032,,
31635,12032,,
31636,12032,,
31637,12032,,
31638,12032,,
31639,12032,,
31640,12032,,
31641,12032,,
31642,12032,,
31643,12032,,
31644,12032,,
31645,12032,,
31646,12032,,
31647,12032,,
31648,12032,,
31649,12032,,
31650,12032,,
31651,12032,,
31652,12032,,
31653,12032,,
31654,12032,,
31655,12032,,
31656,12032,,
31657,12032,,
31658,12032,,
31659,12032,,
31660,12032,,
31661,12032,,
31662,12032,,
31663,12032,,
31664,12032,,
31665,12032,,
31666,12032,,
31667,12032,,
31668,12032,,
31669,12032,,
31670,12032,,
31671,12032,,
31672,12032,,
31673,12032,,
31674,12032,,
31675,12032,,
31676,12032,,
31677,12032,,
31678,12032,,
31679,12032,,
31680,12032,,
31681,12032,,
31682,12032,,
31683,12032,,
31684,12032,,
31685,12032,,
31686,12032,,
31687,12032,,
31688,12032,,
31689,12032,,
31690,12032,,
31691,12032,,
31692,12032,,
31693,12032,,
31694,12032,,
31695,12032,,
31696,12032,,
31697,12032,,
31698,12032,,
31699,12032,,
31700,12032,,
31701,12032,,
31702,12032,,
31703,12032,,
31704,12032,,
31705,12032,,
31706,12032,,
31707,12032,,
31708,12032,,
31709,12032,,
31710,12032,,
31711,12032,,
31712,12032,,
31713,12032,,
31714,12032,,
31715,12032,,
31716,12032,,
31717,12032,,
31718,12032,,
31719,12032,,
31720,12032,,
31721,12032,,
31722,12032,,
31723,12032,,
31724,12032,,
31725,12032,,
31726,12032,,
31727,12032,,
31728,12032,,
31729,12032,,
31730,12032,,
31731,12032,,
31732,12032,,
31733,12032,,
31734,12032,,
31735,12032,,
31736,12032,,
31737,12032,,
31738,12032,,
31739,12032,,
31740,12032,,
31741,12032,,
31742,12032,,
31743,12032,,
31744,12032,,
31745,12032,,
31746,12032,,
31747,12032,,
31748,12032,,
31749,12032,,
31750,12032,,
31751,12032,,
31752,12032,,
31753,12032,,
31754,12032,,
31755,12032,,
31756,12032,,
31757,12032,,
31758,12032,,
31759,12032,,
31760,12032,,
31761,12032,,
31762,12032,,
31763,12032,,
31764,12032,,
31765,12032,,
31766,12032,,
31767,12032,,
31768,12032,,
31769,12032,,
31770,12032,,
31771,12032,,
31772,12032,,
31773,12032,,
31774,12032,,
31775,12032,,
31776,12032,,
31777,12032,,
31778,12032,,
31779,12032,,
31780,12032,,
31781,12032,,
31782,12032,,
31783,12032,,
31784,12032,,
31785,12032,,
31786,12032,,
31787,12032,,
31788,12032,,
31789,12032,,
31790,12032,,
31791,12032,,
31792,12032,,
31793,12032,,
31794,12032,,
31795,12032,,
31796,12032,,
31797,12032,,
31798,12032,,
31799,12032,,
31800,12032,,
31801,12032,,
31802,12032,,
31803,12032,,
31804,12032,,
31805,12032,,
31806,12032,,
31807,12032,,
31808,12032,,
31809,12032,,
31810,12032,,
31811,12032,,
31812,12032,,
31813,12032,,
31814,12032,,
31815,12032,,
31816,12032,,
31817,12032,,
31818,12032,,
31819,12032,,
31820,12032,,
31821,12032,,
31822,12032,,
31823,12032,,
31824,12032,,
31825,12032,,
31826,12032,,
31827,12032,,
31828,12032,,
31829,12032,,
31830,12032,,
31831,12032,,
31832,12032,,
31833,12032,,
31834,12032,,
31835,12032,,
31836,12032,,
31837,12032,,
31838,12032,,
31839,12032,,
31840,12032,,
31841,12032,,
31842,12032,,
31843,12032,,
31844,12032,,
31845,12032,,
31846,12032,,
31847,12032,,
31848,12032,,
31849,12032,,
31850,12032,,
31851,12032,,
31852,12032,,
31853,12032,,
31854,12032,,
31855,12032,,
31856,12032,,
31857,12032,,
31858,12032,,
31859,12032,,
31860,12032,,
31861,12032,,
31862,12032,,
31863,12032,,
31864,12032,,
31865,12032,,
31866,12032,,
31867,12032,,
31868,12032,,
31869,12032,,
31870,12032,,
31871,12032,,
31872,12032,,
31873,12032,,
31874,12032,,
31875,12032,,
31876,12032,,
31877,12032,,
31878,12032,,
31879,12032,,
31880,12032,,
31881,12032,,
31882,12032,,
31883,12032,,
31884,12032,,
31885,12032,,
31886,12032,,
31887,12032,,
31888,12032,,
31889,12032,,
31890,12032,,
31891,12032,,
31892,12032,,
31893,12032,,
31894,12032,,
31895,12032,,
31896,12032,,
31897,12032,,
31898,12032,,
31899,12032,,
31900,12032,,
31901,12032,,
31902,12032,,
31903,12032,,
31904,12032,,
31905,12032,,
31906,12032,,
31907,12032,,
31908,12032,,
31909,12032,,
31910,12032,,
31911,12032,,
31912,12032,,
31913,12032,,
31914,12032,,
31915,12032,,
31916,12032,,
31917,12032,,
31918,12032,,
31919,12032,,
31920,12032,,
31921,12032,,
31922,12032,,
31923,12032,,
31924,12032,,
31925,12032,,
31926,12032,,
31927,12032,,
31928,12032,,
31929,12032,,
31930,12032,,
31931,12032,,
31932,12032,,
31933,12032,,
31934,12032,,
31935,12032,,
31936,12032,,
31937,12032,,
31938,12032,,
31939,12032,,
31940,12032,,
31941,12032,,
31942,12032,,
31943,12032,,
31944,12032,,
31945,12032,,
31946,12032,,
31947,12032,,
31948,12032,,
31949,12032,,
31950,12032,,
31951,12032,,
31952,12032,,
31953,12032,,
31954,12032,,
31955,12032,,
31956,12032,,
31957,12032,,
31958,12032,,
31959,12032,,
31960,12032,,
31961,12032,,
31962,12032,,
31963,12032,,
31964,12032,,
31965,12032,,
31966,12032,,
31967,12032,,
31968,12032,,
31969,12032,,
31970,12032,,
31971,12032,,
31972,12032,,
31973,12032,,
31974,12032,,
31975,12032,,
31976,12032,,
31977,12032,,
31978,12032,,
31979,12032,,
31980,12032,,
31981,12032,,
31982,12032,,
31983,12032,,
31984,12032,,
31985,12032,,
31986,12032,,
31987,12032,,
31988,12032,,
31989,12032,,
31990,12032,,
31991,12032,,
31992,12032,,
31993,12032,,
31994,12032,,
31995,12032,,
31996,12032,,
31997,12032,,
31998,12032,,
31999,12032,,
32000,12032,,
32001,12032,,
32002,12032,,
32003,12032,,
32004,12032,,
32005,12032,,
32006,12032,,
32007,12032,,
32008,12032,,
32009,12032,,
32010,12032,,
32011,12032,,
32012,12032,,
32013,12032,,
32014,12032,,
32015,12032,,
32016,12032,,
32017,12032,,
32018,12032,,
32019,12032,,
32020,12032,,
32021,12032,,
32022,12032,,
32023,12032,,
32024,12032,,
32025,12032,,
32026,12032,,
32027,12032,,
32028,12032,,
32029,12032,,
32030,12032,,
32031,12032,,
32032,12032,,
32033,12032,,
32034,12032,,
32035,12032,,
32036,12032,,
32037,12032,,
32038,12032,,
32039,12032,,
32040,12032,,
32041,12032,,
32042,12032,,
32043,12032,,
32044,12032,,
32045,12032,,
32046,12032,,
32047,12032,,
32048,12032,,
32049,12032,,
32050,12032,,
32051,12032,,
32052,12032,,
32053,12032,,
32054,12032,,
32055,12032,,
32056,12032,,
32057,12032,,
32058,12032,,
32059,12032,,
32060,12032,,
32061,12032,,
32062,12032,,
32063,12032,,
32064,12032,,
32065,12032,,
32066,12032,,
32067,12032,,
32068,12032,,
32069,12032,,
32070,12032,,
32071,12032,,
32072,12032,,
32073,12032,,
32074,12032,,
32075,12032,,
32076,12032,,
32077,12032,,
32078,12032,,
32079,12032,,
32080,12032,,
32081,12032,,
32082,12032,,
32083,12032,,
32084,12032,,
32085,12032,,
32086,12032,,
32087,12032,,
32088,12032,,
32089,12032,,
32090,12032,,
32091,12032,,
32092,12032,,
32093,12032,,
32094,12032,,
32095,12032,,
32096,12032,,
32097,12032,,
32098,12032,,
32099,12032,,
32100,12032,,
32101,12032,,
32102,12032,,
32103,12032,,
32104,12032,,
32105,12032,,
32106,12032,,
32107,12032,,
32108,12032,,
32109,12032,,
32110,12032,,
32111,12032,,
32112,12032,,
32113,12032,,
32114,12032,,
32115,12032,,
32116,12032,,
32117,12032,,
32118,12032,,
32119,12032,,
32120,12032,,
32121,12032,,
32122,12032,,
32123,12032,,
32124,12032,,
32125,12032,,
32126,12032,,
32127,12032,,
32128,12032,,
32129,12032,,
32130,12032,,
32131,12032,,
32132,12032,,
32133,12032,,
32134,12032,,
32135,12032,,
32136,12032,,
32137,12032,,
32138,12032,,
32139,12032,,
32140,12032,,
32141,12032,,
32142,12032,,
32143,12032,,
32144,12032,,
32145,12032,,
32146,12032,,
32147,12032,,
32148,12032,,
32149,12032,,
32150,12032,,
32151,12032,,
32152,12032,,
32153,12032,,
32154,12032,,
32155,12032,,
32156,12032,,
32157,12032,,
32158,12032,,
32159,12032,,
32160,12032,,
32161,12032,,
32162,12032,,
32163,12032,,
32164,12032,,
32165,12032,,
32166,12032,,
32167,12032,,
32168,12032,,
32169,12032,,
32170,12032,,
32171,12032,,
32172,12032,,
32173,12032,,
32174,12032,,
32175,12032,,
32176,12032,,
32177,12032,,
32178,12032,,
32179,12032,,
32180,12032,,
32181,12032,,
32182,12032,,
32183,12032,,
32184,12032,,
32185,12032,,
32186,12032,,
32187,12032,,
32188,12032,,
32189,12032,,
32190,12032,,
32191,12032,,
32192,12032,,
32193,12032,,
32194,12032,,
32195,12032,,
32196,12032,,
32197,12032,,
32198,12032,,
32199,12032,,
32200,12032,,
32201,12032,,
32202,12032,,
32203,12032,,
32204,12032,,
32205,12032,,
32206,12032,,
32207,12032,,
32208,12032,,
32209,12032,,
32210,12032,,
32211,12032,,
32212,12032,,
32213,12032,,
32214,12032,,
32215,12032,,
32216,12032,,
32217,12032,,
32218,12032,,
32219,12032,,
32220,12032,,
32221,12032,,
32222,12032,,
32223,12032,,
32224,12032,,
32225,12032,,
32226,12032,,
32227,12032,,
32228,12032,,
32229,12032,,
32230,12032,,
32231,12032,,
32232,12032,,
32233,12032,,
32234,12032,,
32235,12032,,
32236,12032,,
32237,12032,,
32238,12032,,
32239,12032,,
32240,12032,,
32241,12032,,
32242,12032,,
32243,12032,,
32244,12032,,
32245,12032,,
32246,12032,,
32247,12032,,
32248,12032,,
32249,12032,,
32250,12032,,
32251,12032,,
32252,12032,,
32253,12032,,
32254,12032,,
32255,12032,,
32256,12032,,
32257,12032,,
32258,12032,,
32259,12032,,
32260,12032,,
32261,12032,,
32262,12032,,
32263,12032,,
32264,12032,,
32265,12032,,
32266,12032,,
32267,12032,,
32268,12032,,
32269,12032,,
32270,12032,,
32271,12032,,
32272,12032,,
32273,12032,,
32274,12032,,
32275,12032,,
32276,12032,,
32277,12032,,
32278,12032,,
32279,12032,,
32280,12032,,
32281,12032,,
32282,12032,,
32283,12032,,
32284,12032,,
32285,12032,,
32286,12032,,
32287,12032,,
32288,12032,,
32289,12032,,
32290,12032,,
32291,12032,,
32292,12032,,
32293,12032,,
32294,12032,,
32295,12032,,
32296,12032,,
32297,12032,,
32298,12032,,
32299,12032,,
32300,12032,,
32301,12032,,
32302,12032,,
32303,12032,,
32304,12032,,
32305,12032,,
32306,12032,,
32307,12032,,
32308,12032,,
32309,12032,,
32310,12032,,
32311,12032,,
32312,12032,,
32313,12032,,
32314,12032,,
32315,12032,,
32316,12032,,
32317,12032,,
32318,12032,,
32319,12032,,
32320,12032,,
32321,12032,,
32322,12032,,
32323,12032,,
32324,12032,,
32325,12032,,
32326,12032,,
32327,12032,,
32328,12032,,
32329,12032,,
32330,12032,,
32331,12032,,
32332,12032,,
32333,12032,,
32334,12032,,
32335,12032,,
32336,12032,,
32337,12032,,
32338,12032,,
32339,12032,,
32340,12032,,
32341,12032,,
32342,12032,,
32343,12032,,
32344,12032,,
32345,12032,,
32346,12032,,
32347,12032,,
32348,12032,,
32349,12032,,
32350,12032,,
32351,12032,,
32352,12032,,
32353,12032,,
32354,12032,,
32355,12032,,
32356,12032,,
32357,12032,,
32358,12032,,
32359,12032,,
32360,12032,,
32361,12032,,
32362,12032,,
32363,12032,,
32364,12032,,
32365,12032,,
32366,12032,,
32367,12032,,
32368,12032,,
32369,12032,,
32370,12032,,
32371,12032,,
32372,12032,,
32373,12032,,
32374,12032,,
32375,12032,,
32376,12032,,
32377,12032,,
32378,12032,,
32379,12032,,
32380,12032,,
32381,12032,,
32382,12032,,
32383,12032,,
32384,12032,,
32385,12032,,
32386,12032,,
32387,12032,,
32388,12032,,
32389,12032,,
32390,12032,,
32391,12032,,
32392,12032,,
32393,12032,,
32394,12032,,
32395,12032,,
32396,12032,,
32397,12032,,
32398,12032,,
32399,12032,,
32400,12032,,
32401,12032,,
32402,12032,,
32403,12032,,
32404,12032,,
32405,12032,,
32406,12032,,
32407,12032,,
32408,12032,,
32409,12032,,
32410,12032,,
32411,12032,,
32412,12032,,
32413,12032,,
32414,12032,,
32415,12032,,
32416,12032,,
32417,12032,,
32418,12032,,
32419,12032,,
32420,12032,,
32421,12032,,
32422,12032,,
32423,12032,,
32424,12032,,
32425,12032,,
32426,12032,,
32427,12032,,
32428,12032,,
32429,12032,,
32430,12032,,
32431,12032,,
32432,12032,,
32433,12032,,
32434,12032,,
32435,12032,,
32436,12032,,
32437,12032,,
32438,12032,,
32439,12032,,
32440,12032,,
32441,12032,,
32442,12032,,
32443,12032,,
32444,12032,,
32445,12032,,
32446,12032,,
32447,12032,,
32448,12032,,
32449,12032,,
32450,12032,,
32451,12032,,
32452,12032,,
32453,12032,,
32454,12032,,
32455,12032,,
32456,12032,,
32457,12032,,
32458,12032,,
32459,12032,,
32460,12032,,
32461,12032,,
32462,12032,,
32463,12032,,
32464,12032,,
32465,12032,,
32466,12032,,
32467,12032,,
32468,12032,,
32469,12032,,
32470,12032,,
32471,12032,,
32472,12032,,
32473,12032,,
32474,12032,,
32475,12032,,
32476,12032,,
32477,12032,,
32478,12032,,
32479,12032,,
32480,12032,,
32481,12032,,
32482,12032,,
32483,12032,,
32484,12032,,
32485,12032,,
32486,12032,,
32487,12032,,
32488,12032,,
32489,12032,,
32490,12032,,
32491,12032,,
32492,12032,,
32493,12032,,
32494,12032,,
32495,12032,,
32496,12032,,
32497,12032,,
32498,12032,,
32499,12032,,
32500,12032,,
32501,12032,,
32502,12032,,
32503,12032,,
32504,12032,,
32505,12032,,
32506,12032,,
32507,12032,,
32508,12032,,
32509,12032,,
32510,12032,,
32511,12032,,
32512,12032,,
32513,12032,,
32514,12032,,
32515,12032,,
32516,12032,,
32517,12032,,
32518,12032,,
32519,12032,,
32520,12032,,
32521,12032,,
32522,12032,,
32523,12032,,
32524,12032,,
32525,12032,,
32526,12032,,
32527,12032,,
32528,12032,,
32529,12032,,
32530,12032,,
32531,12032,,
32532,12032,,
32533,12032,,
32534,12032,,
32535,12032,,
32536,12032,,
32537,12032,,
32538,12032,,
32539,12032,,
32540,12032,,
32541,12032,,
32542,12032,,
32543,12032,,
32544,12032,,
32545,12032,,
32546,12032,,
32547,12032,,
32548,12032,,
32549,12032,,
32550,12032,,
32551,12032,,
32552,12032,,
32553,12032,,
32554,12032,,
32555,12032,,
32556,12032,,
32557,12032,,
32558,12032,,
32559,12032,,
32560,12032,,
32561,12032,,
32562,12032,,
32563,12032,,
32564,12032,,
32565,12032,,
32566,12032,,
32567,12032,,
32568,12032,,
32569,12032,,
32570,12032,,
32571,12032,,
32572,12032,,
32573,12032,,
32574,12032,,
32575,12032,,
32576,12032,,
32577,12032,,
32578,12032,,
32579,12032,,
32580,12032,,
32581,12032,,
32582,12032,,
32583,12032,,
32584,12032,,
32585,12032,,
32586,12032,,
32587,12032,,
32588,12032,,
32589,12032,,
32590,12032,,
32591,12032,,
32592,12032,,
32593,12032,,
32594,12032,,
32595,12032,,
32596,12032,,
32597,12032,,
32598,12032,,
32599,12032,,
32600,12032,,
32601,12032,,
32602,12032,,
32603,12032,,
32604,12032,,
32605,12032,,
32606,12032,,
32607,12032,,
32608,12032,,
32609,12032,,
32610,12032,,
32611,12032,,
32612,12032,,
32613,12032,,
32614,12032,,
32615,12032,,
32616,12032,,
32617,12032,,
32618,12032,,
32619,12032,,
32620,12032,,
32621,12032,,
32622,12032,,
32623,12032,,
32624,12032,,
32625,12032,,
32626,12032,,
32627,12032,,
32628,12032,,
32629,12032,,
32630,12032,,
32631,12032,,
32632,12032,,
32633,12032,,
32634,12032,,
32635,12032,,
32636,12032,,
32637,12032,,
32638,12032,,
32639,12032,,
32640,12032,,
32641,12032,,
32642,12032,,
32643,12032,,
32644,12032,,
32645,12032,,
32646,12032,,
32647,12032,,
32648,12032,,
32649,12032,,
32650,12032,,
32651,12032,,
32652,12032,,
32653,12032,,
32654,12032,,
32655,12032,,
32656,12032,,
32657,12032,,
32658,12032,,
32659,12032,,
32660,12032,,
32661,12032,,
32662,12032,,
32663,12032,,
32664,12032,,
32665,12032,,
32666,12032,,
32667,12032,,
32668,12032,,
32669,12032,,
32670,12032,,
32671,12032,,
32672,12032,,
32673,12032,,
32674,12032,,
32675,12032,,
32676,12032,,
32677,12032,,
32678,12032,,
32679,12032,,
32680,12032,,
32681,12032,,
32682,12032,,
32683,12032,,
32684,12032,,
32685,12032,,
32686,12032,,
32687,12032,,
32688,12032,,
32689,12032,,
32690,12032,,
32691,12032,,
32692,12032,,
32693,12032,,
32694,12032,,
32695,12032,,
32696,12032,,
32697,12032,,
32698,12032,,
32699,12032,,
32700,12032,,
32701,12032,,
32702,12032,,
32703,12032,,
32704,12032,,
32705,12032,,
32706,12032,,
32707,12032,,
32708,12032,,
32709,12032,,
32710,12032,,
32711,12032,,
32712,12032,,
32713,12032,,
32714,12032,,
32715,12032,,
32716,12032,,
32717,12032,,
32718,12032,,
32719,12032,,
32720,12032,,
32721,12032,,
32722,12032,,
32723,12032,,
32724,12032,,
32725,12032,,
32726,12032,,
32727,12032,,
32728,12032,,
32729,12032,,
32730,12032,,
32731,12032,,
32732,12032,,
32733,12032,,
32734,12032,,
32735,12032,,
32736,12032,,
32737,12032,,
32738,12032,,
32739,12032,,
32740,12032,,
32741,12032,,
32742,12032,,
32743,12032,,
32744,12032,,
32745,12032,,
32746,12032,,
32747,12032,,
32748,12032,,
32749,12032,,
32750,12032,,
32751,12032,,
32752,12032,,
32753,12032,,
32754,12032,,
32755,12032,,
32756,12032,,
32757,12032,,
32758,12032,,
32759,12032,,
32760,12032,,
32761,12032,,
32762,12032,,
32763,12032,,
32764,12032,,
32765,12032,,
32766,12032,,
32767,12032,,
32768,12032,,
32769,12032,,
32770,12032,,
32771,12032,,
32772,12032,,
32773,12032,,
32774,12032,,
32775,12032,,
32776,12032,,
32777,12032,,
32778,12032,,
32779,12032,,
32780,12032,,
32781,12032,,
32782,12032,,
32783,12032,,
32784,12032,,
32785,12032,,
32786,12032,,
32787,12032,,
32788,12032,,
32789,12032,,
32790,12032,,
32791,12032,,
32792,12032,,
32793,12032,,
32794,12032,,
32795,12032,,
32796,12032,,
32797,12032,,
32798,12032,,
32799,12032,,
32800,12032,,
32801,12032,,
32802,12032,,
32803,12032,,
32804,12032,,
32805,12032,,
32806,12032,,
32807,12032,,
32808,12032,,
32809,12032,,
32810,12032,,
32811,12032,,
32812,12032,,
32813,12032,,
32814,12032,,
32815,12032,,
32816,12032,,
32817,12032,,
32818,12032,,
32819,12032,,
32820,12032,,
32821,12032,,
32822,12032,,
32823,12032,,
32824,12032,,
32825,12032,,
32826,12032,,
32827,12032,,
32828,12032,,
32829,12032,,
32830,12032,,
32831,12032,,
32832,12032,,
32833,12032,,
32834,12032,,
32835,12032,,
32836,12032,,
32837,12032,,
32838,12032,,
32839,12032,,
32840,12032,,
32841,12032,,
32842,12032,,
32843,12032,,
32844,12032,,
32845,12032,,
32846,12032,,
32847,12032,,
32848,12032,,
32849,12032,,
32850,12032,,
32851,12032,,
32852,12032,,
32853,12032,,
32854,12032,,
32855,12032,,
32856,12032,,
32857,12032,,
32858,12032,,
32859,12032,,
32860,12032,,
32861,12032,,
32862,12032,,
32863,12032,,
32864,12032,,
32865,12032,,
32866,12032,,
32867,12032,,
32868,12032,,
32869,12032,,
32870,12032,,
32871,12032,,
32872,12032,,
32873,12032,,
32874,12032,,
32875,12032,,
32876,12032,,
32877,12032,,
32878,12032,,
32879,12032,,
32880,12032,,
32881,12032,,
32882,12032,,
32883,12032,,
32884,12032,,
32885,12032,,
32886,12032,,
32887,12032,,
32888,12032,,
32889,12032,,
32890,12032,,
32891,12032,,
32892,12032,,
32893,12032,,
32894,12032,,
32895,12032,,
32896,12032,,
32897,12032,,
32898,12032,,
32899,12032,,
32900,12032,,
32901,12032,,
32902,12032,,
32903,12032,,
32904,12032,,
32905,12032,,
32906,12032,,
32907,12032,,
32908,12032,,
32909,12032,,
32910,12032,,
32911,12032,,
32912,12032,,
32913,12032,,
32914,12032,,
32915,12032,,
32916,12032,,
32917,12032,,
32918,12032,,
32919,12032,,
32920,12032,,
32921,12032,,
32922,12032,,
32923,12032,,
32924,12032,,
32925,12032,,
32926,12032,,
32927,12032,,
32928,12032,,
32929,12032,,
32930,12032,,
32931,12032,,
32932,12032,,
32933,12032,,
32934,12032,,
32935,12032,,
32936,12032,,
32937,12032,,
32938,12032,,
32939,12032,,
32940,12032,,
32941,12032,,
32942,12032,,
32943,12032,,
32944,12032,,
32945,12032,,
32946,12032,,
32947,12032,,
32948,12032,,
32949,12032,,
32950,12032,,
32951,12032,,
32952,12032,,
32953,12032,,
32954,12032,,
32955,12032,,
32956,12032,,
32957,12032,,
32958,12032,,
32959,12032,,
32960,12032,,
32961,12032,,
32962,12032,,
32963,12032,,
32964,12032,,
32965,12032,,
32966,12032,,
32967,12032,,
32968,12032,,
32969,12032,,
32970,12032,,
32971,12032,,
32972,12032,,
32973,12032,,
32974,12032,,
32975,12032,,
32976,12032,,
32977,12032,,
32978,12032,,
32979,12032,,
32980,12032,,
32981,12032,,
32982,12032,,
32983,12032,,
32984,12032,,
32985,12032,,
32986,12032,,
32987,12032,,
32988,12032,,
32989,12032,,
32990,12032,,
32991,12032,,
32992,12032,,
32993,12032,,
32994,12032,,
32995,12032,,
32996,12032,,
32997,12032,,
32998,12032,,
32999,12032,,
33000,12032,,
33001,12032,,
33002,12032,,
33003,12032,,
33004,12032,,
33005,12032,,
33006,12032,,
33007,12032,,
33008,12032,,
33009,12032,,
33010,12032,,
33011,12032,,
33012,12032,,
33013,12032,,
33014,12032,,
33015,12032,,
33016,12032,,
33017,12032,,
33018,12032,,
33019,12032,,
33020,12032,,
33021,12032,,
33022,12032,,
33023,12032,,
33024,12032,,
33025,12032,,
33026,12032,,
33027,12032,,
33028,12032,,
33029,12032,,
33030,12032,,
33031,12032,,
33032,12032,,
33033,12032,,
33034,12032,,
33035,12032,,
33036,12032,,
33037,12032,,
33038,12032,,
33039,12032,,
33040,12032,,
33041,12032,,
33042,12032,,
33043,12032,,
33044,12032,,
33045,12032,,
33046,12032,,
33047,12032,,
33048,12032,,
33049,12032,,
33050,12032,,
33051,12032,,
33052,12032,,
33053,12032,,
33054,12032,,
33055,12032,,
33056,12032,,
33057,12032,,
33058,12032,,
33059,12032,,
33060,12032,,
33061,12032,,
33062,12032,,
33063,12032,,
33064,12032,,
33065,12032,,
33066,12032,,
33067,12032,,
33068,12032,,
33069,12032,,
33070,12032,,
33071,12032,,
33072,12032,,
33073,12032,,
33074,12032,,
33075,12032,,
33076,12032,,
33077,12032,,
33078,12032,,
33079,12032,,
33080,12032,,
33081,12032,,
33082,12032,,
33083,12032,,
33084,12032,,
33085,12032,,
33086,12032,,
33087,12032,,
33088,12032,,
33089,12032,,
33090,12032,,
33091,12032,,
33092,12032,,
33093,12032,,
33094,12032,,
33095,12032,,
33096,12032,,
33097,12032,,
33098,12032,,
33099,12032,,
33100,12032,,
33101,12032,,
33102,12032,,
33103,12032,,
33104,12032,,
33105,12032,,
33106,12032,,
33107,12032,,
33108,12032,,
33109,12032,,
33110,12032,,
33111,12032,,
33112,12032,,
33113,12032,,
33114,12032,,
33115,12032,,
33116,12032,,
33117,12032,,
33118,12032,,
33119,12032,,
33120,12032,,
33121,12032,,
33122,12032,,
33123,12032,,
33124,12032,,
33125,12032,,
33126,12032,,
33127,12032,,
33128,12032,,
33129,12032,,
33130,12032,,
33131,12032,,
33132,12032,,
33133,12032,,
33134,12032,,
33135,12032,,
33136,12032,,
33137,12032,,
33138,12032,,
33139,12032,,
33140,12032,,
33141,12032,,
33142,12032,,
33143,12032,,
33144,12032,,
33145,12032,,
33146,12032,,
33147,12032,,
33148,12032,,
33149,12032,,
33150,12032,,
33151,12032,,
33152,12032,,
33153,12032,,
33154,12032,,
33155,12032,,
33156,12032,,
33157,12032,,
33158,12032,,
33159,12032,,
33160,12032,,
33161,12032,,
33162,12032,,
33163,12032,,
33164,12032,,
33165,12032,,
33166,12032,,
33167,12032,,
33168,12032,,
33169,12032,,
33170,12032,,
33171,12032,,
33172,12032,,
33173,12032,,
33174,12032,,
33175,12032,,
33176,12032,,
33177,12032,,
33178,12032,,
33179,12032,,
33180,12032,,
33181,12032,,
33182,12032,,
33183,12032,,
33184,12032,,
33185,12032,,
33186,12032,,
33187,12032,,
33188,12032,,
33189,12032,,
33190,12032,,
33191,12032,,
33192,12032,,
33193,12032,,
33194,12032,,
33195,12032,,
33196,12032,,
33197,12032,,
33198,12032,,
33199,12032,,
33200,12032,,
33201,12032,,
33202,12032,,
33203,12032,,
33204,12032,,
33205,12032,,
33206,12032,,
33207,12032,,
33208,12032,,
33209,12032,,
33210,12032,,
33211,12032,,
33212,12032,,
33213,12032,,
33214,12032,,
33215,12032,,
33216,12032,,
33217,12032,,
33218,12032,,
33219,12032,,
33220,12032,,
33221,12032,,
33222,12032,,
33223,12032,,
33224,12032,,
33225,12032,,
33226,12032,,
33227,12032,,
33228,12032,,
33229,12032,,
33230,12032,,
33231,12032,,
33232,12032,,
33233,12032,,
33234,12032,,
33235,12032,,
33236,12032,,
33237,12032,,
33238,12032,,
33239,12032,,
33240,12032,,
33241,12032,,
33242,12032,,
33243,12032,,
33244,12032,,
33245,12032,,
33246,12032,,
33247,12032,,
33248,12032,,
33249,12032,,
33250,12032,,
33251,12032,,
33252,12032,,
33253,12032,,
33254,12032,,
33255,12032,,
33256,12032,,
33257,12032,,
33258,12032,,
33259,12032,,
33260,12032,,
33261,12032,,
33262,12032,,
33263,12032,,
33264,12032,,
33265,12032,,
33266,12032,,
33267,12032,,
33268,12032,,
33269,12032,,
33270,12032,,
33271,12032,,
33272,12032,,
33273,12032,,
33274,12032,,
33275,12032,,
33276,12032,,
33277,12032,,
33278,12032,,
33279,12032,,
33280,12032,,
33281,12032,,
33282,12032,,
33283,12032,,
33284,12032,,
33285,12032,,
33286,12032,,
33287,12032,,
33288,12032,,
33289,12032,,
33290,12032,,
33291,12032,,
33292,12032,,
33293,12032,,
33294,12032,,
33295,12032,,
33296,12032,,
33297,12032,,
33298,12032,,
33299,12032,,
33300,12032,,
33301,12032,,
33302,12032,,
33303,12032,,
33304,12032,,
33305,12032,,
33306,12032,,
33307,12032,,
33308,12032,,
33309,12032,,
33310,12032,,
33311,12032,,
33312,12032,,
33313,12032,,
33314,12032,,
33315,12032,,
33316,12032,,
33317,12032,,
33318,12032,,
33319,12032,,
33320,12032,,
33321,12032,,
33322,12032,,
33323,12032,,
33324,12032,,
33325,12032,,
33326,12032,,
33327,12032,,
33328,12032,,
33329,12032,,
33330,12032,,
33331,12032,,
33332,12032,,
33333,12032,,
33334,12032,,
33335,12032,,
33336,12032,,
33337,12032,,
33338,12032,,
33339,12032,,
33340,12032,,
33341,12032,,
33342,12032,,
33343,12032,,
33344,12032,,
33345,12032,,
33346,12032,,
33347,12032,,
33348,12032,,
33349,12032,,
33350,12032,,
33351,12032,,
33352,12032,,
33353,12032,,
33354,12032,,
33355,12032,,
33356,12032,,
33357,12032,,
33358,12032,,
33359,12032,,
33360,12032,,
33361,12032,,
33362,12032,,
33363,12032,,
33364,12032,,
33365,12032,,
33366,12032,,
33367,12032,,
33368,12032,,
33369,12032,,
33370,12032,,
33371,12032,,
33372,12032,,
33373,12032,,
33374,12032,,
33375,12032,,
33376,12032,,
33377,12032,,
33378,12032,,
33379,12032,,
33380,12032,,
33381,12032,,
33382,12032,,
33383,12032,,
33384,12032,,
33385,12032,,
33386,12032,,
33387,12032,,
33388,12032,,
33389,12032,,
33390,12032,,
33391,12032,,
33392,12032,,
33393,12032,,
33394,12032,,
33395,12032,,
33396,12032,,
33397,12032,,
33398,12032,,
33399,12032,,
33400,12032,,
33401,12032,,
33402,12032,,
33403,12032,,
33404,12032,,
33405,12032,,
33406,12032,,
33407,12032,,
33408,12032,,
33409,12032,,
33410,12032,,
33411,12032,,
33412,12032,,
33413,12032,,
33414,12032,,
33415,12032,,
33416,12032,,
33417,12032,,
33418,12032,,
33419,12032,,
33420,12032,,
33421,12032,,
33422,12032,,
33423,12032,,
33424,12032,,
33425,12032,,
33426,12032,,
33427,12032,,
33428,12032,,
33429,12032,,
33430,12032,,
33431,12032,,
33432,12032,,
33433,12032,,
33434,12032,,
33435,12032,,
33436,12032,,
33437,12032,,
33438,12032,,
33439,12032,,
33440,12032,,
33441,12032,,
33442,12032,,
33443,12032,,
33444,12032,,
33445,12032,,
33446,12032,,
33447,12032,,
33448,12032,,
33449,12032,,
33450,12032,,
33451,12032,,
33452,12032,,
33453,12032,,
33454,12032,,
33455,12032,,
33456,12032,,
33457,12032,,
33458,12032,,
33459,12032,,
33460,12032,,
33461,12032,,
33462,12032,,
33463,12032,,
33464,12032,,
33465,12032,,
33466,12032,,
33467,12032,,
33468,12032,,
33469,12032,,
33470,12032,,
33471,12032,,
33472,12032,,
33473,12032,,
33474,12032,,
33475,12032,,
33476,12032,,
33477,12032,,
33478,12032,,
33479,12032,,
33480,12032,,
33481,12032,,
33482,12032,,
33483,12032,,
33484,12032,,
33485,12032,,
33486,12032,,
33487,12032,,
33488,12032,,
33489,12032,,
33490,12032,,
33491,12032,,
33492,12032,,
33493,12032,,
33494,12032,,
33495,12032,,
33496,12032,,
33497,12032,,
33498,12032,,
33499,12032,,
33500,12032,,
33501,12032,,
33502,12032,,
33503,12032,,
33504,12032,,
33505,12032,,
33506,12032,,
33507,12032,,
33508,12032,,
33509,12032,,
33510,12032,,
33511,12032,,
33512,12032,,
33513,12032,,
33514,12032,,
33515,12032,,
33516,12032,,
33517,12032,,
33518,12032,,
33519,12032,,
33520,12032,,
33521,12032,,
33522,12032,,
33523,12032,,
33524,12032,,
33525,12032,,
33526,12032,,
33527,12032,,
33528,12032,,
33529,12032,,
33530,12032,,
33531,12032,,
33532,12032,,
33533,12032,,
33534,12032,,
33535,12032,,
33536,12032,,
33537,12032,,
33538,12032,,
33539,12032,,
33540,12032,,
33541,12032,,
33542,12032,,
33543,12032,,
33544,12032,,
33545,12032,,
33546,12032,,
33547,12032,,
33548,12032,,
33549,12032,,
33550,12032,,
33551,12032,,
33552,12032,,
33553,12032,,
33554,12032,,
33555,12032,,
33556,12032,,
33557,12032,,
33558,12032,,
33559,12032,,
33560,12032,,
33561,12032,,
33562,12032,,
33563,12032,,
33564,12032,,
33565,12032,,
33566,12032,,
33567,12032,,
33568,12032,,
33569,12032,,
33570,12032,,
33571,12032,,
33572,12032,,
33573,12032,,
33574,12032,,
33575,12032,,
33576,12032,,
33577,12032,,
33578,12032,,
33579,12032,,
33580,12032,,
33581,12032,,
33582,12032,,
33583,12032,,
33584,12032,,
33585,12032,,
33586,12032,,
33587,12032,,
33588,12032,,
33589,12032,,
33590,12032,,
33591,12032,,
33592,12032,,
33593,12032,,
33594,12032,,
33595,12032,,
33596,12032,,
33597,12032,,
33598,12032,,
33599,12032,,
33600,12032,,
33601,12032,,
33602,12032,,
33603,12032,,
33604,12032,,
33605,12032,,
33606,12032,,
33607,12032,,
33608,12032,,
33609,12032,,
33610,12032,,
33611,12032,,
33612,12032,,
33613,12032,,
33614,12032,,
33615,12032,,
33616,12032,,
33617,12032,,
33618,12032,,
33619,12032,,
33620,12032,,
33621,12032,,
33622,12032,,
33623,12032,,
33624,12032,,
33625,12032,,
33626,12032,,
33627,12032,,
33628,12032,,
33629,12032,,
33630,12032,,
33631,12032,,
33632,12032,,
33633,12032,,
33634,12032,,
33635,12032,,
33636,12032,,
33637,12032,,
33638,12032,,
33639,12032,,
33640,12032,,
33641,12032,,
33642,12032,,
33643,12032,,
33644,12032,,
33645,12032,,
33646,12032,,
33647,12032,,
33648,12032,,
33649,12032,,
33650,12032,,
33651,12032,,
33652,12032,,
33653,12032,,
33654,12032,,
33655,12032,,
33656,12032,,
33657,12032,,
33658,12032,,
33659,12032,,
33660,12032,,
33661,12032,,
33662,12032,,
33663,12032,,
33664,12032,,
33665,12032,,
33666,12032,,
33667,12032,,
33668,12032,,
33669,12032,,
33670,12032,,
33671,12032,,
33672,12032,,
33673,12032,,
33674,12032,,
33675,12032,,
33676,12032,,
33677,12032,,
33678,12032,,
33679,12032,,
33680,12032,,
33681,12032,,
33682,12032,,
33683,12032,,
33684,12032,,
33685,12032,,
33686,12032,,
33687,12032,,
33688,12032,,
33689,12032,,
33690,12032,,
33691,12032,,
33692,12032,,
33693,12032,,
33694,12032,,
33695,12032,,
33696,12032,,
33697,12032,,
33698,12032,,
33699,12032,,
33700,12032,,
33701,12032,,
33702,12032,,
33703,12032,,
33704,12032,,
33705,12032,,
33706,12032,,
33707,12032,,
33708,12032,,
33709,12032,,
33710,12032,,
33711,12032,,
33712,12032,,
33713,12032,,
33714,12032,,
33715,12032,,
33716,12032,,
33717,12032,,
33718,12032,,
33719,12032,,
33720,12032,,
33721,12032,,
33722,12032,,
33723,12032,,
33724,12032,,
33725,12032,,
33726,12032,,
33727,12032,,
33728,12032,,
33729,12032,,
33730,12032,,
33731,12032,,
33732,12032,,
33733,12032,,
33734,12032,,
33735,12032,,
33736,12032,,
33737,12032,,
33738,12032,,
33739,12032,,
33740,12032,,
33741,12032,,
33742,12032,,
33743,12032,,
33744,12032,,
33745,12032,,
33746,12032,,
33747,12032,,
33748,12032,,
33749,12032,,
33750,12032,,
33751,12032,,
33752,12032,,
33753,12032,,
33754,12032,,
33755,12032,,
33756,12032,,
33757,12032,,
33758,12032,,
33759,12032,,
33760,12032,,
33761,12032,,
33762,12032,,
33763,12032,,
33764,12032,,
33765,12032,,
33766,12032,,
33767,12032,,
33768,12032,,
33769,12032,,
33770,12032,,
33771,12032,,
33772,12032,,
33773,12032,,
33774,12032,,
33775,12032,,
33776,12032,,
33777,12032,,
33778,12032,,
33779,12032,,
33780,12032,,
33781,12032,,
33782,12032,,
33783,12032,,
33784,12032,,
33785,12032,,
33786,12032,,
33787,12032,,
33788,12032,,
33789,12032,,
33790,12032,,
33791,12032,,
33792,12032,,
33793,12032,,
33794,12032,,
33795,12032,,
33796,12032,,
33797,12032,,
33798,12032,,
33799,12032,,
33800,12032,,
33801,12032,,
33802,12032,,
33803,12032,,
33804,12032,,
33805,12032,,
33806,12032,,
33807,12032,,
33808,12032,,
33809,12032,,
33810,12032,,
33811,12032,,
33812,12032,,
33813,12032,,
33814,12032,,
33815,12032,,
33816,12032,,
33817,12032,,
33818,12032,,
33819,12032,,
33820,12032,,
33821,12032,,
33822,12032,,
33823,12032,,
33824,12032,,
33825,12032,,
33826,12032,,
33827,12032,,
33828,12032,,
33829,12032,,
33830,12032,,
33831,12032,,
33832,12032,,
33833,12032,,
33834,12032,,
33835,12032,,
33836,12032,,
33837,12032,,
33838,12032,,
33839,12032,,
33840,12032,,
33841,12032,,
33842,12032,,
33843,12032,,
33844,12032,,
33845,12032,,
33846,12032,,
33847,12032,,
33848,12032,,
33849,12032,,
33850,12032,,
33851,12032,,
33852,12032,,
33853,12032,,
33854,12032,,
33855,12032,,
33856,12032,,
33857,12032,,
33858,12032,,
33859,12032,,
33860,12032,,
33861,12032,,
33862,12032,,
33863,12032,,
33864,12032,,
33865,12032,,
33866,12032,,
33867,12032,,
33868,12032,,
33869,12032,,
33870,12032,,
33871,12032,,
33872,12032,,
33873,12032,,
33874,12032,,
33875,12032,,
33876,12032,,
33877,12032,,
33878,12032,,
33879,12032,,
33880,12032,,
33881,12032,,
33882,12032,,
33883,12032,,
33884,12032,,
33885,12032,,
33886,12032,,
33887,12032,,
33888,12032,,
33889,12032,,
33890,12032,,
33891,12032,,
33892,12032,,
33893,12032,,
33894,12032,,
33895,12032,,
33896,12032,,
33897,12032,,
33898,12032,,
33899,12032,,
33900,12032,,
33901,12032,,
33902,12032,,
33903,12032,,
33904,12032,,
33905,12032,,
33906,12032,,
33907,12032,,
33908,12032,,
33909,12032,,
33910,12032,,
33911,12032,,
33912,12032,,
33913,12032,,
33914,12032,,
33915,12032,,
33916,12032,,
33917,12032,,
33918,12032,,
33919,12032,,
33920,12032,,
33921,12032,,
33922,12032,,
33923,12032,,
33924,12032,,
33925,12032,,
33926,12032,,
33927,12032,,
33928,12032,,
33929,12032,,
33930,12032,,
33931,12032,,
33932,12032,,
33933,12032,,
33934,12032,,
33935,12032,,
33936,12032,,
33937,12032,,
33938,12032,,
33939,12032,,
33940,12032,,
33941,12032,,
33942,12032,,
33943,12032,,
33944,12032,,
33945,12032,,
33946,12032,,
33947,12032,,
33948,12032,,
33949,12032,,
33950,12032,,
33951,12032,,
33952,12032,,
33953,12032,,
33954,12032,,
33955,12032,,
33956,12032,,
33957,12032,,
33958,12032,,
33959,12032,,
33960,12032,,
33961,12032,,
33962,12032,,
33963,12032,,
33964,12032,,
33965,12032,,
33966,12032,,
33967,12032,,
33968,12032,,
33969,12032,,
33970,12032,,
33971,12032,,
33972,12032,,
33973,12032,,
33974,12032,,
33975,12032,,
33976,12032,,
33977,12032,,
33978,12032,,
33979,12032,,
33980,12032,,
33981,12032,,
33982,12032,,
33983,12032,,
33984,12032,,
33985,12032,,
33986,12032,,
33987,12032,,
33988,12032,,
33989,12032,,
33990,12032,,
33991,12032,,
33992,12032,,
33993,12032,,
33994,12032,,
33995,12032,,
33996,12032,,
33997,12032,,
33998,12032,,
33999,12032,,
34000,12032,,
34001,12032,,
34002,12032,,
34003,12032,,
34004,12032,,
34005,12032,,
34006,12032,,
34007,12032,,
34008,12032,,
34009,12032,,
34010,12032,,
34011,12032,,
34012,12032,,
34013,12032,,
34014,12032,,
34015,12032,,
34016,12032,,
34017,12032,,
34018,12032,,
34019,12032,,
34020,12032,,
34021,12032,,
34022,12032,,
34023,12032,,
34024,12032,,
34025,12032,,
34026,12032,,
34027,12032,,
34028,12032,,
34029,12032,,
34030,12032,,
34031,12032,,
34032,12032,,
34033,12032,,
34034,12032,,
34035,12032,,
34036,12032,,
34037,12032,,
34038,12032,,
34039,12032,,
34040,12032,,
34041,12032,,
34042,12032,,
34043,12032,,
34044,12032,,
34045,12032,,
34046,12032,,
34047,12032,,
34048,12032,,
34049,12032,,
34050,12032,,
34051,12032,,
34052,12032,,
34053,12032,,
34054,12032,,
34055,12032,,
34056,12032,,
34057,12032,,
34058,12032,,
34059,12032,,
34060,12032,,
34061,12032,,
34062,12032,,
34063,12032,,
34064,12032,,
34065,12032,,
34066,12032,,
34067,12032,,
34068,12032,,
34069,12032,,
34070,12032,,
34071,12032,,
34072,12032,,
34073,12032,,
34074,12032,,
34075,12032,,
34076,12032,,
34077,12032,,
34078,12032,,
34079,12032,,
34080,12032,,
34081,12032,,
34082,12032,,
34083,12032,,
34084,12032,,
34085,12032,,
34086,12032,,
34087,12032,,
34088,12032,,
34089,12032,,
34090,12032,,
34091,12032,,
34092,12032,,
34093,12032,,
34094,12032,,
34095,12032,,
34096,12032,,
34097,12032,,
34098,12032,,
34099,12032,,
34100,12032,,
34101,12032,,
34102,12032,,
34103,12032,,
34104,12032,,
34105,12032,,
34106,12032,,
34107,12032,,
34108,12032,,
34109,12032,,
34110,12032,,
34111,12032,,
34112,12032,,
34113,12032,,
34114,12032,,
34115,12032,,
34116,12032,,
34117,12032,,
34118,12032,,
34119,12032,,
34120,12032,,
34121,12032,,
34122,12032,,
34123,12032,,
34124,12032,,
34125,12032,,
34126,12032,,
34127,12032,,
34128,12032,,
34129,12032,,
34130,12032,,
34131,12032,,
34132,12032,,
34133,12032,,
34134,12032,,
34135,12032,,
34136,12032,,
34137,12032,,
34138,12032,,
34139,12032,,
34140,12032,,
34141,12032,,
34142,12032,,
34143,12032,,
34144,12032,,
34145,12032,,
34146,12032,,
34147,12032,,
34148,12032,,
34149,12032,,
34150,12032,,
34151,12032,,
34152,12032,,
34153,12032,,
34154,12032,,
34155,12032,,
34156,12032,,
34157,12032,,
34158,12032,,
34159,12032,,
34160,12032,,
34161,12032,,
34162,12032,,
34163,12032,,
34164,12032,,
34165,12032,,
34166,12032,,
34167,12032,,
34168,12032,,
34169,12032,,
34170,12032,,
34171,12032,,
34172,12032,,
34173,12032,,
34174,12032,,
34175,12032,,
34176,12032,,
34177,12032,,
34178,12032,,
34179,12032,,
34180,12032,,
34181,12032,,
34182,12032,,
34183,12032,,
34184,12032,,
34185,12032,,
34186,12032,,
34187,12032,,
34188,12032,,
34189,12032,,
34190,12032,,
34191,12032,,
34192,12032,,
34193,12032,,
34194,12032,,
34195,12032,,
34196,12032,,
34197,12032,,
34198,12032,,
34199,12032,,
34200,12032,,
34201,12032,,
34202,12032,,
34203,12032,,
34204,12032,,
34205,12032,,
34206,12032,,
34207,12032,,
34208,12032,,
34209,12032,,
34210,12032,,
34211,12032,,
34212,12032,,
34213,12032,,
34214,12032,,
34215,12032,,
34216,12032,,
34217,12032,,
34218,12032,,
34219,12032,,
34220,12032,,
34221,12032,,
34222,12032,,
34223,12032,,
34224,12032,,
34225,12032,,
34226,12032,,
34227,12032,,
34228,12032,,
34229,12032,,
34230,12032,,
34231,12032,,
34232,12032,,
34233,12032,,
34234,12032,,
34235,12032,,
34236,12032,,
34237,12032,,
34238,12032,,
34239,12032,,
34240,12032,,
34241,12032,,
34242,12032,,
34243,12032,,
34244,12032,,
34245,12032,,
34246,12032,,
34247,12032,,
34248,12032,,
34249,12032,,
34250,12032,,
34251,12032,,
34252,12032,,
34253,12032,,
34254,12032,,
34255,12032,,
34256,12032,,
34257,12032,,
34258,12032,,
34259,12032,,
34260,12032,,
34261,12032,,
34262,12032,,
34263,12032,,
34264,12032,,
34265,12032,,
34266,12032,,
34267,12032,,
34268,12032,,
34269,12032,,
34270,12032,,
34271,12032,,
34272,12032,,
34273,12032,,
34274,12032,,
34275,12032,,
34276,12032,,
34277,12032,,
34278,12032,,
34279,12032,,
34280,12032,,
34281,12032,,
34282,12032,,
34283,12032,,
34284,12032,,
34285,12032,,
34286,12032,,
34287,12032,,
34288,12032,,
34289,12032,,
34290,12032,,
34291,12032,,
34292,12032,,
34293,12032,,
34294,12032,,
34295,12032,,
34296,12032,,
34297,12032,,
34298,12032,,
34299,12032,,
34300,12032,,
34301,12032,,
34302,12032,,
34303,12032,,
34304,12032,,
34305,12032,,
34306,12032,,
34307,12032,,
34308,12032,,
34309,12032,,
34310,12032,,
34311,12032,,
34312,12032,,
34313,12032,,
34314,12032,,
34315,12032,,
34316,12032,,
34317,12032,,
34318,12032,,
34319,12032,,
34320,12032,,
34321,12032,,
34322,12032,,
34323,12032,,
34324,12032,,
34325,12032,,
34326,12032,,
34327,12032,,
34328,12032,,
34329,12032,,
34330,12032,,
34331,12032,,
34332,12032,,
34333,12032,,
34334,12032,,
34335,12032,,
34336,12032,,
34337,12032,,
34338,12032,,
34339,12032,,
34340,12032,,
34341,12032,,
34342,12032,,
34343,12032,,
34344,12032,,
34345,12032,,
34346,12032,,
34347,12032,,
34348,12032,,
34349,12032,,
34350,12032,,
34351,12032,,
34352,12032,,
34353,12032,,
34354,12032,,
34355,12032,,
34356,12032,,
34357,12032,,
34358,12032,,
34359,12032,,
34360,12032,,
34361,12032,,
34362,12032,,
34363,12032,,
34364,12032,,
34365,12032,,
34366,12032,,
34367,12032,,
34368,12032,,
34369,12032,,
34370,12032,,
34371,12032,,
34372,12032,,
34373,12032,,
34374,12032,,
34375,12032,,
34376,12032,,
34377,12032,,
34378,12032,,
34379,12032,,
34380,12032,,
34381,12032,,
34382,12032,,
34383,12032,,
34384,12032,,
34385,12032,,
34386,12032,,
34387,12032,,
34388,12032,,
34389,12032,,
34390,12032,,
34391,12032,,
34392,12032,,
34393,12032,,
34394,12032,,
34395,12032,,
34396,12032,,
34397,12032,,
34398,12032,,
34399,12032,,
34400,12032,,
34401,12032,,
34402,12032,,
34403,12032,,
34404,12032,,
34405,12032,,
34406,12032,,
34407,12032,,
34408,12032,,
34409,12032,,
34410,12032,,
34411,12032,,
34412,12032,,
34413,12032,,
34414,12032,,
34415,12032,,
34416,12032,,
34417,12032,,
34418,12032,,
34419,12032,,
34420,12032,,
34421,12032,,
34422,12032,,
34423,12032,,
34424,12032,,
34425,12032,,
34426,12032,,
34427,12032,,
34428,12032,,
34429,12032,,
34430,12032,,
34431,12032,,
34432,12032,,
34433,12032,,
34434,12032,,
34435,12032,,
34436,12032,,
34437,12032,,
34438,12032,,
34439,12032,,
34440,12032,,
34441,12032,,
34442,12032,,
34443,12032,,
34444,12032,,
34445,12032,,
34446,12032,,
34447,12032,,
34448,12032,,
34449,12032,,
34450,12032,,
34451,12032,,
34452,12032,,
34453,12032,,
34454,12032,,
34455,12032,,
34456,12032,,
34457,12032,,
34458,12032,,
34459,12032,,
34460,12032,,
34461,12032,,
34462,12032,,
34463,12032,,
34464,12032,,
34465,12032,,
34466,12032,,
34467,12032,,
34468,12032,,
34469,12032,,
34470,12032,,
34471,12032,,
34472,12032,,
34473,12032,,
34474,12032,,
34475,12032,,
34476,12032,,
34477,12032,,
34478,12032,,
34479,12032,,
34480,12032,,
34481,12032,,
34482,12032,,
34483,12032,,
34484,12032,,
34485,12032,,
34486,12032,,
34487,12032,,
34488,12032,,
34489,12032,,
34490,12032,,
34491,12032,,
34492,12032,,
34493,12032,,
34494,12032,,
34495,12032,,
34496,12032,,
34497,12032,,
34498,12032,,
34499,12032,,
34500,12032,,
34501,12032,,
34502,12032,,
34503,12032,,
34504,12032,,
34505,12032,,
34506,12032,,
34507,12032,,
34508,12032,,
34509,12032,,
34510,12032,,
34511,12032,,
34512,12032,,
34513,12032,,
34514,12032,,
34515,12032,,
34516,12032,,
34517,12032,,
34518,12032,,
34519,12032,,
34520,12032,,
34521,12032,,
34522,12032,,
34523,12032,,
34524,12032,,
34525,12032,,
34526,12032,,
34527,12032,,
34528,12032,,
34529,12032,,
34530,12032,,
34531,12032,,
34532,12032,,
34533,12032,,
34534,12032,,
34535,12032,,
34536,12032,,
34537,12032,,
34538,12032,,
34539,12032,,
34540,12032,,
34541,12032,,
34542,12032,,
34543,12032,,
34544,12032,,
34545,12032,,
34546,12032,,
34547,12032,,
34548,12032,,
34549,12032,,
34550,12032,,
34551,12032,,
34552,12032,,
34553,12032,,
34554,12032,,
34555,12032,,
34556,12032,,
34557,12032,,
34558,12032,,
34559,12032,,
34560,12032,,
34561,12032,,
34562,12032,,
34563,12032,,
34564,12032,,
34565,12032,,
34566,12032,,
34567,12032,,
34568,12032,,
34569,12032,,
34570,12032,,
34571,12032,,
34572,12032,,
34573,12032,,
34574,12032,,
34575,12032,,
34576,12032,,
34577,12032,,
34578,12032,,
34579,12032,,
34580,12032,,
34581,12032,,
34582,12032,,
34583,12032,,
34584,12032,,
34585,12032,,
34586,12032,,
34587,12032,,
34588,12032,,
34589,12032,,
34590,12032,,
34591,12032,,
34592,12032,,
34593,12032,,
34594,12032,,
34595,12032,,
34596,12032,,
34597,12032,,
34598,12032,,
34599,12032,,
34600,12032,,
34601,12032,,
34602,12032,,
34603,12032,,
34604,12032,,
34605,12032,,
34606,12032,,
34607,12032,,
34608,12032,,
34609,12032,,
34610,12032,,
34611,12032,,
34612,12032,,
34613,12032,,
34614,12032,,
34615,12032,,
34616,12032,,
34617,12032,,
34618,12032,,
34619,12032,,
34620,12032,,
34621,12032,,
34622,12032,,
34623,12032,,
34624,12032,,
34625,12032,,
34626,12032,,
34627,12032,,
34628,12032,,
34629,12032,,
34630,12032,,
34631,12032,,
34632,12032,,
34633,12032,,
34634,12032,,
34635,12032,,
34636,12032,,
34637,12032,,
34638,12032,,
34639,12032,,
34640,12032,,
34641,12032,,
34642,12032,,
34643,12032,,
34644,12032,,
34645,12032,,
34646,12032,,
34647,12032,,
34648,12032,,
34649,12032,,
34650,12032,,
34651,12032,,
34652,12032,,
34653,12032,,
34654,12032,,
34655,12032,,
34656,12032,,
34657,12032,,
34658,12032,,
34659,12032,,
34660,12032,,
34661,12032,,
34662,12032,,
34663,12032,,
34664,12032,,
34665,12032,,
34666,12032,,
34667,12032,,
34668,12032,,
34669,12032,,
34670,12032,,
34671,12032,,
34672,12032,,
34673,12032,,
34674,12032,,
34675,12032,,
34676,12032,,
34677,12032,,
34678,12032,,
34679,12032,,
34680,12032,,
34681,12032,,
34682,12032,,
34683,12032,,
34684,12032,,
34685,12032,,
34686,12032,,
34687,12032,,
34688,12032,,
34689,12032,,
34690,12032,,
34691,12032,,
34692,12032,,
34693,12032,,
34694,12032,,
34695,12032,,
34696,12032,,
34697,12032,,
34698,12032,,
34699,12032,,
34700,12032,,
34701,12032,,
34702,12032,,
34703,12032,,
34704,12032,,
34705,12032,,
34706,12032,,
34707,12032,,
34708,12032,,
34709,12032,,
34710,12032,,
34711,12032,,
34712,12032,,
34713,12032,,
34714,12032,,
34715,12032,,
34716,12032,,
34717,12032,,
34718,12032,,
34719,12032,,
34720,12032,,
34721,12032,,
34722,12032,,
34723,12032,,
34724,12032,,
34725,12032,,
34726,12032,,
34727,12032,,
34728,12032,,
34729,12032,,
34730,12032,,
34731,12032,,
34732,12032,,
34733,12032,,
34734,12032,,
34735,12032,,
34736,12032,,
34737,12032,,
34738,12032,,
34739,12032,,
34740,12032,,
34741,12032,,
34742,12032,,
34743,12032,,
34744,12032,,
34745,12032,,
34746,12032,,
34747,12032,,
34748,12032,,
34749,12032,,
34750,12032,,
34751,12032,,
34752,12032,,
34753,12032,,
34754,12032,,
34755,12032,,
34756,12032,,
34757,12032,,
34758,12032,,
34759,12032,,
34760,12032,,
34761,12032,,
34762,12032,,
34763,12032,,
34764,12032,,
34765,12032,,
34766,12032,,
34767,12032,,
34768,12032,,
34769,12032,,
34770,12032,,
34771,12032,,
34772,12032,,
34773,12032,,
34774,12032,,
34775,12032,,
34776,12032,,
34777,12032,,
34778,12032,,
34779,12032,,
34780,12032,,
34781,12032,,
34782,12032,,
34783,12032,,
34784,12032,,
34785,12032,,
34786,12032,,
34787,12032,,
34788,12032,,
34789,12032,,
34790,12032,,
34791,12032,,
34792,12032,,
34793,12032,,
34794,12032,,
34795,12032,,
34796,12032,,
34797,12032,,
34798,12032,,
34799,12032,,
34800,12032,,
34801,12032,,
34802,12032,,
34803,12032,,
34804,12032,,
34805,12032,,
34806,12032,,
34807,12032,,
34808,12032,,
34809,12032,,
34810,12032,,
34811,12032,,
34812,12032,,
34813,12032,,
34814,12032,,
34815,12032,,
34816,12032,,
34817,12032,,
34818,12032,,
34819,12032,,
34820,12032,,
34821,12032,,
34822,12032,,
34823,12032,,
34824,12032,,
34825,12032,,
34826,12032,,
34827,12032,,
34828,12032,,
34829,12032,,
34830,12032,,
34831,12032,,
34832,12032,,
34833,12032,,
34834,12032,,
34835,12032,,
34836,12032,,
34837,12032,,
34838,12032,,
34839,12032,,
34840,12032,,
34841,12032,,
34842,12032,,
34843,12032,,
34844,12032,,
34845,12032,,
34846,12032,,
34847,12032,,
34848,12032,,
34849,12032,,
34850,12032,,
34851,12032,,
34852,12032,,
34853,12032,,
34854,12032,,
34855,12032,,
34856,12032,,
34857,12032,,
34858,12032,,
34859,12032,,
34860,12032,,
34861,12032,,
34862,12032,,
34863,12032,,
34864,12032,,
34865,12032,,
34866,12032,,
34867,12032,,
34868,12032,,
34869,12032,,
34870,12032,,
34871,12032,,
34872,12032,,
34873,12032,,
34874,12032,,
34875,12032,,
34876,12032,,
34877,12032,,
34878,12032,,
34879,12032,,
34880,12032,,
34881,12032,,
34882,12032,,
34883,12032,,
34884,12032,,
34885,12032,,
34886,12032,,
34887,12032,,
34888,12032,,
34889,12032,,
34890,12032,,
34891,12032,,
34892,12032,,
34893,12032,,
34894,12032,,
34895,12032,,
34896,12032,,
34897,12032,,
34898,12032,,
34899,12032,,
34900,12032,,
34901,12032,,
34902,12032,,
34903,12032,,
34904,12032,,
34905,12032,,
34906,12032,,
34907,12032,,
34908,12032,,
34909,12032,,
34910,12032,,
34911,12032,,
34912,12032,,
34913,12032,,
34914,12032,,
34915,12032,,
34916,12032,,
34917,12032,,
34918,12032,,
34919,12032,,
34920,12032,,
34921,12032,,
34922,12032,,
34923,12032,,
34924,12032,,
34925,12032,,
34926,12032,,
34927,12032,,
34928,12032,,
34929,12032,,
34930,12032,,
34931,12032,,
34932,12032,,
34933,12032,,
34934,12032,,
34935,12032,,
34936,12032,,
34937,12032,,
34938,12032,,
34939,12032,,
34940,12032,,
34941,12032,,
34942,12032,,
34943,12032,,
34944,12032,,
34945,12032,,
34946,12032,,
34947,12032,,
34948,12032,,
34949,12032,,
34950,12032,,
34951,12032,,
34952,12032,,
34953,12032,,
34954,12032,,
34955,12032,,
34956,12032,,
34957,12032,,
34958,12032,,
34959,12032,,
34960,12032,,
34961,12032,,
34962,12032,,
34963,12032,,
34964,12032,,
34965,12032,,
34966,12032,,
34967,12032,,
34968,12032,,
34969,12032,,
34970,12032,,
34971,12032,,
34972,12032,,
34973,12032,,
34974,12032,,
34975,12032,,
34976,12032,,
34977,12032,,
34978,12032,,
34979,12032,,
34980,12032,,
34981,12032,,
34982,12032,,
34983,12032,,
34984,12032,,
34985,12032,,
34986,12032,,
34987,12032,,
34988,12032,,
34989,12032,,
34990,12032,,
34991,12032,,
34992,12032,,
34993,12032,,
34994,12032,,
34995,12032,,
34996,12032,,
34997,12032,,
34998,12032,,
34999,12032,,
35000,12032,,
35001,12032,,
35002,12032,,
35003,12032,,
35004,12032,,
35005,12032,,
35006,12032,,
35007,12032,,
35008,12032,,
35009,12032,,
35010,12032,,
35011,12032,,
35012,12032,,
35013,12032,,
35014,12032,,
35015,12032,,
35016,12032,,
35017,12032,,
35018,12032,,
35019,12032,,
35020,12032,,
35021,12032,,
35022,12032,,
35023,12032,,
35024,12032,,
35025,12032,,
35026,12032,,
35027,12032,,
35028,12032,,
35029,12032,,
35030,12032,,
35031,12032,,
35032,12032,,
35033,12032,,
35034,12032,,
35035,12032,,
35036,12032,,
35037,12032,,
35038,12032,,
35039,12032,,
35040,12032,,
35041,12032,,
35042,12032,,
35043,12032,,
35044,12032,,
35045,12032,,
35046,12032,,
35047,12032,,
35048,12032,,
35049,12032,,
35050,12032,,
35051,12032,,
35052,12032,,
35053,12032,,
35054,12032,,
35055,12032,,
35056,12032,,
35057,12032,,
35058,12032,,
35059,12032,,
35060,12032,,
35061,12032,,
35062,12032,,
35063,12032,,
35064,12032,,
35065,12032,,
35066,12032,,
35067,12032,,
35068,12032,,
35069,12032,,
35070,12032,,
35071,12032,,
35072,12032,,
35073,12032,,
35074,12032,,
35075,12032,,
35076,12032,,
35077,12032,,
35078,12032,,
35079,12032,,
35080,12032,,
35081,12032,,
35082,12032,,
35083,12032,,
35084,12032,,
35085,12032,,
35086,12032,,
35087,12032,,
35088,12032,,
35089,12032,,
35090,12032,,
35091,12032,,
35092,12032,,
35093,12032,,
35094,12032,,
35095,12032,,
35096,12032,,
35097,12032,,
35098,12032,,
35099,12032,,
35100,12032,,
35101,12032,,
35102,12032,,
35103,12032,,
35104,12032,,
35105,12032,,
35106,12032,,
35107,12032,,
35108,12032,,
35109,12032,,
35110,12032,,
35111,12032,,
35112,12032,,
35113,12032,,
35114,12032,,
35115,12032,,
35116,12032,,
35117,12032,,
35118,12032,,
35119,12032,,
35120,12032,,
35121,12032,,
35122,12032,,
35123,12032,,
35124,12032,,
35125,12032,,
35126,12032,,
35127,12032,,
35128,12032,,
35129,12032,,
35130,12032,,
35131,12032,,
35132,12032,,
35133,12032,,
35134,12032,,
35135,12032,,
35136,12032,,
35137,12032,,
35138,12032,,
35139,12032,,
35140,12032,,
35141,12032,,
35142,12032,,
35143,12032,,
35144,12032,,
35145,12032,,
35146,12032,,
35147,12032,,
35148,12032,,
35149,12032,,
35150,12032,,
35151,12032,,
35152,12032,,
35153,12032,,
35154,12032,,
35155,12032,,
35156,12032,,
35157,12032,,
35158,12032,,
35159,12032,,
35160,12032,,
35161,12032,,
35162,12032,,
35163,12032,,
35164,12032,,
35165,12032,,
35166,12032,,
35167,12032,,
35168,12032,,
35169,12032,,
35170,12032,,
35171,12032,,
35172,12032,,
35173,12032,,
35174,12032,,
35175,12032,,
35176,12032,,
35177,12032,,
35178,12032,,
35179,12032,,
35180,12032,,
35181,12032,,
35182,12032,,
35183,12032,,
35184,12032,,
35185,12032,,
35186,12032,,
35187,12032,,
35188,12032,,
35189,12032,,
35190,12032,,
35191,12032,,
35192,12032,,
35193,12032,,
35194,12032,,
35195,12032,,
35196,12032,,
35197,12032,,
35198,12032,,
35199,12032,,
35200,12032,,
35201,12032,,
35202,12032,,
35203,12032,,
35204,12032,,
35205,12032,,
35206,12032,,
35207,12032,,
35208,12032,,
35209,12032,,
35210,12032,,
35211,12032,,
35212,12032,,
35213,12032,,
35214,12032,,
35215,12032,,
35216,12032,,
35217,12032,,
35218,12032,,
35219,12032,,
35220,12032,,
35221,12032,,
35222,12032,,
35223,12032,,
35224,12032,,
35225,12032,,
35226,12032,,
35227,12032,,
35228,12032,,
35229,12032,,
35230,12032,,
35231,12032,,
35232,12032,,
35233,12032,,
35234,12032,,
35235,12032,,
35236,12032,,
35237,12032,,
35238,12032,,
35239,12032,,
35240,12032,,
35241,12032,,
35242,12032,,
35243,12032,,
35244,12032,,
35245,12032,,
35246,12032,,
35247,12032,,
35248,12032,,
35249,12032,,
35250,12032,,
35251,12032,,
35252,12032,,
35253,12032,,
35254,12032,,
35255,12032,,
35256,12032,,
35257,12032,,
35258,12032,,
35259,12032,,
35260,12032,,
35261,12032,,
35262,12032,,
35263,12032,,
35264,12032,,
35265,12032,,
35266,12032,,
35267,12032,,
35268,12032,,
35269,12032,,
35270,12032,,
35271,12032,,
35272,12032,,
35273,12032,,
35274,12032,,
35275,12032,,
35276,12032,,
35277,12032,,
35278,12032,,
35279,12032,,
35280,12032,,
35281,12032,,
35282,12032,,
35283,12032,,
35284,12032,,
35285,12032,,
35286,12032,,
35287,12032,,
35288,12032,,
35289,12032,,
35290,12032,,
35291,12032,,
35292,12032,,
35293,12032,,
35294,12032,,
35295,12032,,
35296,12032,,
35297,12032,,
35298,12032,,
35299,12032,,
35300,12032,,
35301,12032,,
35302,12032,,
35303,12032,,
35304,12032,,
35305,12032,,
35306,12032,,
35307,12032,,
35308,12032,,
35309,12032,,
35310,12032,,
35311,12032,,
35312,12032,,
35313,12032,,
35314,12032,,
35315,12032,,
35316,12032,,
35317,12032,,
35318,12032,,
35319,12032,,
35320,12032,,
35321,12032,,
35322,12032,,
35323,12032,,
35324,12032,,
35325,12032,,
35326,12032,,
35327,12032,,
35328,12032,,
35329,12032,,
35330,12032,,
35331,12032,,
35332,12032,,
35333,12032,,
35334,12032,,
35335,12032,,
35336,12032,,
35337,12032,,
35338,12032,,
35339,12032,,
35340,12032,,
35341,12032,,
35342,12032,,
35343,12032,,
35344,12032,,
35345,12032,,
35346,12032,,
35347,12032,,
35348,12032,,
35349,12032,,
35350,12032,,
35351,12032,,
35352,12032,,
35353,12032,,
35354,12032,,
35355,12032,,
35356,12032,,
35357,12032,,
35358,12032,,
35359,12032,,
35360,12032,,
35361,12032,,
35362,12032,,
35363,12032,,
35364,12032,,
35365,12032,,
35366,12032,,
35367,12032,,
35368,12032,,
35369,12032,,
35370,12032,,
35371,12032,,
35372,12032,,
35373,12032,,
35374,12032,,
35375,12032,,
35376,12032,,
35377,12032,,
35378,12032,,
35379,12032,,
35380,12032,,
35381,12032,,
35382,12032,,
35383,12032,,
35384,12032,,
35385,12032,,
35386,12032,,
35387,12032,,
35388,12032,,
35389,12032,,
35390,12032,,
35391,12032,,
35392,12032,,
35393,12032,,
35394,12032,,
35395,12032,,
35396,12032,,
35397,12032,,
35398,12032,,
35399,12032,,
35400,12032,,
35401,12032,,
35402,12032,,
35403,12032,,
35404,12032,,
35405,12032,,
35406,12032,,
35407,12032,,
35408,12032,,
35409,12032,,
35410,12032,,
35411,12032,,
35412,12032,,
35413,12032,,
35414,12032,,
35415,12032,,
35416,12032,,
35417,12032,,
35418,12032,,
35419,12032,,
35420,12032,,
35421,12032,,
35422,12032,,
35423,12032,,
35424,12032,,
35425,12032,,
35426,12032,,
35427,12032,,
35428,12032,,
35429,12032,,
35430,12032,,
35431,12032,,
35432,12032,,
35433,12032,,
35434,12032,,
35435,12032,,
35436,12032,,
35437,12032,,
35438,12032,,
35439,12032,,
35440,12032,,
35441,12032,,
35442,12032,,
35443,12032,,
35444,12032,,
35445,12032,,
35446,12032,,
35447,12032,,
35448,12032,,
35449,12032,,
35450,12032,,
35451,12032,,
35452,12032,,
35453,12032,,
35454,12032,,
35455,12032,,
35456,12032,,
35457,12032,,
35458,12032,,
35459,12032,,
35460,12032,,
35461,12032,,
35462,12032,,
35463,12032,,
35464,12032,,
35465,12032,,
35466,12032,,
35467,12032,,
35468,12032,,
35469,12032,,
35470,12032,,
35471,12032,,
35472,12032,,
35473,12032,,
35474,12032,,
35475,12032,,
35476,12032,,
35477,12032,,
35478,12032,,
35479,12032,,
35480,12032,,
35481,12032,,
35482,12032,,
35483,12032,,
35484,12032,,
35485,12032,,
35486,12032,,
35487,12032,,
35488,12032,,
35489,12032,,
35490,12032,,
35491,12032,,
35492,12032,,
35493,12032,,
35494,12032,,
35495,12032,,
35496,12032,,
35497,12032,,
35498,12032,,
35499,12032,,
35500,12032,,
35501,12032,,
35502,12032,,
35503,12032,,
35504,12032,,
35505,12032,,
35506,12032,,
35507,12032,,
35508,12032,,
35509,12032,,
35510,12032,,
35511,12032,,
35512,12032,,
35513,12032,,
35514,12032,,
35515,12032,,
35516,12032,,
35517,12032,,
35518,12032,,
35519,12032,,
35520,12032,,
35521,12032,,
35522,12032,,
35523,12032,,
35524,12032,,
35525,12032,,
35526,12032,,
35527,12032,,
35528,12032,,
35529,12032,,
35530,12032,,
35531,12032,,
35532,12032,,
35533,12032,,
35534,12032,,
35535,12032,,
35536,12032,,
35537,12032,,
35538,12032,,
35539,12032,,
35540,12032,,
35541,12032,,
35542,12032,,
35543,12032,,
35544,12032,,
35545,12032,,
35546,12032,,
35547,12032,,
35548,12032,,
35549,12032,,
35550,12032,,
35551,12032,,
35552,12032,,
35553,12032,,
35554,12032,,
35555,12032,,
35556,12032,,
35557,12032,,
35558,12032,,
35559,12032,,
35560,12032,,
35561,12032,,
35562,12032,,
35563,12032,,
35564,12032,,
35565,12032,,
35566,12032,,
35567,12032,,
35568,12032,,
35569,12032,,
35570,12032,,
35571,12032,,
35572,12032,,
35573,12032,,
35574,12032,,
35575,12032,,
35576,12032,,
35577,12032,,
35578,12032,,
35579,12032,,
35580,12032,,
35581,12032,,
35582,12032,,
35583,12032,,
35584,12032,,
35585,12032,,
35586,12032,,
35587,12032,,
35588,12032,,
35589,12032,,
35590,12032,,
35591,12032,,
35592,12032,,
35593,12032,,
35594,12032,,
35595,12032,,
35596,12032,,
35597,12032,,
35598,12032,,
35599,12032,,
35600,12032,,
35601,12032,,
35602,12032,,
35603,12032,,
35604,12032,,
35605,12032,,
35606,12032,,
35607,12032,,
35608,12032,,
35609,12032,,
35610,12032,,
35611,12032,,
35612,12032,,
35613,12032,,
35614,12032,,
35615,12032,,
35616,12032,,
35617,12032,,
35618,12032,,
35619,12032,,
35620,12032,,
35621,12032,,
35622,12032,,
35623,12032,,
35624,12032,,
35625,12032,,
35626,12032,,
35627,12032,,
35628,12032,,
35629,12032,,
35630,12032,,
35631,12032,,
35632,12032,,
35633,12032,,
35634,12032,,
35635,12032,,
35636,12032,,
35637,12032,,
35638,12032,,
35639,12032,,
35640,12032,,
35641,12032,,
35642,12032,,
35643,12032,,
35644,12032,,
35645,12032,,
35646,12032,,
35647,12032,,
35648,12032,,
35649,12032,,
35650,12032,,
35651,12032,,
35652,12032,,
35653,12032,,
35654,12032,,
35655,12032,,
35656,12032,,
35657,12032,,
35658,12032,,
35659,12032,,
35660,12032,,
35661,12032,,
35662,12032,,
35663,12032,,
35664,12032,,
35665,12032,,
35666,12032,,
35667,12032,,
35668,12032,,
35669,12032,,
35670,12032,,
35671,12032,,
35672,12032,,
35673,12032,,
35674,12032,,
35675,12032,,
35676,12032,,
35677,12032,,
35678,12032,,
35679,12032,,
35680,12032,,
35681,12032,,
35682,12032,,
35683,12032,,
35684,12032,,
35685,12032,,
35686,12032,,
35687,12032,,
35688,12032,,
35689,12032,,
35690,12032,,
35691,12032,,
35692,12032,,
35693,12032,,
35694,12032,,
35695,12032,,
35696,12032,,
35697,12032,,
35698,12032,,
35699,12032,,
35700,12032,,
35701,12032,,
35702,12032,,
35703,12032,,
35704,12032,,
35705,12032,,
35706,12032,,
35707,12032,,
35708,12032,,
35709,12032,,
35710,12032,,
35711,12032,,
35712,12032,,
35713,12032,,
35714,12032,,
35715,12032,,
35716,12032,,
35717,12032,,
35718,12032,,
35719,12032,,
35720,12032,,
35721,12032,,
35722,12032,,
35723,12032,,
35724,12032,,
35725,12032,,
35726,12032,,
35727,12032,,
35728,12032,,
35729,12032,,
35730,12032,,
35731,12032,,
35732,12032,,
35733,12032,,
35734,12032,,
35735,12032,,
35736,12032,,
35737,12032,,
35738,12032,,
35739,12032,,
35740,12032,,
35741,12032,,
35742,12032,,
35743,12032,,
35744,12032,,
35745,12032,,
35746,12032,,
35747,12032,,
35748,12032,,
35749,12032,,
35750,12032,,
35751,12032,,
35752,12032,,
35753,12032,,
35754,12032,,
35755,12032,,
35756,12032,,
35757,12032,,
35758,12032,,
35759,12032,,
35760,12032,,
35761,12032,,
35762,12032,,
35763,12032,,
35764,12032,,
35765,12032,,
35766,12032,,
35767,12032,,
35768,12032,,
35769,12032,,
35770,12032,,
35771,12032,,
35772,12032,,
35773,12032,,
35774,12032,,
35775,12032,,
35776,12032,,
35777,12032,,
35778,12032,,
35779,12032,,
35780,12032,,
35781,12032,,
35782,12032,,
35783,12032,,
35784,12032,,
35785,12032,,
35786,12032,,
35787,12032,,
35788,12032,,
35789,12032,,
35790,12032,,
35791,12032,,
35792,12032,,
35793,12032,,
35794,12032,,
35795,12032,,
35796,12032,,
35797,12032,,
35798,12032,,
35799,12032,,
35800,12032,,
35801,12032,,
35802,12032,,
35803,12032,,
35804,12032,,
35805,12032,,
35806,12032,,
35807,12032,,
35808,12032,,
35809,12032,,
35810,12032,,
35811,12032,,
35812,12032,,
35813,12032,,
35814,12032,,
35815,12032,,
35816,12032,,
35817,12032,,
35818,12032,,
35819,12032,,
35820,12032,,
35821,12032,,
35822,12032,,
35823,12032,,
35824,12032,,
35825,12032,,
35826,12032,,
35827,12032,,
35828,12032,,
35829,12032,,
35830,12032,,
35831,12032,,
35832,12032,,
35833,12032,,
35834,12032,,
35835,12032,,
35836,12032,,
35837,12032,,
35838,12032,,
35839,12032,,
35840,12032,,
35841,12032,,
35842,12032,,
35843,12032,,
35844,12032,,
35845,12032,,
35846,12032,,
35847,12032,,
35848,12032,,
35849,12032,,
35850,12032,,
35851,12032,,
35852,12032,,
35853,12032,,
35854,12032,,
35855,12032,,
35856,12032,,
35857,12032,,
35858,12032,,
35859,12032,,
35860,12032,,
35861,12032,,
35862,12032,,
35863,12032,,
35864,12032,,
35865,12032,,
35866,12032,,
35867,12032,,
35868,12032,,
35869,12032,,
35870,12032,,
35871,12032,,
35872,12032,,
35873,12032,,
35874,12032,,
35875,12032,,
35876,12032,,
35877,12032,,
35878,12032,,
35879,12032,,
35880,12032,,
35881,12032,,
35882,12032,,
35883,12032,,
35884,12032,,
35885,12032,,
35886,12032,,
35887,12032,,
35888,12032,,
35889,12032,,
35890,12032,,
35891,12032,,
35892,12032,,
35893,12032,,
35894,12032,,
35895,12032,,
35896,12032,,
35897,12032,,
35898,12032,,
35899,12032,,
35900,12032,,
35901,12032,,
35902,12032,,
35903,12032,,
35904,12032,,
35905,12032,,
35906,12032,,
35907,12032,,
35908,12032,,
35909,12032,,
35910,12032,,
35911,12032,,
35912,12032,,
35913,12032,,
35914,12032,,
35915,12032,,
35916,12032,,
35917,12032,,
35918,12032,,
35919,12032,,
35920,12032,,
35921,12032,,
35922,12032,,
35923,12032,,
35924,12032,,
35925,12032,,
35926,12032,,
35927,12032,,
35928,12032,,
35929,12032,,
35930,12032,,
35931,12032,,
35932,12032,,
35933,12032,,
35934,12032,,
35935,12032,,
35936,12032,,
35937,12032,,
35938,12032,,
35939,12032,,
35940,12032,,
35941,12032,,
35942,12032,,
35943,12032,,
35944,12032,,
35945,12032,,
35946,12032,,
35947,12032,,
35948,12032,,
35949,12032,,
35950,12032,,
35951,12032,,
35952,12032,,
35953,12032,,
35954,12032,,
35955,12032,,
35956,12032,,
35957,12032,,
35958,12032,,
35959,12032,,
35960,12032,,
35961,12032,,
35962,12032,,
35963,12032,,
35964,12032,,
35965,12032,,
35966,12032,,
35967,12032,,
35968,12032,,
35969,12032,,
35970,12032,,
35971,12032,,
35972,12032,,
35973,12032,,
35974,12032,,
35975,12032,,
35976,12032,,
35977,12032,,
35978,12032,,
35979,12032,,
35980,12032,,
35981,12032,,
35982,12032,,
35983,12032,,
35984,12032,,
35985,12032,,
35986,12032,,
35987,12032,,
35988,12032,,
35989,12032,,
35990,12032,,
35991,12032,,
35992,12032,,
35993,12032,,
35994,12032,,
35995,12032,,
35996,12032,,
35997,12032,,
35998,12032,,
35999,12032,,
36000,12032,,
36001,12032,,
36002,12032,,
36003,12032,,
36004,12032,,
36005,12032,,
36006,12032,,
36007,12032,,
36008,12032,,
36009,12032,,
36010,12032,,
36011,12032,,
36012,12032,,
36013,12032,,
36014,12032,,
36015,12032,,
36016,12032,,
36017,12032,,
36018,12032,,
36019,12032,,
36020,12032,,
36021,12032,,
36022,12032,,
36023,12032,,
36024,12032,,
36025,12032,,
36026,12032,,
36027,12032,,
36028,12032,,
36029,12032,,
36030,12032,,
36031,12032,,
36032,12032,,
36033,12032,,
36034,12032,,
36035,12032,,
36036,12032,,
36037,12032,,
36038,12032,,
36039,12032,,
36040,12032,,
36041,12032,,
36042,12032,,
36043,12032,,
36044,12032,,
36045,12032,,
36046,12032,,
36047,12032,,
36048,12032,,
36049,12032,,
36050,12032,,
36051,12032,,
36052,12032,,
36053,12032,,
36054,12032,,
36055,12032,,
36056,12032,,
36057,12032,,
36058,12032,,
36059,12032,,
36060,12032,,
36061,12032,,
36062,12032,,
36063,12032,,
36064,12032,,
36065,12032,,
36066,12032,,
36067,12032,,
36068,12032,,
36069,12032,,
36070,12032,,
36071,12032,,
36072,12032,,
36073,12032,,
36074,12032,,
36075,12032,,
36076,12032,,
36077,12032,,
36078,12032,,
36079,12032,,
36080,12032,,
36081,12032,,
36082,12032,,
36083,12032,,
36084,12032,,
36085,12032,,
36086,12032,,
36087,12032,,
36088,12032,,
36089,12032,,
36090,12032,,
36091,12032,,
36092,12032,,
36093,12032,,
36094,12032,,
36095,12032,,
36096,12032,,
36097,12032,,
36098,12032,,
36099,12032,,
36100,12032,,
36101,12032,,
36102,12032,,
36103,12032,,
36104,12032,,
36105,12032,,
36106,12032,,
36107,12032,,
36108,12032,,
36109,12032,,
36110,12032,,
36111,12032,,
36112,12032,,
36113,12032,,
36114,12032,,
36115,12032,,
36116,12032,,
36117,12032,,
36118,12032,,
36119,12032,,
36120,12032,,
36121,12032,,
36122,12032,,
36123,12032,,
36124,12032,,
36125,12032,,
36126,12032,,
36127,12032,,
36128,12032,,
36129,12032,,
36130,12032,,
36131,12032,,
36132,12032,,
36133,12032,,
36134,12032,,
36135,12032,,
36136,12032,,
36137,12032,,
36138,12032,,
36139,12032,,
36140,12032,,
36141,12032,,
36142,12032,,
36143,12032,,
36144,12032,,
36145,12032,,
36146,12032,,
36147,12032,,
36148,12032,,
36149,12032,,
36150,12032,,
36151,12032,,
36152,12032,,
36153,12032,,
36154,12032,,
36155,12032,,
36156,12032,,
36157,12032,,
36158,12032,,
36159,12032,,
36160,12032,,
36161,12032,,
36162,12032,,
36163,12032,,
36164,12032,,
36165,12032,,
36166,12032,,
36167,12032,,
36168,12032,,
36169,12032,,
36170,12032,,
36171,12032,,
36172,12032,,
36173,12032,,
36174,12032,,
36175,12032,,
36176,12032,,
36177,12032,,
36178,12032,,
36179,12032,,
36180,12032,,
36181,12032,,
36182,12032,,
36183,12032,,
36184,12032,,
36185,12032,,
36186,12032,,
36187,12032,,
36188,12032,,
36189,12032,,
36190,12032,,
36191,12032,,
36192,12032,,
36193,12032,,
36194,12032,,
36195,12032,,
36196,12032,,
36197,12032,,
36198,12032,,
36199,12032,,
36200,12032,,
36201,12032,,
36202,12032,,
36203,12032,,
36204,12032,,
36205,12032,,
36206,12032,,
36207,12032,,
36208,12032,,
36209,12032,,
36210,12032,,
36211,12032,,
36212,12032,,
36213,12032,,
36214,12032,,
36215,12032,,
36216,12032,,
36217,12032,,
36218,12032,,
36219,12032,,
36220,12032,,
36221,12032,,
36222,12032,,
36223,12032,,
36224,12032,,
36225,12032,,
36226,12032,,
36227,12032,,
36228,12032,,
36229,12032,,
36230,12032,,
36231,12032,,
36232,12032,,
36233,12032,,
36234,12032,,
36235,12032,,
36236,12032,,
36237,12032,,
36238,12032,,
36239,12032,,
36240,12032,,
36241,12032,,
36242,12032,,
36243,12032,,
36244,12032,,
36245,12032,,
36246,12032,,
36247,12032,,
36248,12032,,
36249,12032,,
36250,12032,,
36251,12032,,
36252,12032,,
36253,12032,,
36254,12032,,
36255,12032,,
36256,12032,,
36257,12032,,
36258,12032,,
36259,12032,,
36260,12032,,
36261,12032,,
36262,12032,,
36263,12032,,
36264,12032,,
36265,12032,,
36266,12032,,
36267,12032,,
36268,12032,,
36269,12032,,
36270,12032,,
36271,12032,,
36272,12032,,
36273,12032,,
36274,12032,,
36275,12032,,
36276,12032,,
36277,12032,,
36278,12032,,
36279,12032,,
36280,12032,,
36281,12032,,
36282,12032,,
36283,12032,,
36284,12032,,
36285,12032,,
36286,12032,,
36287,12032,,
36288,12032,,
36289,12032,,
36290,12032,,
36291,12032,,
36292,12032,,
36293,12032,,
36294,12032,,
36295,12032,,
36296,12032,,
36297,12032,,
36298,12032,,
36299,12032,,
36300,12032,,
36301,12032,,
36302,12032,,
36303,12032,,
36304,12032,,
36305,12032,,
36306,12032,,
36307,12032,,
36308,12032,,
36309,12032,,
36310,12032,,
36311,12032,,
36312,12032,,
36313,12032,,
36314,12032,,
36315,12032,,
36316,12032,,
36317,12032,,
36318,12032,,
36319,12032,,
36320,12032,,
36321,12032,,
36322,12032,,
36323,12032,,
36324,12032,,
36325,12032,,
36326,12032,,
36327,12032,,
36328,12032,,
36329,12032,,
36330,12032,,
36331,12032,,
36332,12032,,
36333,12032,,
36334,12032,,
36335,12032,,
36336,12032,,
36337,12032,,
36338,12032,,
36339,12032,,
36340,12032,,
36341,12032,,
36342,12032,,
36343,12032,,
36344,12032,,
36345,12032,,
36346,12032,,
36347,12032,,
36348,12032,,
36349,12032,,
36350,12032,,
36351,12032,,
36352,12032,,
36353,12032,,
36354,12032,,
36355,12032,,
36356,12032,,
36357,12032,,
36358,12032,,
36359,12032,,
36360,12032,,
36361,12032,,
36362,12032,,
36363,12032,,
36364,12032,,
36365,12032,,
36366,12032,,
36367,12032,,
36368,12032,,
36369,12032,,
36370,12032,,
36371,12032,,
36372,12032,,
36373,12032,,
36374,12032,,
36375,12032,,
36376,12032,,
36377,12032,,
36378,12032,,
36379,12032,,
36380,12032,,
36381,12032,,
36382,12032,,
36383,12032,,
36384,12032,,
36385,12032,,
36386,12032,,
36387,12032,,
36388,12032,,
36389,12032,,
36390,12032,,
36391,12032,,
36392,12032,,
36393,12032,,
36394,12032,,
36395,12032,,
36396,12032,,
36397,12032,,
36398,12032,,
36399,12032,,
36400,12032,,
36401,12032,,
36402,12032,,
36403,12032,,
36404,12032,,
36405,12032,,
36406,12032,,
36407,12032,,
36408,12032,,
36409,12032,,
36410,12032,,
36411,12032,,
36412,12032,,
36413,12032,,
36414,12032,,
36415,12032,,
36416,12032,,
36417,12032,,
36418,12032,,
36419,12032,,
36420,12032,,
36421,12032,,
36422,12032,,
36423,12032,,
36424,12032,,
36425,12032,,
36426,12032,,
36427,12032,,
36428,12032,,
36429,12032,,
36430,12032,,
36431,12032,,
36432,12032,,
36433,12032,,
36434,12032,,
36435,12032,,
36436,12032,,
36437,12032,,
36438,12032,,
36439,12032,,
36440,12032,,
36441,12032,,
36442,12032,,
36443,12032,,
36444,12032,,
36445,12032,,
36446,12032,,
36447,12032,,
36448,12032,,
36449,12032,,
36450,12032,,
36451,12032,,
36452,12032,,
36453,12032,,
36454,12032,,
36455,12032,,
36456,12032,,
36457,12032,,
36458,12032,,
36459,12032,,
36460,12032,,
36461,12032,,
36462,12032,,
36463,12032,,
36464,12032,,
36465,12032,,
36466,12032,,
36467,12032,,
36468,12032,,
36469,12032,,
36470,12032,,
36471,12032,,
36472,12032,,
36473,12032,,
36474,12032,,
36475,12032,,
36476,12032,,
36477,12032,,
36478,12032,,
36479,12032,,
36480,12032,,
36481,12032,,
36482,12032,,
36483,12032,,
36484,12032,,
36485,12032,,
36486,12032,,
36487,12032,,
36488,12032,,
36489,12032,,
36490,12032,,
36491,12032,,
36492,12032,,
36493,12032,,
36494,12032,,
36495,12032,,
36496,12032,,
36497,12032,,
36498,12032,,
36499,12032,,
36500,12032,,
36501,12032,,
36502,12032,,
36503,12032,,
36504,12032,,
36505,12032,,
36506,12032,,
36507,12032,,
36508,12032,,
36509,12032,,
36510,12032,,
36511,12032,,
36512,12032,,
36513,12032,,
36514,12032,,
36515,12032,,
36516,12032,,
36517,12032,,
36518,12032,,
36519,12032,,
36520,12032,,
36521,12032,,
36522,12032,,
36523,12032,,
36524,12032,,
36525,12032,,
36526,12032,,
36527,12032,,
36528,12032,,
36529,12032,,
36530,12032,,
36531,12032,,
36532,12032,,
36533,12032,,
36534,12032,,
36535,12032,,
36536,12032,,
36537,12032,,
36538,12032,,
36539,12032,,
36540,12032,,
36541,12032,,
36542,12032,,
36543,12032,,
36544,12032,,
36545,12032,,
36546,12032,,
36547,12032,,
36548,12032,,
36549,12032,,
36550,12032,,
36551,12032,,
36552,12032,,
36553,12032,,
36554,12032,,
36555,12032,,
36556,12032,,
36557,12032,,
36558,12032,,
36559,12032,,
36560,12032,,
36561,12032,,
36562,12032,,
36563,12032,,
36564,12032,,
36565,12032,,
36566,12032,,
36567,12032,,
36568,12032,,
36569,12032,,
36570,12032,,
36571,12032,,
36572,12032,,
36573,12032,,
36574,12032,,
36575,12032,,
36576,12032,,
36577,12032,,
36578,12032,,
36579,12032,,
36580,12032,,
36581,12032,,
36582,12032,,
36583,12032,,
36584,12032,,
36585,12032,,
36586,12032,,
36587,12032,,
36588,12032,,
36589,12032,,
36590,12032,,
36591,12032,,
36592,12032,,
36593,12032,,
36594,12032,,
36595,12032,,
36596,12032,,
36597,12032,,
36598,12032,,
36599,12032,,
36600,12032,,
36601,12032,,
36602,12032,,
36603,12032,,
36604,12032,,
36605,12032,,
36606,12032,,
36607,12032,,
36608,12032,,
36609,12032,,
36610,12032,,
36611,12032,,
36612,12032,,
36613,12032,,
36614,12032,,
36615,12032,,
36616,12032,,
36617,12032,,
36618,12032,,
36619,12032,,
36620,12032,,
36621,12032,,
36622,12032,,
36623,12032,,
36624,12032,,
36625,12032,,
36626,12032,,
36627,12032,,
36628,12032,,
36629,12032,,
36630,12032,,
36631,12032,,
36632,12032,,
36633,12032,,
36634,12032,,
36635,12032,,
36636,12032,,
36637,12032,,
36638,12032,,
36639,12032,,
36640,12032,,
36641,12032,,
36642,12032,,
36643,12032,,
36644,12032,,
36645,12032,,
36646,12032,,
36647,12032,,
36648,12032,,
36649,12032,,
36650,12032,,
36651,12032,,
36652,12032,,
36653,12032,,
36654,12032,,
36655,12032,,
36656,12032,,
36657,12032,,
36658,12032,,
36659,12032,,
36660,12032,,
36661,12032,,
36662,12032,,
36663,12032,,
36664,12032,,
36665,12032,,
36666,12032,,
36667,12032,,
36668,12032,,
36669,12032,,
36670,12032,,
36671,12032,,
36672,12032,,
36673,12032,,
36674,12032,,
36675,12032,,
36676,12032,,
36677,12032,,
36678,12032,,
36679,12032,,
36680,12032,,
36681,12032,,
36682,12032,,
36683,12032,,
36684,12032,,
36685,12032,,
36686,12032,,
36687,12032,,
36688,12032,,
36689,12032,,
36690,12032,,
36691,12032,,
36692,12032,,
36693,12032,,
36694,12032,,
36695,12032,,
36696,12032,,
36697,12032,,
36698,12032,,
36699,12032,,
36700,12032,,
36701,12032,,
36702,12032,,
36703,12032,,
36704,12032,,
36705,12032,,
36706,12032,,
36707,12032,,
36708,12032,,
36709,12032,,
36710,12032,,
36711,12032,,
36712,12032,,
36713,12032,,
36714,12032,,
36715,12032,,
36716,12032,,
36717,12032,,
36718,12032,,
36719,12032,,
36720,12032,,
36721,12032,,
36722,12032,,
36723,12032,,
36724,12032,,
36725,12032,,
36726,12032,,
36727,12032,,
36728,12032,,
36729,12032,,
36730,12032,,
36731,12032,,
36732,12032,,
36733,12032,,
36734,12032,,
36735,12032,,
36736,12032,,
36737,12032,,
36738,12032,,
36739,12032,,
36740,12032,,
36741,12032,,
36742,12032,,
36743,12032,,
36744,12032,,
36745,12032,,
36746,12032,,
36747,12032,,
36748,12032,,
36749,12032,,
36750,12032,,
36751,12032,,
36752,12032,,
36753,12032,,
36754,12032,,
36755,12032,,
36756,12032,,
36757,12032,,
36758,12032,,
36759,12032,,
36760,12032,,
36761,12032,,
36762,12032,,
36763,12032,,
36764,12032,,
36765,12032,,
36766,12032,,
36767,12032,,
36768,12032,,
36769,12032,,
36770,12032,,
36771,12032,,
36772,12032,,
36773,12032,,
36774,12032,,
36775,12032,,
36776,12032,,
36777,12032,,
36778,12032,,
36779,12032,,
36780,12032,,
36781,12032,,
36782,12032,,
36783,12032,,
36784,12032,,
36785,12032,,
36786,12032,,
36787,12032,,
36788,12032,,
36789,12032,,
36790,12032,,
36791,12032,,
36792,12032,,
36793,12032,,
36794,12032,,
36795,12032,,
36796,12032,,
36797,12032,,
36798,12032,,
36799,12032,,
36800,12032,,
36801,12032,,
36802,12032,,
36803,12032,,
36804,12032,,
36805,12032,,
36806,12032,,
36807,12032,,
36808,12032,,
36809,12032,,
36810,12032,,
36811,12032,,
36812,12032,,
36813,12032,,
36814,12032,,
36815,12032,,
36816,12032,,
36817,12032,,
36818,12032,,
36819,12032,,
36820,12032,,
36821,12032,,
36822,12032,,
36823,12032,,
36824,12032,,
36825,12032,,
36826,12032,,
36827,12032,,
36828,12032,,
36829,12032,,
36830,12032,,
36831,12032,,
36832,12032,,
36833,12032,,
36834,12032,,
36835,12032,,
36836,12032,,
36837,12032,,
36838,12032,,
36839,12032,,
36840,12032,,
36841,12032,,
36842,12032,,
36843,12032,,
36844,12032,,
36845,12032,,
36846,12032,,
36847,12032,,
36848,12032,,
36849,12032,,
36850,12032,,
36851,12032,,
36852,12032,,
36853,12032,,
36854,12032,,
36855,12032,,
36856,12032,,
36857,12032,,
36858,12032,,
36859,12032,,
36860,12032,,
36861,12032,,
36862,12032,,
36863,12032,,
36864,12032,,
36865,12032,,
36866,12032,,
36867,12032,,
36868,12032,,
36869,12032,,
36870,12032,,
36871,12032,,
36872,12032,,
36873,12032,,
36874,12032,,
36875,12032,,
36876,12032,,
36877,12032,,
36878,12032,,
36879,12032,,
36880,12032,,
36881,12032,,
36882,12032,,
36883,12032,,
36884,12032,,
36885,12032,,
36886,12032,,
36887,12032,,
36888,12032,,
36889,12032,,
36890,12032,,
36891,12032,,
36892,12032,,
36893,12032,,
36894,12032,,
36895,12032,,
36896,12032,,
36897,12032,,
36898,12032,,
36899,12032,,
36900,12032,,
36901,12032,,
36902,12032,,
36903,12032,,
36904,12032,,
36905,12032,,
36906,12032,,
36907,12032,,
36908,12032,,
36909,12032,,
36910,12032,,
36911,12032,,
36912,12032,,
36913,12032,,
36914,12032,,
36915,12032,,
36916,12032,,
36917,12032,,
36918,12032,,
36919,12032,,
36920,12032,,
36921,12032,,
36922,12032,,
36923,12032,,
36924,12032,,
36925,12032,,
36926,12032,,
36927,12032,,
36928,12032,,
36929,12032,,
36930,12032,,
36931,12032,,
36932,12032,,
36933,12032,,
36934,12032,,
36935,12032,,
36936,12032,,
36937,12032,,
36938,12032,,
36939,12032,,
36940,12032,,
36941,12032,,
36942,12032,,
36943,12032,,
36944,12032,,
36945,12032,,
36946,12032,,
36947,12032,,
36948,12032,,
36949,12032,,
36950,12032,,
36951,12032,,
36952,12032,,
36953,12032,,
36954,12032,,
36955,12032,,
36956,12032,,
36957,12032,,
36958,12032,,
36959,12032,,
36960,12032,,
36961,12032,,
36962,12032,,
36963,12032,,
36964,12032,,
36965,12032,,
36966,12032,,
36967,12032,,
36968,12032,,
36969,12032,,
36970,12032,,
36971,12032,,
36972,12032,,
36973,12032,,
36974,12032,,
36975,12032,,
36976,12032,,
36977,12032,,
36978,12032,,
36979,12032,,
36980,12032,,
36981,12032,,
36982,12032,,
36983,12032,,
36984,12032,,
36985,12032,,
36986,12032,,
36987,12032,,
36988,12032,,
36989,12032,,
36990,12032,,
36991,12032,,
36992,12032,,
36993,12032,,
36994,12032,,
36995,12032,,
36996,12032,,
36997,12032,,
36998,12032,,
36999,12032,,
37000,12032,,
37001,12032,,
37002,12032,,
37003,12032,,
37004,12032,,
37005,12032,,
37006,12032,,
37007,12032,,
37008,12032,,
37009,12032,,
37010,12032,,
37011,12032,,
37012,12032,,
37013,12032,,
37014,12032,,
37015,12032,,
37016,12032,,
37017,12032,,
37018,12032,,
37019,12032,,
37020,12032,,
37021,12032,,
37022,12032,,
37023,12032,,
37024,12032,,
37025,12032,,
37026,12032,,
37027,12032,,
37028,12032,,
37029,12032,,
37030,12032,,
37031,12032,,
37032,12032,,
37033,12032,,
37034,12032,,
37035,12032,,
37036,12032,,
37037,12032,,
37038,12032,,
37039,12032,,
37040,12032,,
37041,12032,,
37042,12032,,
37043,12032,,
37044,12032,,
37045,12032,,
37046,12032,,
37047,12032,,
37048,12032,,
37049,12032,,
37050,12032,,
37051,12032,,
37052,12032,,
37053,12032,,
37054,12032,,
37055,12032,,
37056,12032,,
37057,12032,,
37058,12032,,
37059,12032,,
37060,12032,,
37061,12032,,
37062,12032,,
37063,12032,,
37064,12032,,
37065,12032,,
37066,12032,,
37067,12032,,
37068,12032,,
37069,12032,,
37070,12032,,
37071,12032,,
37072,12032,,
37073,12032,,
37074,12032,,
37075,12032,,
37076,12032,,
37077,12032,,
37078,12032,,
37079,12032,,
37080,12032,,
37081,12032,,
37082,12032,,
37083,12032,,
37084,12032,,
37085,12032,,
37086,12032,,
37087,12032,,
37088,12032,,
37089,12032,,
37090,12032,,
37091,12032,,
37092,12032,,
37093,12032,,
37094,12032,,
37095,12032,,
37096,12032,,
37097,12032,,
37098,12032,,
37099,12032,,
37100,12032,,
37101,12032,,
37102,12032,,
37103,12032,,
37104,12032,,
37105,12032,,
37106,12032,,
37107,12032,,
37108,12032,,
37109,12032,,
37110,12032,,
37111,12032,,
37112,12032,,
37113,12032,,
37114,12032,,
37115,12032,,
37116,12032,,
37117,12032,,
37118,12032,,
37119,12032,,
37120,12032,,
37121,12032,,
37122,12032,,
37123,12032,,
37124,12032,,
37125,12032,,
37126,12032,,
37127,12032,,
37128,12032,,
37129,12032,,
37130,12032,,
37131,12032,,
37132,12032,,
37133,12032,,
37134,12032,,
37135,12032,,
37136,12032,,
37137,12032,,
37138,12032,,
37139,12032,,
37140,12032,,
37141,12032,,
37142,12032,,
37143,12032,,
37144,12032,,
37145,12032,,
37146,12032,,
37147,12032,,
37148,12032,,
37149,12032,,
37150,12032,,
37151,12032,,
37152,12032,,
37153,12032,,
37154,12032,,
37155,12032,,
37156,12032,,
37157,12032,,
37158,12032,,
37159,12032,,
37160,12032,,
37161,12032,,
37162,12032,,
37163,12032,,
37164,12032,,
37165,12032,,
37166,12032,,
37167,12032,,
37168,12032,,
37169,12032,,
37170,12032,,
37171,12032,,
37172,12032,,
37173,12032,,
37174,12032,,
37175,12032,,
37176,12032,,
37177,12032,,
37178,12032,,
37179,12032,,
37180,12032,,
37181,12032,,
37182,12032,,
37183,12032,,
37184,12032,,
37185,12032,,
37186,12032,,
37187,12032,,
37188,12032,,
37189,12032,,
37190,12032,,
37191,12032,,
37192,12032,,
37193,12032,,
37194,12032,,
37195,12032,,
37196,12032,,
37197,12032,,
37198,12032,,
37199,12032,,
37200,12032,,
37201,12032,,
37202,12032,,
37203,12032,,
37204,12032,,
37205,12032,,
37206,12032,,
37207,12032,,
37208,12032,,
37209,12032,,
37210,12032,,
37211,12032,,
37212,12032,,
37213,12032,,
37214,12032,,
37215,12032,,
37216,12032,,
37217,12032,,
37218,12032,,
37219,12032,,
37220,12032,,
37221,12032,,
37222,12032,,
37223,12032,,
37224,12032,,
37225,12032,,
37226,12032,,
37227,12032,,
37228,12032,,
37229,12032,,
37230,12032,,
37231,12032,,
37232,12032,,
37233,12032,,
37234,12032,,
37235,12032,,
37236,12032,,
37237,12032,,
37238,12032,,
37239,12032,,
37240,12032,,
37241,12032,,
37242,12032,,
37243,12032,,
37244,12032,,
37245,12032,,
37246,12032,,
37247,12032,,
37248,12032,,
37249,12032,,
37250,12032,,
37251,12032,,
37252,12032,,
37253,12032,,
37254,12032,,
37255,12032,,
37256,12032,,
37257,12032,,
37258,12032,,
37259,12032,,
37260,12032,,
37261,12032,,
37262,12032,,
37263,12032,,
37264,12032,,
37265,12032,,
37266,12032,,
37267,12032,,
37268,12032,,
37269,12032,,
37270,12032,,
37271,12032,,
37272,12032,,
37273,12032,,
37274,12032,,
37275,12032,,
37276,12032,,
37277,12032,,
37278,12032,,
37279,12032,,
37280,12032,,
37281,12032,,
37282,12032,,
37283,12032,,
37284,12032,,
37285,12032,,
37286,12032,,
37287,12032,,
37288,12032,,
37289,12032,,
37290,12032,,
37291,12032,,
37292,12032,,
37293,12032,,
37294,12032,,
37295,12032,,
37296,12032,,
37297,12032,,
37298,12032,,
37299,12032,,
37300,12032,,
37301,12032,,
37302,12032,,
37303,12032,,
37304,12032,,
37305,12032,,
37306,12032,,
37307,12032,,
37308,12032,,
37309,12032,,
37310,12032,,
37311,12032,,
37312,12032,,
37313,12032,,
37314,12032,,
37315,12032,,
37316,12032,,
37317,12032,,
37318,12032,,
37319,12032,,
37320,12032,,
37321,12032,,
37322,12032,,
37323,12032,,
37324,12032,,
37325,12032,,
37326,12032,,
37327,12032,,
37328,12032,,
37329,12032,,
37330,12032,,
37331,12032,,
37332,12032,,
37333,12032,,
37334,12032,,
37335,12032,,
37336,12032,,
37337,12032,,
37338,12032,,
37339,12032,,
37340,12032,,
37341,12032,,
37342,12032,,
37343,12032,,
37344,12032,,
37345,12032,,
37346,12032,,
37347,12032,,
37348,12032,,
37349,12032,,
37350,12032,,
37351,12032,,
37352,12032,,
37353,12032,,
37354,12032,,
37355,12032,,
37356,12032,,
37357,12032,,
37358,12032,,
37359,12032,,
37360,12032,,
37361,12032,,
37362,12032,,
37363,12032,,
37364,12032,,
37365,12032,,
37366,12032,,
37367,12032,,
37368,12032,,
37369,12032,,
37370,12032,,
37371,12032,,
37372,12032,,
37373,12032,,
37374,12032,,
37375,12032,,
37376,12032,,
37377,12032,,
37378,12032,,
37379,12032,,
37380,12032,,
37381,12032,,
37382,12032,,
37383,12032,,
37384,12032,,
37385,12032,,
37386,12032,,
37387,12032,,
37388,12032,,
37389,12032,,
37390,12032,,
37391,12032,,
37392,12032,,
37393,12032,,
37394,12032,,
37395,12032,,
37396,12032,,
37397,12032,,
37398,12032,,
37399,12032,,
37400,12032,,
37401,12032,,
37402,12032,,
37403,12032,,
37404,12032,,
37405,12032,,
37406,12032,,
37407,12032,,
37408,12032,,
37409,12032,,
37410,12032,,
37411,12032,,
37412,12032,,
37413,12032,,
37414,12032,,
37415,12032,,
37416,12032,,
37417,12032,,
37418,12032,,
37419,12032,,
37420,12032,,
37421,12032,,
37422,12032,,
37423,12032,,
37424,12032,,
37425,12032,,
37426,12032,,
37427,12032,,
37428,12032,,
37429,12032,,
37430,12032,,
37431,12032,,
37432,12032,,
37433,12032,,
37434,12032,,
37435,12032,,
37436,12032,,
37437,12032,,
37438,12032,,
37439,12032,,
37440,12032,,
37441,12032,,
37442,12032,,
37443,12032,,
37444,12032,,
37445,12032,,
37446,12032,,
37447,12032,,
37448,12032,,
37449,12032,,
37450,12032,,
37451,12032,,
37452,12032,,
37453,12032,,
37454,12032,,
37455,12032,,
37456,12032,,
37457,12032,,
37458,12032,,
37459,12032,,
37460,12032,,
37461,12032,,
37462,12032,,
37463,12032,,
37464,12032,,
37465,12032,,
37466,12032,,
37467,12032,,
37468,12032,,
37469,12032,,
37470,12032,,
37471,12032,,
37472,12032,,
37473,12032,,
37474,12032,,
37475,12032,,
37476,12032,,
37477,12032,,
37478,12032,,
37479,12032,,
37480,12032,,
37481,12032,,
37482,12032,,
37483,12032,,
37484,12032,,
37485,12032,,
37486,12032,,
37487,12032,,
37488,12032,,
37489,12032,,
37490,12032,,
37491,12032,,
37492,12032,,
37493,12032,,
37494,12032,,
37495,12032,,
37496,12032,,
37497,12032,,
37498,12032,,
37499,12032,,
37500,12032,,
37501,12032,,
37502,12032,,
37503,12032,,
37504,12032,,
37505,12032,,
37506,12032,,
37507,12032,,
37508,12032,,
37509,12032,,
37510,12032,,
37511,12032,,
37512,12032,,
37513,12032,,
37514,12032,,
37515,12032,,
37516,12032,,
37517,12032,,
37518,12032,,
37519,12032,,
37520,12032,,
37521,12032,,
37522,12032,,
37523,12032,,
37524,12032,,
37525,12032,,
37526,12032,,
37527,12032,,
37528,12032,,
37529,12032,,
37530,12032,,
37531,12032,,
37532,12032,,
37533,12032,,
37534,12032,,
37535,12032,,
37536,12032,,
37537,12032,,
37538,12032,,
37539,12032,,
37540,12032,,
37541,12032,,
37542,12032,,
37543,12032,,
37544,12032,,
37545,12032,,
37546,12032,,
37547,12032,,
37548,12032,,
37549,12032,,
37550,12032,,
37551,12032,,
37552,12032,,
37553,12032,,
37554,12032,,
37555,12032,,
37556,12032,,
37557,12032,,
37558,12032,,
37559,12032,,
37560,12032,,
37561,12032,,
37562,12032,,
37563,12032,,
37564,12032,,
37565,12032,,
37566,12032,,
37567,12032,,
37568,12032,,
37569,12032,,
37570,12032,,
37571,12032,,
37572,12032,,
37573,12032,,
37574,12032,,
37575,12032,,
37576,12032,,
37577,12032,,
37578,12032,,
37579,12032,,
37580,12032,,
37581,12032,,
37582,12032,,
37583,12032,,
37584,12032,,
37585,12032,,
37586,12032,,
37587,12032,,
37588,12032,,
37589,12032,,
37590,12032,,
37591,12032,,
37592,12032,,
37593,12032,,
37594,12032,,
37595,12032,,
37596,12032,,
37597,12032,,
37598,12032,,
37599,12032,,
37600,12032,,
37601,12032,,
37602,12032,,
37603,12032,,
37604,12032,,
37605,12032,,
37606,12032,,
37607,12032,,
37608,12032,,
37609,12032,,
37610,12032,,
37611,12032,,
37612,12032,,
37613,12032,,
37614,12032,,
37615,12032,,
37616,12032,,
37617,12032,,
37618,12032,,
37619,12032,,
37620,12032,,
37621,12032,,
37622,12032,,
37623,12032,,
37624,12032,,
37625,12032,,
37626,12032,,
37627,12032,,
37628,12032,,
37629,12032,,
37630,12032,,
37631,12032,,
37632,12032,,
37633,12032,,
37634,12032,,
37635,12032,,
37636,12032,,
37637,12032,,
37638,12032,,
37639,12032,,
37640,12032,,
37641,12032,,
37642,12032,,
37643,12032,,
37644,12032,,
37645,12032,,
37646,12032,,
37647,12032,,
37648,12032,,
37649,12032,,
37650,12032,,
37651,12032,,
37652,12032,,
37653,12032,,
37654,12032,,
37655,12032,,
37656,12032,,
37657,12032,,
37658,12032,,
37659,12032,,
37660,12032,,
37661,12032,,
37662,12032,,
37663,12032,,
37664,12032,,
37665,12032,,
37666,12032,,
37667,12032,,
37668,12032,,
37669,12032,,
37670,12032,,
37671,12032,,
37672,12032,,
37673,12032,,
37674,12032,,
37675,12032,,
37676,12032,,
37677,12032,,
37678,12032,,
37679,12032,,
37680,12032,,
37681,12032,,
37682,12032,,
37683,12032,,
37684,12032,,
37685,12032,,
37686,12032,,
37687,12032,,
37688,12032,,
37689,12032,,
37690,12032,,
37691,12032,,
37692,12032,,
37693,12032,,
37694,12032,,
37695,12032,,
37696,12032,,
37697,12032,,
37698,12032,,
37699,12032,,
37700,12032,,
37701,12032,,
37702,12032,,
37703,12032,,
37704,12032,,
37705,12032,,
37706,12032,,
37707,12032,,
37708,12032,,
37709,12032,,
37710,12032,,
37711,12032,,
37712,12032,,
37713,12032,,
37714,12032,,
37715,12032,,
37716,12032,,
37717,12032,,
37718,12032,,
37719,12032,,
37720,12032,,
37721,12032,,
37722,12032,,
37723,12032,,
37724,12032,,
37725,12032,,
37726,12032,,
37727,12032,,
37728,12032,,
37729,12032,,
37730,12032,,
37731,12032,,
37732,12032,,
37733,12032,,
37734,12032,,
37735,12032,,
37736,12032,,
37737,12032,,
37738,12032,,
37739,12032,,
37740,12032,,
37741,12032,,
37742,12032,,
37743,12032,,
37744,12032,,
37745,12032,,
37746,12032,,
37747,12032,,
37748,12032,,
37749,12032,,
37750,12032,,
37751,12032,,
37752,12032,,
37753,12032,,
37754,12032,,
37755,12032,,
37756,12032,,
37757,12032,,
37758,12032,,
37759,12032,,
37760,12032,,
37761,12032,,
37762,12032,,
37763,12032,,
37764,12032,,
37765,12032,,
37766,12032,,
37767,12032,,
37768,12032,,
37769,12032,,
37770,12032,,
37771,12032,,
37772,12032,,
37773,12032,,
37774,12032,,
37775,12032,,
37776,12032,,
37777,12032,,
37778,12032,,
37779,12032,,
37780,12032,,
37781,12032,,
37782,12032,,
37783,12032,,
37784,12032,,
37785,12032,,
37786,12032,,
37787,12032,,
37788,12032,,
37789,12032,,
37790,12032,,
37791,12032,,
37792,12032,,
37793,12032,,
37794,12032,,
37795,12032,,
37796,12032,,
37797,12032,,
37798,12032,,
37799,12032,,
37800,12032,,
37801,12032,,
37802,12032,,
37803,12032,,
37804,12032,,
37805,12032,,
37806,12032,,
37807,12032,,
37808,12032,,
37809,12032,,
37810,12032,,
37811,12032,,
37812,12032,,
37813,12032,,
37814,12032,,
37815,12032,,
37816,12032,,
37817,12032,,
37818,12032,,
37819,12032,,
37820,12032,,
37821,12032,,
37822,12032,,
37823,12032,,
37824,12032,,
37825,12032,,
37826,12032,,
37827,12032,,
37828,12032,,
37829,12032,,
37830,12032,,
37831,12032,,
37832,12032,,
37833,12032,,
37834,12032,,
37835,12032,,
37836,12032,,
37837,12032,,
37838,12032,,
37839,12032,,
37840,12032,,
37841,12032,,
37842,12032,,
37843,12032,,
37844,12032,,
37845,12032,,
37846,12032,,
37847,12032,,
37848,12032,,
37849,12032,,
37850,12032,,
37851,12032,,
37852,12032,,
37853,12032,,
37854,12032,,
37855,12032,,
37856,12032,,
37857,12032,,
37858,12032,,
37859,12032,,
37860,12032,,
37861,12032,,
37862,12032,,
37863,12032,,
37864,12032,,
37865,12032,,
37866,12032,,
37867,12032,,
37868,12032,,
37869,12032,,
37870,12032,,
37871,12032,,
37872,12032,,
37873,12032,,
37874,12032,,
37875,12032,,
37876,12032,,
37877,12032,,
37878,12032,,
37879,12032,,
37880,12032,,
37881,12032,,
37882,12032,,
37883,12032,,
37884,12032,,
37885,12032,,
37886,12032,,
37887,12032,,
37888,12032,,
37889,12032,,
37890,12032,,
37891,12032,,
37892,12032,,
37893,12032,,
37894,12032,,
37895,12032,,
37896,12032,,
37897,12032,,
37898,12032,,
37899,12032,,
37900,12032,,
37901,12032,,
37902,12032,,
37903,12032,,
37904,12032,,
37905,12032,,
37906,12032,,
37907,12032,,
37908,12032,,
37909,12032,,
37910,12032,,
37911,12032,,
37912,12032,,
37913,12032,,
37914,12032,,
37915,12032,,
37916,12032,,
37917,12032,,
37918,12032,,
37919,12032,,
37920,12032,,
37921,12032,,
37922,12032,,
37923,12032,,
37924,12032,,
37925,12032,,
37926,12032,,
37927,12032,,
37928,12032,,
37929,12032,,
37930,12032,,
37931,12032,,
37932,12032,,
37933,12032,,
37934,12032,,
37935,12032,,
37936,12032,,
37937,12032,,
37938,12032,,
37939,12032,,
37940,12032,,
37941,12032,,
37942,12032,,
37943,12032,,
37944,12032,,
37945,12032,,
37946,12032,,
37947,12032,,
37948,12032,,
37949,12032,,
37950,12032,,
37951,12032,,
37952,12032,,
37953,12032,,
37954,12032,,
37955,12032,,
37956,12032,,
37957,12032,,
37958,12032,,
37959,12032,,
37960,12032,,
37961,12032,,
37962,12032,,
37963,12032,,
37964,12032,,
37965,12032,,
37966,12032,,
37967,12032,,
37968,12032,,
37969,12032,,
37970,12032,,
37971,12032,,
37972,12032,,
37973,12032,,
37974,12032,,
37975,12032,,
37976,12032,,
37977,12032,,
37978,12032,,
37979,12032,,
37980,12032,,
37981,12032,,
37982,12032,,
37983,12032,,
37984,12032,,
37985,12032,,
37986,12032,,
37987,12032,,
37988,12032,,
37989,12032,,
37990,12032,,
37991,12032,,
37992,12032,,
37993,12032,,
37994,12032,,
37995,12032,,
37996,12032,,
37997,12032,,
37998,12032,,
37999,12032,,
38000,12032,,
38001,12032,,
38002,12032,,
38003,12032,,
38004,12032,,
38005,12032,,
38006,12032,,
38007,12032,,
38008,12032,,
38009,12032,,
38010,12032,,
38011,12032,,
38012,12032,,
38013,12032,,
38014,12032,,
38015,12032,,
38016,12032,,
38017,12032,,
38018,12032,,
38019,12032,,
38020,12032,,
38021,12032,,
38022,12032,,
38023,12032,,
38024,12032,,
38025,12032,,
38026,12032,,
38027,12032,,
38028,12032,,
38029,12032,,
38030,12032,,
38031,12032,,
38032,12032,,
38033,12032,,
38034,12032,,
38035,12032,,
38036,12032,,
38037,12032,,
38038,12032,,
38039,12032,,
38040,12032,,
38041,12032,,
38042,12032,,
38043,12032,,
38044,12032,,
38045,12032,,
38046,12032,,
38047,12032,,
38048,12032,,
38049,12032,,
38050,12032,,
38051,12032,,
38052,12032,,
38053,12032,,
38054,12032,,
38055,12032,,
38056,12032,,
38057,12032,,
38058,12032,,
38059,12032,,
38060,12032,,
38061,12032,,
38062,12032,,
38063,12032,,
38064,12032,,
38065,12032,,
38066,12032,,
38067,12032,,
38068,12032,,
38069,12032,,
38070,12032,,
38071,12032,,
38072,12032,,
38073,12032,,
38074,12032,,
38075,12032,,
38076,12032,,
38077,12032,,
38078,12032,,
38079,12032,,
38080,12032,,
38081,12032,,
38082,12032,,
38083,12032,,
38084,12032,,
38085,12032,,
38086,12032,,
38087,12032,,
38088,12032,,
38089,12032,,
38090,12032,,
38091,12032,,
38092,12032,,
38093,12032,,
38094,12032,,
38095,12032,,
38096,12032,,
38097,12032,,
38098,12032,,
38099,12032,,
38100,12032,,
38101,12032,,
38102,12032,,
38103,12032,,
38104,12032,,
38105,12032,,
38106,12032,,
38107,12032,,
38108,12032,,
38109,12032,,
38110,12032,,
38111,12032,,
38112,12032,,
38113,12032,,
38114,12032,,
38115,12032,,
38116,12032,,
38117,12032,,
38118,12032,,
38119,12032,,
38120,12032,,
38121,12032,,
38122,12032,,
38123,12032,,
38124,12032,,
38125,12032,,
38126,12032,,
38127,12032,,
38128,12032,,
38129,12032,,
38130,12032,,
38131,12032,,
38132,12032,,
38133,12032,,
38134,12032,,
38135,12032,,
38136,12032,,
38137,12032,,
38138,12032,,
38139,12032,,
38140,12032,,
38141,12032,,
38142,12032,,
38143,12032,,
38144,12032,,
38145,12032,,
38146,12032,,
38147,12032,,
38148,12032,,
38149,12032,,
38150,12032,,
38151,12032,,
38152,12032,,
38153,12032,,
38154,12032,,
38155,12032,,
38156,12032,,
38157,12032,,
38158,12032,,
38159,12032,,
38160,12032,,
38161,12032,,
38162,12032,,
38163,12032,,
38164,12032,,
38165,12032,,
38166,12032,,
38167,12032,,
38168,12032,,
38169,12032,,
38170,12032,,
38171,12032,,
38172,12032,,
38173,12032,,
38174,12032,,
38175,12032,,
38176,12032,,
38177,12032,,
38178,12032,,
38179,12032,,
38180,12032,,
38181,12032,,
38182,12032,,
38183,12032,,
38184,12032,,
38185,12032,,
38186,12032,,
38187,12032,,
38188,12032,,
38189,12032,,
38190,12032,,
38191,12032,,
38192,12032,,
38193,12032,,
38194,12032,,
38195,12032,,
38196,12032,,
38197,12032,,
38198,12032,,
38199,12032,,
38200,12032,,
38201,12032,,
38202,12032,,
38203,12032,,
38204,12032,,
38205,12032,,
38206,12032,,
38207,12032,,
38208,12032,,
38209,12032,,
38210,12032,,
38211,12032,,
38212,12032,,
38213,12032,,
38214,12032,,
38215,12032,,
38216,12032,,
38217,12032,,
38218,12032,,
38219,12032,,
38220,12032,,
38221,12032,,
38222,12032,,
38223,12032,,
38224,12032,,
38225,12032,,
38226,12032,,
38227,12032,,
38228,12032,,
38229,12032,,
38230,12032,,
38231,12032,,
38232,12032,,
38233,12032,,
38234,12032,,
38235,12032,,
38236,12032,,
38237,12032,,
38238,12032,,
38239,12032,,
38240,12032,,
38241,12032,,
38242,12032,,
38243,12032,,
38244,12032,,
38245,12032,,
38246,12032,,
38247,12032,,
38248,12032,,
38249,12032,,
38250,12032,,
38251,12032,,
38252,12032,,
38253,12032,,
38254,12032,,
38255,12032,,
38256,12032,,
38257,12032,,
38258,12032,,
38259,12032,,
38260,12032,,
38261,12032,,
38262,12032,,
38263,12032,,
38264,12032,,
38265,12032,,
38266,12032,,
38267,12032,,
38268,12032,,
38269,12032,,
38270,12032,,
38271,12032,,
38272,12032,,
38273,12032,,
38274,12032,,
38275,12032,,
38276,12032,,
38277,12032,,
38278,12032,,
38279,12032,,
38280,12032,,
38281,12032,,
38282,12032,,
38283,12032,,
38284,12032,,
38285,12032,,
38286,12032,,
38287,12032,,
38288,12032,,
38289,12032,,
38290,12032,,
38291,12032,,
38292,12032,,
38293,12032,,
38294,12032,,
38295,12032,,
38296,12032,,
38297,12032,,
38298,12032,,
38299,12032,,
38300,12032,,
38301,12032,,
38302,12032,,
38303,12032,,
38304,12032,,
38305,12032,,
38306,12032,,
38307,12032,,
38308,12032,,
38309,12032,,
38310,12032,,
38311,12032,,
38312,12032,,
38313,12032,,
38314,12032,,
38315,12032,,
38316,12032,,
38317,12032,,
38318,12032,,
38319,12032,,
38320,12032,,
38321,12032,,
38322,12032,,
38323,12032,,
38324,12032,,
38325,12032,,
38326,12032,,
38327,12032,,
38328,12032,,
38329,12032,,
38330,12032,,
38331,12032,,
38332,12032,,
38333,12032,,
38334,12032,,
38335,12032,,
38336,12032,,
38337,12032,,
38338,12032,,
38339,12032,,
38340,12032,,
38341,12032,,
38342,12032,,
38343,12032,,
38344,12032,,
38345,12032,,
38346,12032,,
38347,12032,,
38348,12032,,
38349,12032,,
38350,12032,,
38351,12032,,
38352,12032,,
38353,12032,,
38354,12032,,
38355,12032,,
38356,12032,,
38357,12032,,
38358,12032,,
38359,12032,,
38360,12032,,
38361,12032,,
38362,12032,,
38363,12032,,
38364,12032,,
38365,12032,,
38366,12032,,
38367,12032,,
38368,12032,,
38369,12032,,
38370,12032,,
38371,12032,,
38372,12032,,
38373,12032,,
38374,12032,,
38375,12032,,
38376,12032,,
38377,12032,,
38378,12032,,
38379,12032,,
38380,12032,,
38381,12032,,
38382,12032,,
38383,12032,,
38384,12032,,
38385,12032,,
38386,12032,,
38387,12032,,
38388,12032,,
38389,12032,,
38390,12032,,
38391,12032,,
38392,12032,,
38393,12032,,
38394,12032,,
38395,12032,,
38396,12032,,
38397,12032,,
38398,12032,,
38399,12032,,
38400,12032,,
38401,12032,,
38402,12032,,
38403,12032,,
38404,12032,,
38405,12032,,
38406,12032,,
38407,12032,,
38408,12032,,
38409,12032,,
38410,12032,,
38411,12032,,
38412,12032,,
38413,12032,,
38414,12032,,
38415,12032,,
38416,12032,,
38417,12032,,
38418,12032,,
38419,12032,,
38420,12032,,
38421,12032,,
38422,12032,,
38423,12032,,
38424,12032,,
38425,12032,,
38426,12032,,
38427,12032,,
38428,12032,,
38429,12032,,
38430,12032,,
38431,12032,,
38432,12032,,
38433,12032,,
38434,12032,,
38435,12032,,
38436,12032,,
38437,12032,,
38438,12032,,
38439,12032,,
38440,12032,,
38441,12032,,
38442,12032,,
38443,12032,,
38444,12032,,
38445,12032,,
38446,12032,,
38447,12032,,
38448,12032,,
38449,12032,,
38450,12032,,
38451,12032,,
38452,12032,,
38453,12032,,
38454,12032,,
38455,12032,,
38456,12032,,
38457,12032,,
38458,12032,,
38459,12032,,
38460,12032,,
38461,12032,,
38462,12032,,
38463,12032,,
38464,12032,,
38465,12032,,
38466,12032,,
38467,12032,,
38468,12032,,
38469,12032,,
38470,12032,,
38471,12032,,
38472,12032,,
38473,12032,,
38474,12032,,
38475,12032,,
38476,12032,,
38477,12032,,
38478,12032,,
38479,12032,,
38480,12032,,
38481,12032,,
38482,12032,,
38483,12032,,
38484,12032,,
38485,12032,,
38486,12032,,
38487,12032,,
38488,12032,,
38489,12032,,
38490,12032,,
38491,12032,,
38492,12032,,
38493,12032,,
38494,12032,,
38495,12032,,
38496,12032,,
38497,12032,,
38498,12032,,
38499,12032,,
38500,12032,,
38501,12032,,
38502,12032,,
38503,12032,,
38504,12032,,
38505,12032,,
38506,12032,,
38507,12032,,
38508,12032,,
38509,12032,,
38510,12032,,
38511,12032,,
38512,12032,,
38513,12032,,
38514,12032,,
38515,12032,,
38516,12032,,
38517,12032,,
38518,12032,,
38519,12032,,
38520,12032,,
38521,12032,,
38522,12032,,
38523,12032,,
38524,12032,,
38525,12032,,
38526,12032,,
38527,12032,,
38528,12032,,
38529,12032,,
38530,12032,,
38531,12032,,
38532,12032,,
38533,12032,,
38534,12032,,
38535,12032,,
38536,12032,,
38537,12032,,
38538,12032,,
38539,12032,,
38540,12032,,
38541,12032,,
38542,12032,,
38543,12032,,
38544,12032,,
38545,12032,,
38546,12032,,
38547,12032,,
38548,12032,,
38549,12032,,
38550,12032,,
38551,12032,,
38552,12032,,
38553,12032,,
38554,12032,,
38555,12032,,
38556,12032,,
38557,12032,,
38558,12032,,
38559,12032,,
38560,12032,,
38561,12032,,
38562,12032,,
38563,12032,,
38564,12032,,
38565,12032,,
38566,12032,,
38567,12032,,
38568,12032,,
38569,12032,,
38570,12032,,
38571,12032,,
38572,12032,,
38573,12032,,
38574,12032,,
38575,12032,,
38576,12032,,
38577,12032,,
38578,12032,,
38579,12032,,
38580,12032,,
38581,12032,,
38582,12032,,
38583,12032,,
38584,12032,,
38585,12032,,
38586,12032,,
38587,12032,,
38588,12032,,
38589,12032,,
38590,12032,,
38591,12032,,
38592,12032,,
38593,12032,,
38594,12032,,
38595,12032,,
38596,12032,,
38597,12032,,
38598,12032,,
38599,12032,,
38600,12032,,
38601,12032,,
38602,12032,,
38603,12032,,
38604,12032,,
38605,12032,,
38606,12032,,
38607,12032,,
38608,12032,,
38609,12032,,
38610,12032,,
38611,12032,,
38612,12032,,
38613,12032,,
38614,12032,,
38615,12032,,
38616,12032,,
38617,12032,,
38618,12032,,
38619,12032,,
38620,12032,,
38621,12032,,
38622,12032,,
38623,12032,,
38624,12032,,
38625,12032,,
38626,12032,,
38627,12032,,
38628,12032,,
38629,12032,,
38630,12032,,
38631,12032,,
38632,12032,,
38633,12032,,
38634,12032,,
38635,12032,,
38636,12032,,
38637,12032,,
38638,12032,,
38639,12032,,
38640,12032,,
38641,12032,,
38642,12032,,
38643,12032,,
38644,12032,,
38645,12032,,
38646,12032,,
38647,12032,,
38648,12032,,
38649,12032,,
38650,12032,,
38651,12032,,
38652,12032,,
38653,12032,,
38654,12032,,
38655,12032,,
38656,12032,,
38657,12032,,
38658,12032,,
38659,12032,,
38660,12032,,
38661,12032,,
38662,12032,,
38663,12032,,
38664,12032,,
38665,12032,,
38666,12032,,
38667,12032,,
38668,12032,,
38669,12032,,
38670,12032,,
38671,12032,,
38672,12032,,
38673,12032,,
38674,12032,,
38675,12032,,
38676,12032,,
38677,12032,,
38678,12032,,
38679,12032,,
38680,12032,,
38681,12032,,
38682,12032,,
38683,12032,,
38684,12032,,
38685,12032,,
38686,12032,,
38687,12032,,
38688,12032,,
38689,12032,,
38690,12032,,
38691,12032,,
38692,12032,,
38693,12032,,
38694,12032,,
38695,12032,,
38696,12032,,
38697,12032,,
38698,12032,,
38699,12032,,
38700,12032,,
38701,12032,,
38702,12032,,
38703,12032,,
38704,12032,,
38705,12032,,
38706,12032,,
38707,12032,,
38708,12032,,
38709,12032,,
38710,12032,,
38711,12032,,
38712,12032,,
38713,12032,,
38714,12032,,
38715,12032,,
38716,12032,,
38717,12032,,
38718,12032,,
38719,12032,,
38720,12032,,
38721,12032,,
38722,12032,,
38723,12032,,
38724,12032,,
38725,12032,,
38726,12032,,
38727,12032,,
38728,12032,,
38729,12032,,
38730,12032,,
38731,12032,,
38732,12032,,
38733,12032,,
38734,12032,,
38735,12032,,
38736,12032,,
38737,12032,,
38738,12032,,
38739,12032,,
38740,12032,,
38741,12032,,
38742,12032,,
38743,12032,,
38744,12032,,
38745,12032,,
38746,12032,,
38747,12032,,
38748,12032,,
38749,12032,,
38750,12032,,
38751,12032,,
38752,12032,,
38753,12032,,
38754,12032,,
38755,12032,,
38756,12032,,
38757,12032,,
38758,12032,,
38759,12032,,
38760,12032,,
38761,12032,,
38762,12032,,
38763,12032,,
38764,12032,,
38765,12032,,
38766,12032,,
38767,12032,,
38768,12032,,
38769,12032,,
38770,12032,,
38771,12032,,
38772,12032,,
38773,12032,,
38774,12032,,
38775,12032,,
38776,12032,,
38777,12032,,
38778,12032,,
38779,12032,,
38780,12032,,
38781,12032,,
38782,12032,,
38783,12032,,
38784,12032,,
38785,12032,,
38786,12032,,
38787,12032,,
38788,12032,,
38789,12032,,
38790,12032,,
38791,12032,,
38792,12032,,
38793,12032,,
38794,12032,,
38795,12032,,
38796,12032,,
38797,12032,,
38798,12032,,
38799,12032,,
38800,12032,,
38801,12032,,
38802,12032,,
38803,12032,,
38804,12032,,
38805,12032,,
38806,12032,,
38807,12032,,
38808,12032,,
38809,12032,,
38810,12032,,
38811,12032,,
38812,12032,,
38813,12032,,
38814,12032,,
38815,12032,,
38816,12032,,
38817,12032,,
38818,12032,,
38819,12032,,
38820,12032,,
38821,12032,,
38822,12032,,
38823,12032,,
38824,12032,,
38825,12032,,
38826,12032,,
38827,12032,,
38828,12032,,
38829,12032,,
38830,12032,,
38831,12032,,
38832,12032,,
38833,12032,,
38834,12032,,
38835,12032,,
38836,12032,,
38837,12032,,
38838,12032,,
38839,12032,,
38840,12032,,
38841,12032,,
38842,12032,,
38843,12032,,
38844,12032,,
38845,12032,,
38846,12032,,
38847,12032,,
38848,12032,,
38849,12032,,
38850,12032,,
38851,12032,,
38852,12032,,
38853,12032,,
38854,12032,,
38855,12032,,
38856,12032,,
38857,12032,,
38858,12032,,
38859,12032,,
38860,12032,,
38861,12032,,
38862,12032,,
38863,12032,,
38864,12032,,
38865,12032,,
38866,12032,,
38867,12032,,
38868,12032,,
38869,12032,,
38870,12032,,
38871,12032,,
38872,12032,,
38873,12032,,
38874,12032,,
38875,12032,,
38876,12032,,
38877,12032,,
38878,12032,,
38879,12032,,
38880,12032,,
38881,12032,,
38882,12032,,
38883,12032,,
38884,12032,,
38885,12032,,
38886,12032,,
38887,12032,,
38888,12032,,
38889,12032,,
38890,12032,,
38891,12032,,
38892,12032,,
38893,12032,,
38894,12032,,
38895,12032,,
38896,12032,,
38897,12032,,
38898,12032,,
38899,12032,,
38900,12032,,
38901,12032,,
38902,12032,,
38903,12032,,
38904,12032,,
38905,12032,,
38906,12032,,
38907,12032,,
38908,12032,,
38909,12032,,
38910,12032,,
38911,12032,,
38912,12032,,
38913,12032,,
38914,12032,,
38915,12032,,
38916,12032,,
38917,12032,,
38918,12032,,
38919,12032,,
38920,12032,,
38921,12032,,
38922,12032,,
38923,12032,,
38924,12032,,
38925,12032,,
38926,12032,,
38927,12032,,
38928,12032,,
38929,12032,,
38930,12032,,
38931,12032,,
38932,12032,,
38933,12032,,
38934,12032,,
38935,12032,,
38936,12032,,
38937,12032,,
38938,12032,,
38939,12032,,
38940,12032,,
38941,12032,,
38942,12032,,
38943,12032,,
38944,12032,,
38945,12032,,
38946,12032,,
38947,12032,,
38948,12032,,
38949,12032,,
38950,12032,,
38951,12032,,
38952,12032,,
38953,12032,,
38954,12032,,
38955,12032,,
38956,12032,,
38957,12032,,
38958,12032,,
38959,12032,,
38960,12032,,
38961,12032,,
38962,12032,,
38963,12032,,
38964,12032,,
38965,12032,,
38966,12032,,
38967,12032,,
38968,12032,,
38969,12032,,
38970,12032,,
38971,12032,,
38972,12032,,
38973,12032,,
38974,12032,,
38975,12032,,
38976,12032,,
38977,12032,,
38978,12032,,
38979,12032,,
38980,12032,,
38981,12032,,
38982,12032,,
38983,12032,,
38984,12032,,
38985,12032,,
38986,12032,,
38987,12032,,
38988,12032,,
38989,12032,,
38990,12032,,
38991,12032,,
38992,12032,,
38993,12032,,
38994,12032,,
38995,12032,,
38996,12032,,
38997,12032,,
38998,12032,,
38999,12032,,
39000,12032,,
39001,12032,,
39002,12032,,
39003,12032,,
39004,12032,,
39005,12032,,
39006,12032,,
39007,12032,,
39008,12032,,
39009,12032,,
39010,12032,,
39011,12032,,
39012,12032,,
39013,12032,,
39014,12032,,
39015,12032,,
39016,12032,,
39017,12032,,
39018,12032,,
39019,12032,,
39020,12032,,
39021,12032,,
39022,12032,,
39023,12032,,
39024,12032,,
39025,12032,,
39026,12032,,
39027,12032,,
39028,12032,,
39029,12032,,
39030,12032,,
39031,12032,,
39032,12032,,
39033,12032,,
39034,12032,,
39035,12032,,
39036,12032,,
39037,12032,,
39038,12032,,
39039,12032,,
39040,12032,,
39041,12032,,
39042,12032,,
39043,12032,,
39044,12032,,
39045,12032,,
39046,12032,,
39047,12032,,
39048,12032,,
39049,12032,,
39050,12032,,
39051,12032,,
39052,12032,,
39053,12032,,
39054,12032,,
39055,12032,,
39056,12032,,
39057,12032,,
39058,12032,,
39059,12032,,
39060,12032,,
39061,12032,,
39062,12032,,
39063,12032,,
39064,12032,,
39065,12032,,
39066,12032,,
39067,12032,,
39068,12032,,
39069,12032,,
39070,12032,,
39071,12032,,
39072,12032,,
39073,12032,,
39074,12032,,
39075,12032,,
39076,12032,,
39077,12032,,
39078,12032,,
39079,12032,,
39080,12032,,
39081,12032,,
39082,12032,,
39083,12032,,
39084,12032,,
39085,12032,,
39086,12032,,
39087,12032,,
39088,12032,,
39089,12032,,
39090,12032,,
39091,12032,,
39092,12032,,
39093,12032,,
39094,12032,,
39095,12032,,
39096,12032,,
39097,12032,,
39098,12032,,
39099,12032,,
39100,12032,,
39101,12032,,
39102,12032,,
39103,12032,,
39104,12032,,
39105,12032,,
39106,12032,,
39107,12032,,
39108,12032,,
39109,12032,,
39110,12032,,
39111,12032,,
39112,12032,,
39113,12032,,
39114,12032,,
39115,12032,,
39116,12032,,
39117,12032,,
39118,12032,,
39119,12032,,
39120,12032,,
39121,12032,,
39122,12032,,
39123,12032,,
39124,12032,,
39125,12032,,
39126,12032,,
39127,12032,,
39128,12032,,
39129,12032,,
39130,12032,,
39131,12032,,
39132,12032,,
39133,12032,,
39134,12032,,
39135,12032,,
39136,12032,,
39137,12032,,
39138,12032,,
39139,12032,,
39140,12032,,
39141,12032,,
39142,12032,,
39143,12032,,
39144,12032,,
39145,12032,,
39146,12032,,
39147,12032,,
39148,12032,,
39149,12032,,
39150,12032,,
39151,12032,,
39152,12032,,
39153,12032,,
39154,12032,,
39155,12032,,
39156,12032,,
39157,12032,,
39158,12032,,
39159,12032,,
39160,12032,,
39161,12032,,
39162,12032,,
39163,12032,,
39164,12032,,
39165,12032,,
39166,12032,,
39167,12032,,
39168,12032,,
39169,12032,,
39170,12032,,
39171,12032,,
39172,12032,,
39173,12032,,
39174,12032,,
39175,12032,,
39176,12032,,
39177,12032,,
39178,12032,,
39179,12032,,
39180,12032,,
39181,12032,,
39182,12032,,
39183,12032,,
39184,12032,,
39185,12032,,
39186,12032,,
39187,12032,,
39188,12032,,
39189,12032,,
39190,12032,,
39191,12032,,
39192,12032,,
39193,12032,,
39194,12032,,
39195,12032,,
39196,12032,,
39197,12032,,
39198,12032,,
39199,12032,,
39200,12032,,
39201,12032,,
39202,12032,,
39203,12032,,
39204,12032,,
39205,12032,,
39206,12032,,
39207,12032,,
39208,12032,,
39209,12032,,
39210,12032,,
39211,12032,,
39212,12032,,
39213,12032,,
39214,12032,,
39215,12032,,
39216,12032,,
39217,12032,,
39218,12032,,
39219,12032,,
39220,12032,,
39221,12032,,
39222,12032,,
39223,12032,,
39224,12032,,
39225,12032,,
39226,12032,,
39227,12032,,
39228,12032,,
39229,12032,,
39230,12032,,
39231,12032,,
39232,12032,,
39233,12032,,
39234,12032,,
39235,12032,,
39236,12032,,
39237,12032,,
39238,12032,,
39239,12032,,
39240,12032,,
39241,12032,,
39242,12032,,
39243,12032,,
39244,12032,,
39245,12032,,
39246,12032,,
39247,12032,,
39248,12032,,
39249,12032,,
39250,12032,,
39251,12032,,
39252,12032,,
39253,12032,,
39254,12032,,
39255,12032,,
39256,12032,,
39257,12032,,
39258,12032,,
39259,12032,,
39260,12032,,
39261,12032,,
39262,12032,,
39263,12032,,
39264,12032,,
39265,12032,,
39266,12032,,
39267,12032,,
39268,12032,,
39269,12032,,
39270,12032,,
39271,12032,,
39272,12032,,
39273,12032,,
39274,12032,,
39275,12032,,
39276,12032,,
39277,12032,,
39278,12032,,
39279,12032,,
39280,12032,,
39281,12032,,
39282,12032,,
39283,12032,,
39284,12032,,
39285,12032,,
39286,12032,,
39287,12032,,
39288,12032,,
39289,12032,,
39290,12032,,
39291,12032,,
39292,12032,,
39293,12032,,
39294,12032,,
39295,12032,,
39296,12032,,
39297,12032,,
39298,12032,,
39299,12032,,
39300,12032,,
39301,12032,,
39302,12032,,
39303,12032,,
39304,12032,,
39305,12032,,
39306,12032,,
39307,12032,,
39308,12032,,
39309,12032,,
39310,12032,,
39311,12032,,
39312,12032,,
39313,12032,,
39314,12032,,
39315,12032,,
39316,12032,,
39317,12032,,
39318,12032,,
39319,12032,,
39320,12032,,
39321,12032,,
39322,12032,,
39323,12032,,
39324,12032,,
39325,12032,,
39326,12032,,
39327,12032,,
39328,12032,,
39329,12032,,
39330,12032,,
39331,12032,,
39332,12032,,
39333,12032,,
39334,12032,,
39335,12032,,
39336,12032,,
39337,12032,,
39338,12032,,
39339,12032,,
39340,12032,,
39341,12032,,
39342,12032,,
39343,12032,,
39344,12032,,
39345,12032,,
39346,12032,,
39347,12032,,
39348,12032,,
39349,12032,,
39350,12032,,
39351,12032,,
39352,12032,,
39353,12032,,
39354,12032,,
39355,12032,,
39356,12032,,
39357,12032,,
39358,12032,,
39359,12032,,
39360,12032,,
39361,12032,,
39362,12032,,
39363,12032,,
39364,12032,,
39365,12032,,
39366,12032,,
39367,12032,,
39368,12032,,
39369,12032,,
39370,12032,,
39371,12032,,
39372,12032,,
39373,12032,,
39374,12032,,
39375,12032,,
39376,12032,,
39377,12032,,
39378,12032,,
39379,12032,,
39380,12032,,
39381,12032,,
39382,12032,,
39383,12032,,
39384,12032,,
39385,12032,,
39386,12032,,
39387,12032,,
39388,12032,,
39389,12032,,
39390,12032,,
39391,12032,,
39392,12032,,
39393,12032,,
39394,12032,,
39395,12032,,
39396,12032,,
39397,12032,,
39398,12032,,
39399,12032,,
39400,12032,,
39401,12032,,
39402,12032,,
39403,12032,,
39404,12032,,
39405,12032,,
39406,12032,,
39407,12032,,
39408,12032,,
39409,12032,,
39410,12032,,
39411,12032,,
39412,12032,,
39413,12032,,
39414,12032,,
39415,12032,,
39416,12032,,
39417,12032,,
39418,12032,,
39419,12032,,
39420,12032,,
39421,12032,,
39422,12032,,
39423,12032,,
39424,12032,,
39425,12032,,
39426,12032,,
39427,12032,,
39428,12032,,
39429,12032,,
39430,12032,,
39431,12032,,
39432,12032,,
39433,12032,,
39434,12032,,
39435,12032,,
39436,12032,,
39437,12032,,
39438,12032,,
39439,12032,,
39440,12032,,
39441,12032,,
39442,12032,,
39443,12032,,
39444,12032,,
39445,12032,,
39446,12032,,
39447,12032,,
39448,12032,,
39449,12032,,
39450,12032,,
39451,12032,,
39452,12032,,
39453,12032,,
39454,12032,,
39455,12032,,
39456,12032,,
39457,12032,,
39458,12032,,
39459,12032,,
39460,12032,,
39461,12032,,
39462,12032,,
39463,12032,,
39464,12032,,
39465,12032,,
39466,12032,,
39467,12032,,
39468,12032,,
39469,12032,,
39470,12032,,
39471,12032,,
39472,12032,,
39473,12032,,
39474,12032,,
39475,12032,,
39476,12032,,
39477,12032,,
39478,12032,,
39479,12032,,
39480,12032,,
39481,12032,,
39482,12032,,
39483,12032,,
39484,12032,,
39485,12032,,
39486,12032,,
39487,12032,,
39488,12032,,
39489,12032,,
39490,12032,,
39491,12032,,
39492,12032,,
39493,12032,,
39494,12032,,
39495,12032,,
39496,12032,,
39497,12032,,
39498,12032,,
39499,12032,,
39500,12032,,
39501,12032,,
39502,12032,,
39503,12032,,
39504,12032,,
39505,12032,,
39506,12032,,
39507,12032,,
39508,12032,,
39509,12032,,
39510,12032,,
39511,12032,,
39512,12032,,
39513,12032,,
39514,12032,,
39515,12032,,
39516,12032,,
39517,12032,,
39518,12032,,
39519,12032,,
39520,12032,,
39521,12032,,
39522,12032,,
39523,12032,,
39524,12032,,
39525,12032,,
39526,12032,,
39527,12032,,
39528,12032,,
39529,12032,,
39530,12032,,
39531,12032,,
39532,12032,,
39533,12032,,
39534,12032,,
39535,12032,,
39536,12032,,
39537,12032,,
39538,12032,,
39539,12032,,
39540,12032,,
39541,12032,,
39542,12032,,
39543,12032,,
39544,12032,,
39545,12032,,
39546,12032,,
39547,12032,,
39548,12032,,
39549,12032,,
39550,12032,,
39551,12032,,
39552,12032,,
39553,12032,,
39554,12032,,
39555,12032,,
39556,12032,,
39557,12032,,
39558,12032,,
39559,12032,,
39560,12032,,
39561,12032,,
39562,12032,,
39563,12032,,
39564,12032,,
39565,12032,,
39566,12032,,
39567,12032,,
39568,12032,,
39569,12032,,
39570,12032,,
39571,12032,,
39572,12032,,
39573,12032,,
39574,12032,,
39575,12032,,
39576,12032,,
39577,12032,,
39578,12032,,
39579,12032,,
39580,12032,,
39581,12032,,
39582,12032,,
39583,12032,,
39584,12032,,
39585,12032,,
39586,12032,,
39587,12032,,
39588,12032,,
39589,12032,,
39590,12032,,
39591,12032,,
39592,12032,,
39593,12032,,
39594,12032,,
39595,12032,,
39596,12032,,
39597,12032,,
39598,12032,,
39599,12032,,
39600,12032,,
39601,12032,,
39602,12032,,
39603,12032,,
39604,12032,,
39605,12032,,
39606,12032,,
39607,12032,,
39608,12032,,
39609,12032,,
39610,12032,,
39611,12032,,
39612,12032,,
39613,12032,,
39614,12032,,
39615,12032,,
39616,12032,,
39617,12032,,
39618,12032,,
39619,12032,,
39620,12032,,
39621,12032,,
39622,12032,,
39623,12032,,
39624,12032,,
39625,12032,,
39626,12032,,
39627,12032,,
39628,12032,,
39629,12032,,
39630,12032,,
39631,12032,,
39632,12032,,
39633,12032,,
39634,12032,,
39635,12032,,
39636,12032,,
39637,12032,,
39638,12032,,
39639,12032,,
39640,12032,,
39641,12032,,
39642,12032,,
39643,12032,,
39644,12032,,
39645,12032,,
39646,12032,,
39647,12032,,
39648,12032,,
39649,12032,,
39650,12032,,
39651,12032,,
39652,12032,,
39653,12032,,
39654,12032,,
39655,12032,,
39656,12032,,
39657,12032,,
39658,12032,,
39659,12032,,
39660,12032,,
39661,12032,,
39662,12032,,
39663,12032,,
39664,12032,,
39665,12032,,
39666,12032,,
39667,12032,,
39668,12032,,
39669,12032,,
39670,12032,,
39671,12032,,
39672,12032,,
39673,12032,,
39674,12032,,
39675,12032,,
39676,12032,,
39677,12032,,
39678,12032,,
39679,12032,,
39680,12032,,
39681,12032,,
39682,12032,,
39683,12032,,
39684,12032,,
39685,12032,,
39686,12032,,
39687,12032,,
39688,12032,,
39689,12032,,
39690,12032,,
39691,12032,,
39692,12032,,
39693,12032,,
39694,12032,,
39695,12032,,
39696,12032,,
39697,12032,,
39698,12032,,
39699,12032,,
39700,12032,,
39701,12032,,
39702,12032,,
39703,12032,,
39704,12032,,
39705,12032,,
39706,12032,,
39707,12032,,
39708,12032,,
39709,12032,,
39710,12032,,
39711,12032,,
39712,12032,,
39713,12032,,
39714,12032,,
39715,12032,,
39716,12032,,
39717,12032,,
39718,12032,,
39719,12032,,
39720,12032,,
39721,12032,,
39722,12032,,
39723,12032,,
39724,12032,,
39725,12032,,
39726,12032,,
39727,12032,,
39728,12032,,
39729,12032,,
39730,12032,,
39731,12032,,
39732,12032,,
39733,12032,,
39734,12032,,
39735,12032,,
39736,12032,,
39737,12032,,
39738,12032,,
39739,12032,,
39740,12032,,
39741,12032,,
39742,12032,,
39743,12032,,
39744,12032,,
39745,12032,,
39746,12032,,
39747,12032,,
39748,12032,,
39749,12032,,
39750,12032,,
39751,12032,,
39752,12032,,
39753,12032,,
39754,12032,,
39755,12032,,
39756,12032,,
39757,12032,,
39758,12032,,
39759,12032,,
39760,12032,,
39761,12032,,
39762,12032,,
39763,12032,,
39764,12032,,
39765,12032,,
39766,12032,,
39767,12032,,
39768,12032,,
39769,12032,,
39770,12032,,
39771,12032,,
39772,12032,,
39773,12032,,
39774,12032,,
39775,12032,,
39776,12032,,
39777,12032,,
39778,12032,,
39779,12032,,
39780,12032,,
39781,12032,,
39782,12032,,
39783,12032,,
39784,12032,,
39785,12032,,
39786,12032,,
39787,12032,,
39788,12032,,
39789,12032,,
39790,12032,,
39791,12032,,
39792,12032,,
39793,12032,,
39794,12032,,
39795,12032,,
39796,12032,,
39797,12032,,
39798,12032,,
39799,12032,,
39800,12032,,
39801,12032,,
39802,12032,,
39803,12032,,
39804,12032,,
39805,12032,,
39806,12032,,
39807,12032,,
39808,12032,,
39809,12032,,
39810,12032,,
39811,12032,,
39812,12032,,
39813,12032,,
39814,12032,,
39815,12032,,
39816,12032,,
39817,12032,,
39818,12032,,
39819,12032,,
39820,12032,,
39821,12032,,
39822,12032,,
39823,12032,,
39824,12032,,
39825,12032,,
39826,12032,,
39827,12032,,
39828,12032,,
39829,12032,,
39830,12032,,
39831,12032,,
39832,12032,,
39833,12032,,
39834,12032,,
39835,12032,,
39836,12032,,
39837,12032,,
39838,12032,,
39839,12032,,
39840,12032,,
39841,12032,,
39842,12032,,
39843,12032,,
39844,12032,,
39845,12032,,
39846,12032,,
39847,12032,,
39848,12032,,
39849,12032,,
39850,12032,,
39851,12032,,
39852,12032,,
39853,12032,,
39854,12032,,
39855,12032,,
39856,12032,,
39857,12032,,
39858,12032,,
39859,12032,,
39860,12032,,
39861,12032,,
39862,12032,,
39863,12032,,
39864,12032,,
39865,12032,,
39866,12032,,
39867,12032,,
39868,12032,,
39869,12032,,
39870,12032,,
39871,12032,,
39872,12032,,
39873,12032,,
39874,12032,,
39875,12032,,
39876,12032,,
39877,12032,,
39878,12032,,
39879,12032,,
39880,12032,,
39881,12032,,
39882,12032,,
39883,12032,,
39884,12032,,
39885,12032,,
39886,12032,,
39887,12032,,
39888,12032,,
39889,12032,,
39890,12032,,
39891,12032,,
39892,12032,,
39893,12032,,
39894,12032,,
39895,12032,,
39896,12032,,
39897,12032,,
39898,12032,,
39899,12032,,
39900,12032,,
39901,12032,,
39902,12032,,
39903,12032,,
39904,12032,,
39905,12032,,
39906,12032,,
39907,12032,,
39908,12032,,
39909,12032,,
39910,12032,,
39911,12032,,
39912,12032,,
39913,12032,,
39914,12032,,
39915,12032,,
39916,12032,,
39917,12032,,
39918,12032,,
39919,12032,,
39920,12032,,
39921,12032,,
39922,12032,,
39923,12032,,
39924,12032,,
39925,12032,,
39926,12032,,
39927,12032,,
39928,12032,,
39929,12032,,
39930,12032,,
39931,12032,,
39932,12032,,
39933,12032,,
39934,12032,,
39935,12032,,
39936,12032,,
39937,12032,,
39938,12032,,
39939,12032,,
39940,12032,,
39941,12032,,
39942,12032,,
39943,12032,,
39944,12032,,
39945,12032,,
39946,12032,,
39947,12032,,
39948,12032,,
39949,12032,,
39950,12032,,
39951,12032,,
39952,12032,,
39953,12032,,
39954,12032,,
39955,12032,,
39956,12032,,
39957,12032,,
39958,12032,,
39959,12032,,
39960,12032,,
39961,12032,,
39962,12032,,
39963,12032,,
39964,12032,,
39965,12032,,
39966,12032,,
39967,12032,,
39968,12032,,
39969,12032,,
39970,12032,,
39971,12032,,
39972,12032,,
39973,12032,,
39974,12032,,
39975,12032,,
39976,12032,,
39977,12032,,
39978,12032,,
39979,12032,,
39980,12032,,
39981,12032,,
39982,12032,,
39983,12032,,
39984,12032,,
39985,12032,,
39986,12032,,
39987,12032,,
39988,12032,,
39989,12032,,
39990,12032,,
39991,12032,,
39992,12032,,
39993,12032,,
39994,12032,,
39995,12032,,
39996,12032,,
39997,12032,,
39998,12032,,
39999,12032,,
40000,12032,,
40001,12032,,
40002,12032,,
40003,12032,,
40004,12032,,
40005,12032,,
40006,12032,,
40007,12032,,
40008,12032,,
40009,12032,,
40010,12032,,
40011,12032,,
40012,12032,,
40013,12032,,
40014,12032,,
40015,12032,,
40016,12032,,
40017,12032,,
40018,12032,,
40019,12032,,
40020,12032,,
40021,12032,,
40022,12032,,
40023,12032,,
40024,12032,,
40025,12032,,
40026,12032,,
40027,12032,,
40028,12032,,
40029,12032,,
40030,12032,,
40031,12032,,
40032,12032,,
40033,12032,,
40034,12032,,
40035,12032,,
40036,12032,,
40037,12032,,
40038,12032,,
40039,12032,,
40040,12032,,
40041,12032,,
40042,12032,,
40043,12032,,
40044,12032,,
40045,12032,,
40046,12032,,
40047,12032,,
40048,12032,,
40049,12032,,
40050,12032,,
40051,12032,,
40052,12032,,
40053,12032,,
40054,12032,,
40055,12032,,
40056,12032,,
40057,12032,,
40058,12032,,
40059,12032,,
40060,12032,,
40061,12032,,
40062,12032,,
40063,12032,,
40064,12032,,
40065,12032,,
40066,12032,,
40067,12032,,
40068,12032,,
40069,12032,,
40070,12032,,
40071,12032,,
40072,12032,,
40073,12032,,
40074,12032,,
40075,12032,,
40076,12032,,
40077,12032,,
40078,12032,,
40079,12032,,
40080,12032,,
40081,12032,,
40082,12032,,
40083,12032,,
40084,12032,,
40085,12032,,
40086,12032,,
40087,12032,,
40088,12032,,
40089,12032,,
40090,12032,,
40091,12032,,
40092,12032,,
40093,12032,,
40094,12032,,
40095,12032,,
40096,12032,,
40097,12032,,
40098,12032,,
40099,12032,,
40100,12032,,
40101,12032,,
40102,12032,,
40103,12032,,
40104,12032,,
40105,12032,,
40106,12032,,
40107,12032,,
40108,12032,,
40109,12032,,
40110,12032,,
40111,12032,,
40112,12032,,
40113,12032,,
40114,12032,,
40115,12032,,
40116,12032,,
40117,12032,,
40118,12032,,
40119,12032,,
40120,12032,,
40121,12032,,
40122,12032,,
40123,12032,,
40124,12032,,
40125,12032,,
40126,12032,,
40127,12032,,
40128,12032,,
40129,12032,,
40130,12032,,
40131,12032,,
40132,12032,,
40133,12032,,
40134,12032,,
40135,12032,,
40136,12032,,
40137,12032,,
40138,12032,,
40139,12032,,
40140,12032,,
40141,12032,,
40142,12032,,
40143,12032,,
40144,12032,,
40145,12032,,
40146,12032,,
40147,12032,,
40148,12032,,
40149,12032,,
40150,12032,,
40151,12032,,
40152,12032,,
40153,12032,,
40154,12032,,
40155,12032,,
40156,12032,,
40157,12032,,
40158,12032,,
40159,12032,,
40160,12032,,
40161,12032,,
40162,12032,,
40163,12032,,
40164,12032,,
40165,12032,,
40166,12032,,
40167,12032,,
40168,12032,,
40169,12032,,
40170,12032,,
40171,12032,,
40172,12032,,
40173,12032,,
40174,12032,,
40175,12032,,
40176,12032,,
40177,12032,,
40178,12032,,
40179,12032,,
40180,12032,,
40181,12032,,
40182,12032,,
40183,12032,,
40184,12032,,
40185,12032,,
40186,12032,,
40187,12032,,
40188,12032,,
40189,12032,,
40190,12032,,
40191,12032,,
40192,12032,,
40193,12032,,
40194,12032,,
40195,12032,,
40196,12032,,
40197,12032,,
40198,12032,,
40199,12032,,
40200,12032,,
40201,12032,,
40202,12032,,
40203,12032,,
40204,12032,,
40205,12032,,
40206,12032,,
40207,12032,,
40208,12032,,
40209,12032,,
40210,12032,,
40211,12032,,
40212,12032,,
40213,12032,,
40214,12032,,
40215,12032,,
40216,12032,,
40217,12032,,
40218,12032,,
40219,12032,,
40220,12032,,
40221,12032,,
40222,12032,,
40223,12032,,
40224,12032,,
40225,12032,,
40226,12032,,
40227,12032,,
40228,12032,,
40229,12032,,
40230,12032,,
40231,12032,,
40232,12032,,
40233,12032,,
40234,12032,,
40235,12032,,
40236,12032,,
40237,12032,,
40238,12032,,
40239,12032,,
40240,12032,,
40241,12032,,
40242,12032,,
40243,12032,,
40244,12032,,
40245,12032,,
40246,12032,,
40247,12032,,
40248,12032,,
40249,12032,,
40250,12032,,
40251,12032,,
40252,12032,,
40253,12032,,
40254,12032,,
40255,12032,,
40256,12032,,
40257,12032,,
40258,12032,,
40259,12032,,
40260,12032,,
40261,12032,,
40262,12032,,
40263,12032,,
40264,12032,,
40265,12032,,
40266,12032,,
40267,12032,,
40268,12032,,
40269,12032,,
40270,12032,,
40271,12032,,
40272,12032,,
40273,12032,,
40274,12032,,
40275,12032,,
40276,12032,,
40277,12032,,
40278,12032,,
40279,12032,,
40280,12032,,
40281,12032,,
40282,12032,,
40283,12032,,
40284,12032,,
40285,12032,,
40286,12032,,
40287,12032,,
40288,12032,,
40289,12032,,
40290,12032,,
40291,12032,,
40292,12032,,
40293,12032,,
40294,12032,,
40295,12032,,
40296,12032,,
40297,12032,,
40298,12032,,
40299,12032,,
40300,12032,,
40301,12032,,
40302,12032,,
40303,12032,,
40304,12032,,
40305,12032,,
40306,12032,,
40307,12032,,
40308,12032,,
40309,12032,,
40310,12032,,
40311,12032,,
40312,12032,,
40313,12032,,
40314,12032,,
40315,12032,,
40316,12032,,
40317,12032,,
40318,12032,,
40319,12032,,
40320,12032,,
40321,12032,,
40322,12032,,
40323,12032,,
40324,12032,,
40325,12032,,
40326,12032,,
40327,12032,,
40328,12032,,
40329,12032,,
40330,12032,,
40331,12032,,
40332,12032,,
40333,12032,,
40334,12032,,
40335,12032,,
40336,12032,,
40337,12032,,
40338,12032,,
40339,12032,,
40340,12032,,
40341,12032,,
40342,12032,,
40343,12032,,
40344,12032,,
40345,12032,,
40346,12032,,
40347,12032,,
40348,12032,,
40349,12032,,
40350,12032,,
40351,12032,,
40352,12032,,
40353,12032,,
40354,12032,,
40355,12032,,
40356,12032,,
40357,12032,,
40358,12032,,
40359,12032,,
40360,12032,,
40361,12032,,
40362,12032,,
40363,12032,,
40364,12032,,
40365,12032,,
40366,12032,,
40367,12032,,
40368,12032,,
40369,12032,,
40370,12032,,
40371,12032,,
40372,12032,,
40373,12032,,
40374,12032,,
40375,12032,,
40376,12032,,
40377,12032,,
40378,12032,,
40379,12032,,
40380,12032,,
40381,12032,,
40382,12032,,
40383,12032,,
40384,12032,,
40385,12032,,
40386,12032,,
40387,12032,,
40388,12032,,
40389,12032,,
40390,12032,,
40391,12032,,
40392,12032,,
40393,12032,,
40394,12032,,
40395,12032,,
40396,12032,,
40397,12032,,
40398,12032,,
40399,12032,,
40400,12032,,
40401,12032,,
40402,12032,,
40403,12032,,
40404,12032,,
40405,12032,,
40406,12032,,
40407,12032,,
40408,12032,,
40409,12032,,
40410,12032,,
40411,12032,,
40412,12032,,
40413,12032,,
40414,12032,,
40415,12032,,
40416,12032,,
40417,12032,,
40418,12032,,
40419,12032,,
40420,12032,,
40421,12032,,
40422,12032,,
40423,12032,,
40424,12032,,
40425,12032,,
40426,12032,,
40427,12032,,
40428,12032,,
40429,12032,,
40430,12032,,
40431,12032,,
40432,12032,,
40433,12032,,
40434,12032,,
40435,12032,,
40436,12032,,
40437,12032,,
40438,12032,,
40439,12032,,
40440,12032,,
40441,12032,,
40442,12032,,
40443,12032,,
40444,12032,,
40445,12032,,
40446,12032,,
40447,12032,,
40448,12032,,
40449,12032,,
40450,12032,,
40451,12032,,
40452,12032,,
40453,12032,,
40454,12032,,
40455,12032,,
40456,12032,,
40457,12032,,
40458,12032,,
40459,12032,,
40460,12032,,
40461,12032,,
40462,12032,,
40463,12032,,
40464,12032,,
40465,12032,,
40466,12032,,
40467,12032,,
40468,12032,,
40469,12032,,
40470,12032,,
40471,12032,,
40472,12032,,
40473,12032,,
40474,12032,,
40475,12032,,
40476,12032,,
40477,12032,,
40478,12032,,
40479,12032,,
40480,12032,,
40481,12032,,
40482,12032,,
40483,12032,,
40484,12032,,
40485,12032,,
40486,12032,,
40487,12032,,
40488,12032,,
40489,12032,,
40490,12032,,
40491,12032,,
40492,12032,,
40493,12032,,
40494,12032,,
40495,12032,,
40496,12032,,
40497,12032,,
40498,12032,,
40499,12032,,
40500,12032,,
40501,12032,,
40502,12032,,
40503,12032,,
40504,12032,,
40505,12032,,
40506,12032,,
40507,12032,,
40508,12032,,
40509,12032,,
40510,12032,,
40511,12032,,
40512,12032,,
40513,12032,,
40514,12032,,
40515,12032,,
40516,12032,,
40517,12032,,
40518,12032,,
40519,12032,,
40520,12032,,
40521,12032,,
40522,12032,,
40523,12032,,
40524,12032,,
40525,12032,,
40526,12032,,
40527,12032,,
40528,12032,,
40529,12032,,
40530,12032,,
40531,12032,,
40532,12032,,
40533,12032,,
40534,12032,,
40535,12032,,
40536,12032,,
40537,12032,,
40538,12032,,
40539,12032,,
40540,12032,,
40541,12032,,
40542,12032,,
40543,12032,,
40544,12032,,
40545,12032,,
40546,12032,,
40547,12032,,
40548,12032,,
40549,12032,,
40550,12032,,
40551,12032,,
40552,12032,,
40553,12032,,
40554,12032,,
40555,12032,,
40556,12032,,
40557,12032,,
40558,12032,,
40559,12032,,
40560,12032,,
40561,12032,,
40562,12032,,
40563,12032,,
40564,12032,,
40565,12032,,
40566,12032,,
40567,12032,,
40568,12032,,
40569,12032,,
40570,12032,,
40571,12032,,
40572,12032,,
40573,12032,,
40574,12032,,
40575,12032,,
40576,12032,,
40577,12032,,
40578,12032,,
40579,12032,,
40580,12032,,
40581,12032,,
40582,12032,,
40583,12032,,
40584,12032,,
40585,12032,,
40586,12032,,
40587,12032,,
40588,12032,,
40589,12032,,
40590,12032,,
40591,12032,,
40592,12032,,
40593,12032,,
40594,12032,,
40595,12032,,
40596,12032,,
40597,12032,,
40598,12032,,
40599,12032,,
40600,12032,,
40601,12032,,
40602,12032,,
40603,12032,,
40604,12032,,
40605,12032,,
40606,12032,,
40607,12032,,
40608,12032,,
40609,12032,,
40610,12032,,
40611,12032,,
40612,12032,,
40613,12032,,
40614,12032,,
40615,12032,,
40616,12032,,
40617,12032,,
40618,12032,,
40619,12032,,
40620,12032,,
40621,12032,,
40622,12032,,
40623,12032,,
40624,12032,,
40625,12032,,
40626,12032,,
40627,12032,,
40628,12032,,
40629,12032,,
40630,12032,,
40631,12032,,
40632,12032,,
40633,12032,,
40634,12032,,
40635,12032,,
40636,12032,,
40637,12032,,
40638,12032,,
40639,12032,,
40640,12032,,
40641,12032,,
40642,12032,,
40643,12032,,
40644,12032,,
40645,12032,,
40646,12032,,
40647,12032,,
40648,12032,,
40649,12032,,
40650,12032,,
40651,12032,,
40652,12032,,
40653,12032,,
40654,12032,,
40655,12032,,
40656,12032,,
40657,12032,,
40658,12032,,
40659,12032,,
40660,12032,,
40661,12032,,
40662,12032,,
40663,12032,,
40664,12032,,
40665,12032,,
40666,12032,,
40667,12032,,
40668,12032,,
40669,12032,,
40670,12032,,
40671,12032,,
40672,12032,,
40673,12032,,
40674,12032,,
40675,12032,,
40676,12032,,
40677,12032,,
40678,12032,,
40679,12032,,
40680,12032,,
40681,12032,,
40682,12032,,
40683,12032,,
40684,12032,,
40685,12032,,
40686,12032,,
40687,12032,,
40688,12032,,
40689,12032,,
40690,12032,,
40691,12032,,
40692,12032,,
40693,12032,,
40694,12032,,
40695,12032,,
40696,12032,,
40697,12032,,
40698,12032,,
40699,12032,,
40700,12032,,
40701,12032,,
40702,12032,,
40703,12032,,
40704,12032,,
40705,12032,,
40706,12032,,
40707,12032,,
40708,12032,,
40709,12032,,
40710,12032,,
40711,12032,,
40712,12032,,
40713,12032,,
40714,12032,,
40715,12032,,
40716,12032,,
40717,12032,,
40718,12032,,
40719,12032,,
40720,12032,,
40721,12032,,
40722,12032,,
40723,12032,,
40724,12032,,
40725,12032,,
40726,12032,,
40727,12032,,
40728,12032,,
40729,12032,,
40730,12032,,
40731,12032,,
40732,12032,,
40733,12032,,
40734,12032,,
40735,12032,,
40736,12032,,
40737,12032,,
40738,12032,,
40739,12032,,
40740,12032,,
40741,12032,,
40742,12032,,
40743,12032,,
40744,12032,,
40745,12032,,
40746,12032,,
40747,12032,,
40748,12032,,
40749,12032,,
40750,12032,,
40751,12032,,
40752,12032,,
40753,12032,,
40754,12032,,
40755,12032,,
40756,12032,,
40757,12032,,
40758,12032,,
40759,12032,,
40760,12032,,
40761,12032,,
40762,12032,,
40763,12032,,
40764,12032,,
40765,12032,,
40766,12032,,
40767,12032,,
40768,12032,,
40769,12032,,
40770,12032,,
40771,12032,,
40772,12032,,
40773,12032,,
40774,12032,,
40775,12032,,
40776,12032,,
40777,12032,,
40778,12032,,
40779,12032,,
40780,12032,,
40781,12032,,
40782,12032,,
40783,12032,,
40784,12032,,
40785,12032,,
40786,12032,,
40787,12032,,
40788,12032,,
40789,12032,,
40790,12032,,
40791,12032,,
40792,12032,,
40793,12032,,
40794,12032,,
40795,12032,,
40796,12032,,
40797,12032,,
40798,12032,,
40799,12032,,
40800,12032,,
40801,12032,,
40802,12032,,
40803,12032,,
40804,12032,,
40805,12032,,
40806,12032,,
40807,12032,,
40808,12032,,
40809,12032,,
40810,12032,,
40811,12032,,
40812,12032,,
40813,12032,,
40814,12032,,
40815,12032,,
40816,12032,,
40817,12032,,
40818,12032,,
40819,12032,,
40820,12032,,
40821,12032,,
40822,12032,,
40823,12032,,
40824,12032,,
40825,12032,,
40826,12032,,
40827,12032,,
40828,12032,,
40829,12032,,
40830,12032,,
40831,12032,,
40832,12032,,
40833,12032,,
40834,12032,,
40835,12032,,
40836,12032,,
40837,12032,,
40838,12032,,
40839,12032,,
40840,12032,,
40841,12032,,
40842,12032,,
40843,12032,,
40844,12032,,
40845,12032,,
40846,12032,,
40847,12032,,
40848,12032,,
40849,12032,,
40850,12032,,
40851,12032,,
40852,12032,,
40853,12032,,
40854,12032,,
40855,12032,,
40856,12032,,
40857,12032,,
40858,12032,,
40859,12032,,
40860,12032,,
40861,12032,,
40862,12032,,
40863,12032,,
40864,12032,,
40865,12032,,
40866,12032,,
40867,12032,,
40868,12032,,
40869,12032,,
40870,12032,,
40871,12032,,
40872,12032,,
40873,12032,,
40874,12032,,
40875,12032,,
40876,12032,,
40877,12032,,
40878,12032,,
40879,12032,,
40880,12032,,
40881,12032,,
40882,12032,,
40883,12032,,
40884,12032,,
40885,12032,,
40886,12032,,
40887,12032,,
40888,12032,,
40889,12032,,
40890,12032,,
40891,12032,,
40892,12032,,
40893,12032,,
40894,12032,,
40895,12032,,
40896,12032,,
40897,12032,,
40898,12032,,
40899,12032,,
40900,12032,,
40901,12032,,
40902,12032,,
40903,12032,,
40904,12032,,
40905,12032,,
40906,12032,,
40907,12032,,
40908,12032,,
40909,12032,,
40910,12032,,
40911,12032,,
40912,12032,,
40913,12032,,
40914,12032,,
40915,12032,,
40916,12032,,
40917,12032,,
40918,12032,,
40919,12032,,
40920,12032,,
40921,12032,,
40922,12032,,
40923,12032,,
40924,12032,,
40925,12032,,
40926,12032,,
40927,12032,,
40928,12032,,
40929,12032,,
40930,12032,,
40931,12032,,
40932,12032,,
40933,12032,,
40934,12032,,
40935,12032,,
40936,12032,,
40937,12032,,
40938,12032,,
40939,12032,,
40940,12032,,
40941,12032,,
40942,12032,,
40943,12032,,
40944,12032,,
40945,12032,,
40946,12032,,
40947,12032,,
40948,12032,,
40949,12032,,
40950,12032,,
40951,12032,,
40952,12032,,
40953,12032,,
40954,12032,,
40955,12032,,
40956,12032,,
40957,12032,,
40958,12032,,
40959,12032,,
40960,12032,,
40961,12032,,
40962,12032,,
40963,12032,,
40964,12032,,
40965,12032,,
40966,12032,,
40967,12032,,
40968,12032,,
40969,12032,,
40970,12032,,
40971,12032,,
40972,12032,,
40973,12032,,
40974,12032,,
40975,12032,,
40976,12032,,
40977,12032,,
40978,12032,,
40979,12032,,
40980,12032,,
40981,12032,,
40982,12032,,
40983,12032,,
40984,12032,,
40985,12032,,
40986,12032,,
40987,12032,,
40988,12032,,
40989,12032,,
40990,12032,,
40991,12032,,
40992,12032,,
40993,12032,,
40994,12032,,
40995,12032,,
40996,12032,,
40997,12032,,
40998,12032,,
40999,12032,,
41000,12032,,
41001,12032,,
41002,12032,,
41003,12032,,
41004,12032,,
41005,12032,,
41006,12032,,
41007,12032,,
41008,12032,,
41009,12032,,
41010,12032,,
41011,12032,,
41012,12032,,
41013,12032,,
41014,12032,,
41015,12032,,
41016,12032,,
41017,12032,,
41018,12032,,
41019,12032,,
41020,12032,,
41021,12032,,
41022,12032,,
41023,12032,,
41024,12032,,
41025,12032,,
41026,12032,,
41027,12032,,
41028,12032,,
41029,12032,,
41030,12032,,
41031,12032,,
41032,12032,,
41033,12032,,
41034,12032,,
41035,12032,,
41036,12032,,
41037,12032,,
41038,12032,,
41039,12032,,
41040,12032,,
41041,12032,,
41042,12032,,
41043,12032,,
41044,12032,,
41045,12032,,
41046,12032,,
41047,12032,,
41048,12032,,
41049,12032,,
41050,12032,,
41051,12032,,
41052,12032,,
41053,12032,,
41054,12032,,
41055,12032,,
41056,12032,,
41057,12032,,
41058,12032,,
41059,12032,,
41060,12032,,
41061,12032,,
41062,12032,,
41063,12032,,
41064,12032,,
41065,12032,,
41066,12032,,
41067,12032,,
41068,12032,,
41069,12032,,
41070,12032,,
41071,12032,,
41072,12032,,
41073,12032,,
41074,12032,,
41075,12032,,
41076,12032,,
41077,12032,,
41078,12032,,
41079,12032,,
41080,12032,,
41081,12032,,
41082,12032,,
41083,12032,,
41084,12032,,
41085,12032,,
41086,12032,,
41087,12032,,
41088,12032,,
41089,12032,,
41090,12032,,
41091,12032,,
41092,12032,,
41093,12032,,
41094,12032,,
41095,12032,,
41096,12032,,
41097,12032,,
41098,12032,,
41099,12032,,
41100,12032,,
41101,12032,,
41102,12032,,
41103,12032,,
41104,12032,,
41105,12032,,
41106,12032,,
41107,12032,,
41108,12032,,
41109,12032,,
41110,12032,,
41111,12032,,
41112,12032,,
41113,12032,,
41114,12032,,
41115,12032,,
41116,12032,,
41117,12032,,
41118,12032,,
41119,12032,,
41120,12032,,
41121,12032,,
41122,12032,,
41123,12032,,
41124,12032,,
41125,12032,,
41126,12032,,
41127,12032,,
41128,12032,,
41129,12032,,
41130,12032,,
41131,12032,,
41132,12032,,
41133,12032,,
41134,12032,,
41135,12032,,
41136,12032,,
41137,12032,,
41138,12032,,
41139,12032,,
41140,12032,,
41141,12032,,
41142,12032,,
41143,12032,,
41144,12032,,
41145,12032,,
41146,12032,,
41147,12032,,
41148,12032,,
41149,12032,,
41150,12032,,
41151,12032,,
41152,12032,,
41153,12032,,
41154,12032,,
41155,12032,,
41156,12032,,
41157,12032,,
41158,12032,,
41159,12032,,
41160,12032,,
41161,12032,,
41162,12032,,
41163,12032,,
41164,12032,,
41165,12032,,
41166,12032,,
41167,12032,,
41168,12032,,
41169,12032,,
41170,12032,,
41171,12032,,
41172,12032,,
41173,12032,,
41174,12032,,
41175,12032,,
41176,12032,,
41177,12032,,
41178,12032,,
41179,12032,,
41180,12032,,
41181,12032,,
41182,12032,,
41183,12032,,
41184,12032,,
41185,12032,,
41186,12032,,
41187,12032,,
41188,12032,,
41189,12032,,
41190,12032,,
41191,12032,,
41192,12032,,
41193,12032,,
41194,12032,,
41195,12032,,
41196,12032,,
41197,12032,,
41198,12032,,
41199,12032,,
41200,12032,,
41201,12032,,
41202,12032,,
41203,12032,,
41204,12032,,
41205,12032,,
41206,12032,,
41207,12032,,
41208,12032,,
41209,12032,,
41210,12032,,
41211,12032,,
41212,12032,,
41213,12032,,
41214,12032,,
41215,12032,,
41216,12032,,
41217,12032,,
41218,12032,,
41219,12032,,
41220,12032,,
41221,12032,,
41222,12032,,
41223,12032,,
41224,12032,,
41225,12032,,
41226,12032,,
41227,12032,,
41228,12032,,
41229,12032,,
41230,12032,,
41231,12032,,
41232,12032,,
41233,12032,,
41234,12032,,
41235,12032,,
41236,12032,,
41237,12032,,
41238,12032,,
41239,12032,,
41240,12032,,
41241,12032,,
41242,12032,,
41243,12032,,
41244,12032,,
41245,12032,,
41246,12032,,
41247,12032,,
41248,12032,,
41249,12032,,
41250,12032,,
41251,12032,,
41252,12032,,
41253,12032,,
41254,12032,,
41255,12032,,
41256,12032,,
41257,12032,,
41258,12032,,
41259,12032,,
41260,12032,,
41261,12032,,
41262,12032,,
41263,12032,,
41264,12032,,
41265,12032,,
41266,12032,,
41267,12032,,
41268,12032,,
41269,12032,,
41270,12032,,
41271,12032,,
41272,12032,,
41273,12032,,
41274,12032,,
41275,12032,,
41276,12032,,
41277,12032,,
41278,12032,,
41279,12032,,
41280,12032,,
41281,12032,,
41282,12032,,
41283,12032,,
41284,12032,,
41285,12032,,
41286,12032,,
41287,12032,,
41288,12032,,
41289,12032,,
41290,12032,,
41291,12032,,
41292,12032,,
41293,12032,,
41294,12032,,
41295,12032,,
41296,12032,,
41297,12032,,
41298,12032,,
41299,12032,,
41300,12032,,
41301,12032,,
41302,12032,,
41303,12032,,
41304,12032,,
41305,12032,,
41306,12032,,
41307,12032,,
41308,12032,,
41309,12032,,
41310,12032,,
41311,12032,,
41312,12032,,
41313,12032,,
41314,12032,,
41315,12032,,
41316,12032,,
41317,12032,,
41318,12032,,
41319,12032,,
41320,12032,,
41321,12032,,
41322,12032,,
41323,12032,,
41324,12032,,
41325,12032,,
41326,12032,,
41327,12032,,
41328,12032,,
41329,12032,,
41330,12032,,
41331,12032,,
41332,12032,,
41333,12032,,
41334,12032,,
41335,12032,,
41336,12032,,
41337,12032,,
41338,12032,,
41339,12032,,
41340,12032,,
41341,12032,,
41342,12032,,
41343,12032,,
41344,12032,,
41345,12032,,
41346,12032,,
41347,12032,,
41348,12032,,
41349,12032,,
41350,12032,,
41351,12032,,
41352,12032,,
41353,12032,,
41354,12032,,
41355,12032,,
41356,12032,,
41357,12032,,
41358,12032,,
41359,12032,,
41360,12032,,
41361,12032,,
41362,12032,,
41363,12032,,
41364,12032,,
41365,12032,,
41366,12032,,
41367,12032,,
41368,12032,,
41369,12032,,
41370,12032,,
41371,12032,,
41372,12032,,
41373,12032,,
41374,12032,,
41375,12032,,
41376,12032,,
41377,12032,,
41378,12032,,
41379,12032,,
41380,12032,,
41381,12032,,
41382,12032,,
41383,12032,,
41384,12032,,
41385,12032,,
41386,12032,,
41387,12032,,
41388,12032,,
41389,12032,,
41390,12032,,
41391,12032,,
41392,12032,,
41393,12032,,
41394,12032,,
41395,12032,,
41396,12032,,
41397,12032,,
41398,12032,,
41399,12032,,
41400,12032,,
41401,12032,,
41402,12032,,
41403,12032,,
41404,12032,,
41405,12032,,
41406,12032,,
41407,12032,,
41408,12032,,
41409,12032,,
41410,12032,,
41411,12032,,
41412,12032,,
41413,12032,,
41414,12032,,
41415,12032,,
41416,12032,,
41417,12032,,
41418,12032,,
41419,12032,,
41420,12032,,
41421,12032,,
41422,12032,,
41423,12032,,
41424,12032,,
41425,12032,,
41426,12032,,
41427,12032,,
41428,12032,,
41429,12032,,
41430,12032,,
41431,12032,,
41432,12032,,
41433,12032,,
41434,12032,,
41435,12032,,
41436,12032,,
41437,12032,,
41438,12032,,
41439,12032,,
41440,12032,,
41441,12032,,
41442,12032,,
41443,12032,,
41444,12032,,
41445,12032,,
41446,12032,,
41447,12032,,
41448,12032,,
41449,12032,,
41450,12032,,
41451,12032,,
41452,12032,,
41453,12032,,
41454,12032,,
41455,12032,,
41456,12032,,
41457,12032,,
41458,12032,,
41459,12032,,
41460,12032,,
41461,12032,,
41462,12032,,
41463,12032,,
41464,12032,,
41465,12032,,
41466,12032,,
41467,12032,,
41468,12032,,
41469,12032,,
41470,12032,,
41471,12032,,
41472,12032,,
41473,12032,,
41474,12032,,
41475,12032,,
41476,12032,,
41477,12032,,
41478,12032,,
41479,12032,,
41480,12032,,
41481,12032,,
41482,12032,,
41483,12032,,
41484,12032,,
41485,12032,,
41486,12032,,
41487,12032,,
41488,12032,,
41489,12032,,
41490,12032,,
41491,12032,,
41492,12032,,
41493,12032,,
41494,12032,,
41495,12032,,
41496,12032,,
41497,12032,,
41498,12032,,
41499,12032,,
41500,12032,,
41501,12032,,
41502,12032,,
41503,12032,,
41504,12032,,
41505,12032,,
41506,12032,,
41507,12032,,
41508,12032,,
41509,12032,,
41510,12032,,
41511,12032,,
41512,12032,,
41513,12032,,
41514,12032,,
41515,12032,,
41516,12032,,
41517,12032,,
41518,12032,,
41519,12032,,
41520,12032,,
41521,12032,,
41522,12032,,
41523,12032,,
41524,12032,,
41525,12032,,
41526,12032,,
41527,12032,,
41528,12032,,
41529,12032,,
41530,12032,,
41531,12032,,
41532,12032,,
41533,12032,,
41534,12032,,
41535,12032,,
41536,12032,,
41537,12032,,
41538,12032,,
41539,12032,,
41540,12032,,
41541,12032,,
41542,12032,,
41543,12032,,
41544,12032,,
41545,12032,,
41546,12032,,
41547,12032,,
41548,12032,,
41549,12032,,
41550,12032,,
41551,12032,,
41552,12032,,
41553,12032,,
41554,12032,,
41555,12032,,
41556,12032,,
41557,12032,,
41558,12032,,
41559,12032,,
41560,12032,,
41561,12032,,
41562,12032,,
41563,12032,,
41564,12032,,
41565,12032,,
41566,12032,,
41567,12032,,
41568,12032,,
41569,12032,,
41570,12032,,
41571,12032,,
41572,12032,,
41573,12032,,
41574,12032,,
41575,12032,,
41576,12032,,
41577,12032,,
41578,12032,,
41579,12032,,
41580,12032,,
41581,12032,,
41582,12032,,
41583,12032,,
41584,12032,,
41585,12032,,
41586,12032,,
41587,12032,,
41588,12032,,
41589,12032,,
41590,12032,,
41591,12032,,
41592,12032,,
41593,12032,,
41594,12032,,
41595,12032,,
41596,12032,,
41597,12032,,
41598,12032,,
41599,12032,,
41600,12032,,
41601,12032,,
41602,12032,,
41603,12032,,
41604,12032,,
41605,12032,,
41606,12032,,
41607,12032,,
41608,12032,,
41609,12032,,
41610,12032,,
41611,12032,,
41612,12032,,
41613,12032,,
41614,12032,,
41615,12032,,
41616,12032,,
41617,12032,,
41618,12032,,
41619,12032,,
41620,12032,,
41621,12032,,
41622,12032,,
41623,12032,,
41624,12032,,
41625,12032,,
41626,12032,,
41627,12032,,
41628,12032,,
41629,12032,,
41630,12032,,
41631,12032,,
41632,12032,,
41633,12032,,
41634,12032,,
41635,12032,,
41636,12032,,
41637,12032,,
41638,12032,,
41639,12032,,
41640,12032,,
41641,12032,,
41642,12032,,
41643,12032,,
41644,12032,,
41645,12032,,
41646,12032,,
41647,12032,,
41648,12032,,
41649,12032,,
41650,12032,,
41651,12032,,
41652,12032,,
41653,12032,,
41654,12032,,
41655,12032,,
41656,12032,,
41657,12032,,
41658,12032,,
41659,12032,,
41660,12032,,
41661,12032,,
41662,12032,,
41663,12032,,
41664,12032,,
41665,12032,,
41666,12032,,
41667,12032,,
41668,12032,,
41669,12032,,
41670,12032,,
41671,12032,,
41672,12032,,
41673,12032,,
41674,12032,,
41675,12032,,
41676,12032,,
41677,12032,,
41678,12032,,
41679,12032,,
41680,12032,,
41681,12032,,
41682,12032,,
41683,12032,,
41684,12032,,
41685,12032,,
41686,12032,,
41687,12032,,
41688,12032,,
41689,12032,,
41690,12032,,
41691,12032,,
41692,12032,,
41693,12032,,
41694,12032,,
41695,12032,,
41696,12032,,
41697,12032,,
41698,12032,,
41699,12032,,
41700,12032,,
41701,12032,,
41702,12032,,
41703,12032,,
41704,12032,,
41705,12032,,
41706,12032,,
41707,12032,,
41708,12032,,
41709,12032,,
41710,12032,,
41711,12032,,
41712,12032,,
41713,12032,,
41714,12032,,
41715,12032,,
41716,12032,,
41717,12032,,
41718,12032,,
41719,12032,,
41720,12032,,
41721,12032,,
41722,12032,,
41723,12032,,
41724,12032,,
41725,12032,,
41726,12032,,
41727,12032,,
41728,12032,,
41729,12032,,
41730,12032,,
41731,12032,,
41732,12032,,
41733,12032,,
41734,12032,,
41735,12032,,
41736,12032,,
41737,12032,,
41738,12032,,
41739,12032,,
41740,12032,,
41741,12032,,
41742,12032,,
41743,12032,,
41744,12032,,
41745,12032,,
41746,12032,,
41747,12032,,
41748,12032,,
41749,12032,,
41750,12032,,
41751,12032,,
41752,12032,,
41753,12032,,
41754,12032,,
41755,12032,,
41756,12032,,
41757,12032,,
41758,12032,,
41759,12032,,
41760,12032,,
41761,12032,,
41762,12032,,
41763,12032,,
41764,12032,,
41765,12032,,
41766,12032,,
41767,12032,,
41768,12032,,
41769,12032,,
41770,12032,,
41771,12032,,
41772,12032,,
41773,12032,,
41774,12032,,
41775,12032,,
41776,12032,,
41777,12032,,
41778,12032,,
41779,12032,,
41780,12032,,
41781,12032,,
41782,12032,,
41783,12032,,
41784,12032,,
41785,12032,,
41786,12032,,
41787,12032,,
41788,12032,,
41789,12032,,
41790,12032,,
41791,12032,,
41792,12032,,
41793,12032,,
41794,12032,,
41795,12032,,
41796,12032,,
41797,12032,,
41798,12032,,
41799,12032,,
41800,12032,,
41801,12032,,
41802,12032,,
41803,12032,,
41804,12032,,
41805,12032,,
41806,12032,,
41807,12032,,
41808,12032,,
41809,12032,,
41810,12032,,
41811,12032,,
41812,12032,,
41813,12032,,
41814,12032,,
41815,12032,,
41816,12032,,
41817,12032,,
41818,12032,,
41819,12032,,
41820,12032,,
41821,12032,,
41822,12032,,
41823,12032,,
41824,12032,,
41825,12032,,
41826,12032,,
41827,12032,,
41828,12032,,
41829,12032,,
41830,12032,,
41831,12032,,
41832,12032,,
41833,12032,,
41834,12032,,
41835,12032,,
41836,12032,,
41837,12032,,
41838,12032,,
41839,12032,,
41840,12032,,
41841,12032,,
41842,12032,,
41843,12032,,
41844,12032,,
41845,12032,,
41846,12032,,
41847,12032,,
41848,12032,,
41849,12032,,
41850,12032,,
41851,12032,,
41852,12032,,
41853,12032,,
41854,12032,,
41855,12032,,
41856,12032,,
41857,12032,,
41858,12032,,
41859,12032,,
41860,12032,,
41861,12032,,
41862,12032,,
41863,12032,,
41864,12032,,
41865,12032,,
41866,12032,,
41867,12032,,
41868,12032,,
41869,12032,,
41870,12032,,
41871,12032,,
41872,12032,,
41873,12032,,
41874,12032,,
41875,12032,,
41876,12032,,
41877,12032,,
41878,12032,,
41879,12032,,
41880,12032,,
41881,12032,,
41882,12032,,
41883,12032,,
41884,12032,,
41885,12032,,
41886,12032,,
41887,12032,,
41888,12032,,
41889,12032,,
41890,12032,,
41891,12032,,
41892,12032,,
41893,12032,,
41894,12032,,
41895,12032,,
41896,12032,,
41897,12032,,
41898,12032,,
41899,12032,,
41900,12032,,
41901,12032,,
41902,12032,,
41903,12032,,
41904,12032,,
41905,12032,,
41906,12032,,
41907,12032,,
41908,12032,,
41909,12032,,
41910,12032,,
41911,12032,,
41912,12032,,
41913,12032,,
41914,12032,,
41915,12032,,
41916,12032,,
41917,12032,,
41918,12032,,
41919,12032,,
41920,12032,,
41921,12032,,
41922,12032,,
41923,12032,,
41924,12032,,
41925,12032,,
41926,12032,,
41927,12032,,
41928,12032,,
41929,12032,,
41930,12032,,
41931,12032,,
41932,12032,,
41933,12032,,
41934,12032,,
41935,12032,,
41936,12032,,
41937,12032,,
41938,12032,,
41939,12032,,
41940,12032,,
41941,12032,,
41942,12032,,
41943,12032,,
41944,12032,,
41945,12032,,
41946,12032,,
41947,12032,,
41948,12032,,
41949,12032,,
41950,12032,,
41951,12032,,
41952,12032,,
41953,12032,,
41954,12032,,
41955,12032,,
41956,12032,,
41957,12032,,
41958,12032,,
41959,12032,,
41960,12032,,
41961,12032,,
41962,12032,,
41963,12032,,
41964,12032,,
41965,12032,,
41966,12032,,
41967,12032,,
41968,12032,,
41969,12032,,
41970,12032,,
41971,12032,,
41972,12032,,
41973,12032,,
41974,12032,,
41975,12032,,
41976,12032,,
41977,12032,,
41978,12032,,
41979,12032,,
41980,12032,,
41981,12032,,
41982,12032,,
41983,12032,,
41984,12032,,
41985,12032,,
41986,12032,,
41987,12032,,
41988,12032,,
41989,12032,,
41990,12032,,
41991,12032,,
41992,12032,,
41993,12032,,
41994,12032,,
41995,12032,,
41996,12032,,
41997,12032,,
41998,12032,,
41999,12032,,
42000,12032,,
42001,12032,,
42002,12032,,
42003,12032,,
42004,12032,,
42005,12032,,
42006,12032,,
42007,12032,,
42008,12032,,
42009,12032,,
42010,12032,,
42011,12032,,
42012,12032,,
42013,12032,,
42014,12032,,
42015,12032,,
42016,12032,,
42017,12032,,
42018,12032,,
42019,12032,,
42020,12032,,
42021,12032,,
42022,12032,,
42023,12032,,
42024,12032,,
42025,12032,,
42026,12032,,
42027,12032,,
42028,12032,,
42029,12032,,
42030,12032,,
42031,12032,,
42032,12032,,
42033,12032,,
42034,12032,,
42035,12032,,
42036,12032,,
42037,12032,,
42038,12032,,
42039,12032,,
42040,12032,,
42041,12032,,
42042,12032,,
42043,12032,,
42044,12032,,
42045,12032,,
42046,12032,,
42047,12032,,
42048,12032,,
42049,12032,,
42050,12032,,
42051,12032,,
42052,12032,,
42053,12032,,
42054,12032,,
42055,12032,,
42056,12032,,
42057,12032,,
42058,12032,,
42059,12032,,
42060,12032,,
42061,12032,,
42062,12032,,
42063,12032,,
42064,12032,,
42065,12032,,
42066,12032,,
42067,12032,,
42068,12032,,
42069,12032,,
42070,12032,,
42071,12032,,
42072,12032,,
42073,12032,,
42074,12032,,
42075,12032,,
42076,12032,,
42077,12032,,
42078,12032,,
42079,12032,,
42080,12032,,
42081,12032,,
42082,12032,,
42083,12032,,
42084,12032,,
42085,12032,,
42086,12032,,
42087,12032,,
42088,12032,,
42089,12032,,
42090,12032,,
42091,12032,,
42092,12032,,
42093,12032,,
42094,12032,,
42095,12032,,
42096,12032,,
42097,12032,,
42098,12032,,
42099,12032,,
42100,12032,,
42101,12032,,
42102,12032,,
42103,12032,,
42104,12032,,
42105,12032,,
42106,12032,,
42107,12032,,
42108,12032,,
42109,12032,,
42110,12032,,
42111,12032,,
42112,12032,,
42113,12032,,
42114,12032,,
42115,12032,,
42116,12032,,
42117,12032,,
42118,12032,,
42119,12032,,
42120,12032,,
42121,12032,,
42122,12032,,
42123,12032,,
42124,12032,,
42125,12032,,
42126,12032,,
42127,12032,,
42128,12032,,
42129,12032,,
42130,12032,,
42131,12032,,
42132,12032,,
42133,12032,,
42134,12032,,
42135,12032,,
42136,12032,,
42137,12032,,
42138,12032,,
42139,12032,,
42140,12032,,
42141,12032,,
42142,12032,,
42143,12032,,
42144,12032,,
42145,12032,,
42146,12032,,
42147,12032,,
42148,12032,,
42149,12032,,
42150,12032,,
42151,12032,,
42152,12032,,
42153,12032,,
42154,12032,,
42155,12032,,
42156,12032,,
42157,12032,,
42158,12032,,
42159,12032,,
42160,12032,,
42161,12032,,
42162,12032,,
42163,12032,,
42164,12032,,
42165,12032,,
42166,12032,,
42167,12032,,
42168,12032,,
42169,12032,,
42170,12032,,
42171,12032,,
42172,12032,,
42173,12032,,
42174,12032,,
42175,12032,,
42176,12032,,
42177,12032,,
42178,12032,,
42179,12032,,
42180,12032,,
42181,12032,,
42182,12032,,
42183,12032,,
42184,12032,,
42185,12032,,
42186,12032,,
42187,12032,,
42188,12032,,
42189,12032,,
42190,12032,,
42191,12032,,
42192,12032,,
42193,12032,,
42194,12032,,
42195,12032,,
42196,12032,,
42197,12032,,
42198,12032,,
42199,12032,,
42200,12032,,
42201,12032,,
42202,12032,,
42203,12032,,
42204,12032,,
42205,12032,,
42206,12032,,
42207,12032,,
42208,12032,,
42209,12032,,
42210,12032,,
42211,12032,,
42212,12032,,
42213,12032,,
42214,12032,,
42215,12032,,
42216,12032,,
42217,12032,,
42218,12032,,
42219,12032,,
42220,12032,,
42221,12032,,
42222,12032,,
42223,12032,,
42224,12032,,
42225,12032,,
42226,12032,,
42227,12032,,
42228,12032,,
42229,12032,,
42230,12032,,
42231,12032,,
42232,12032,,
42233,12032,,
42234,12032,,
42235,12032,,
42236,12032,,
42237,12032,,
42238,12032,,
42239,12032,,
42240,12032,,
42241,12032,,
42242,12032,,
42243,12032,,
42244,12032,,
42245,12032,,
42246,12032,,
42247,12032,,
42248,12032,,
42249,12032,,
42250,12032,,
42251,12032,,
42252,12032,,
42253,12032,,
42254,12032,,
42255,12032,,
42256,12032,,
42257,12032,,
42258,12032,,
42259,12032,,
42260,12032,,
42261,12032,,
42262,12032,,
42263,12032,,
42264,12032,,
42265,12032,,
42266,12032,,
42267,12032,,
42268,12032,,
42269,12032,,
42270,12032,,
42271,12032,,
42272,12032,,
42273,12032,,
42274,12032,,
42275,12032,,
42276,12032,,
42277,12032,,
42278,12032,,
42279,12032,,
42280,12032,,
42281,12032,,
42282,12032,,
42283,12032,,
42284,12032,,
42285,12032,,
42286,12032,,
42287,12032,,
42288,12032,,
42289,12032,,
42290,12032,,
42291,12032,,
42292,12032,,
42293,12032,,
42294,12032,,
42295,12032,,
42296,12032,,
42297,12032,,
42298,12032,,
42299,12032,,
42300,12032,,
42301,12032,,
42302,12032,,
42303,12032,,
42304,12032,,
42305,12032,,
42306,12032,,
42307,12032,,
42308,12032,,
42309,12032,,
42310,12032,,
42311,12032,,
42312,12032,,
42313,12032,,
42314,12032,,
42315,12032,,
42316,12032,,
42317,12032,,
42318,12032,,
42319,12032,,
42320,12032,,
42321,12032,,
42322,12032,,
42323,12032,,
42324,12032,,
42325,12032,,
42326,12032,,
42327,12032,,
42328,12032,,
42329,12032,,
42330,12032,,
42331,12032,,
42332,12032,,
42333,12032,,
42334,12032,,
42335,12032,,
42336,12032,,
42337,12032,,
42338,12032,,
42339,12032,,
42340,12032,,
42341,12032,,
42342,12032,,
42343,12032,,
42344,12032,,
42345,12032,,
42346,12032,,
42347,12032,,
42348,12032,,
42349,12032,,
42350,12032,,
42351,12032,,
42352,12032,,
42353,12032,,
42354,12032,,
42355,12032,,
42356,12032,,
42357,12032,,
42358,12032,,
42359,12032,,
42360,12032,,
42361,12032,,
42362,12032,,
42363,12032,,
42364,12032,,
42365,12032,,
42366,12032,,
42367,12032,,
42368,12032,,
42369,12032,,
42370,12032,,
42371,12032,,
42372,12032,,
42373,12032,,
42374,12032,,
42375,12032,,
42376,12032,,
42377,12032,,
42378,12032,,
42379,12032,,
42380,12032,,
42381,12032,,
42382,12032,,
42383,12032,,
42384,12032,,
42385,12032,,
42386,12032,,
42387,12032,,
42388,12032,,
42389,12032,,
42390,12032,,
42391,12032,,
42392,12032,,
42393,12032,,
42394,12032,,
42395,12032,,
42396,12032,,
42397,12032,,
42398,12032,,
42399,12032,,
42400,12032,,
42401,12032,,
42402,12032,,
42403,12032,,
42404,12032,,
42405,12032,,
42406,12032,,
42407,12032,,
42408,12032,,
42409,12032,,
42410,12032,,
42411,12032,,
42412,12032,,
42413,12032,,
42414,12032,,
42415,12032,,
42416,12032,,
42417,12032,,
42418,12032,,
42419,12032,,
42420,12032,,
42421,12032,,
42422,12032,,
42423,12032,,
42424,12032,,
42425,12032,,
42426,12032,,
42427,12032,,
42428,12032,,
42429,12032,,
42430,12032,,
42431,12032,,
42432,12032,,
42433,12032,,
42434,12032,,
42435,12032,,
42436,12032,,
42437,12032,,
42438,12032,,
42439,12032,,
42440,12032,,
42441,12032,,
42442,12032,,
42443,12032,,
42444,12032,,
42445,12032,,
42446,12032,,
42447,12032,,
42448,12032,,
42449,12032,,
42450,12032,,
42451,12032,,
42452,12032,,
42453,12032,,
42454,12032,,
42455,12032,,
42456,12032,,
42457,12032,,
42458,12032,,
42459,12032,,
42460,12032,,
42461,12032,,
42462,12032,,
42463,12032,,
42464,12032,,
42465,12032,,
42466,12032,,
42467,12032,,
42468,12032,,
42469,12032,,
42470,12032,,
42471,12032,,
42472,12032,,
42473,12032,,
42474,12032,,
42475,12032,,
42476,12032,,
42477,12032,,
42478,12032,,
42479,12032,,
42480,12032,,
42481,12032,,
42482,12032,,
42483,12032,,
42484,12032,,
42485,12032,,
42486,12032,,
42487,12032,,
42488,12032,,
42489,12032,,
42490,12032,,
42491,12032,,
42492,12032,,
42493,12032,,
42494,12032,,
42495,12032,,
42496,12032,,
42497,12032,,
42498,12032,,
42499,12032,,
42500,12032,,
42501,12032,,
42502,12032,,
42503,12032,,
42504,12032,,
42505,12032,,
42506,12032,,
42507,12032,,
42508,12032,,
42509,12032,,
42510,12032,,
42511,12032,,
42512,12032,,
42513,12032,,
42514,12032,,
42515,12032,,
42516,12032,,
42517,12032,,
42518,12032,,
42519,12032,,
42520,12032,,
42521,12032,,
42522,12032,,
42523,12032,,
42524,12032,,
42525,12032,,
42526,12032,,
42527,12032,,
42528,12032,,
42529,12032,,
42530,12032,,
42531,12032,,
42532,12032,,
42533,12032,,
42534,12032,,
42535,12032,,
42536,12032,,
42537,12032,,
42538,12032,,
42539,12032,,
42540,12032,,
42541,12032,,
42542,12032,,
42543,12032,,
42544,12032,,
42545,12032,,
42546,12032,,
42547,12032,,
42548,12032,,
42549,12032,,
42550,12032,,
42551,12032,,
42552,12032,,
42553,12032,,
42554,12032,,
42555,12032,,
42556,12032,,
42557,12032,,
42558,12032,,
42559,12032,,
42560,12032,,
42561,12032,,
42562,12032,,
42563,12032,,
42564,12032,,
42565,12032,,
42566,12032,,
42567,12032,,
42568,12032,,
42569,12032,,
42570,12032,,
42571,12032,,
42572,12032,,
42573,12032,,
42574,12032,,
42575,12032,,
42576,12032,,
42577,12032,,
42578,12032,,
42579,12032,,
42580,12032,,
42581,12032,,
42582,12032,,
42583,12032,,
42584,12032,,
42585,12032,,
42586,12032,,
42587,12032,,
42588,12032,,
42589,12032,,
42590,12032,,
42591,12032,,
42592,12032,,
42593,12032,,
42594,12032,,
42595,12032,,
42596,12032,,
42597,12032,,
42598,12032,,
42599,12032,,
42600,12032,,
42601,12032,,
42602,12032,,
42603,12032,,
42604,12032,,
42605,12032,,
42606,12032,,
42607,12032,,
42608,12032,,
42609,12032,,
42610,12032,,
42611,12032,,
42612,12032,,
42613,12032,,
42614,12032,,
42615,12032,,
42616,12032,,
42617,12032,,
42618,12032,,
42619,12032,,
42620,12032,,
42621,12032,,
42622,12032,,
42623,12032,,
42624,12032,,
42625,12032,,
42626,12032,,
42627,12032,,
42628,12032,,
42629,12032,,
42630,12032,,
42631,12032,,
42632,12032,,
42633,12032,,
42634,12032,,
42635,12032,,
42636,12032,,
42637,12032,,
42638,12032,,
42639,12032,,
42640,12032,,
42641,12032,,
42642,12032,,
42643,12032,,
42644,12032,,
42645,12032,,
42646,12032,,
42647,12032,,
42648,12032,,
42649,12032,,
42650,12032,,
42651,12032,,
42652,12032,,
42653,12032,,
42654,12032,,
42655,12032,,
42656,12032,,
42657,12032,,
42658,12032,,
42659,12032,,
42660,12032,,
42661,12032,,
42662,12032,,
42663,12032,,
42664,12032,,
42665,12032,,
42666,12032,,
42667,12032,,
42668,12032,,
42669,12032,,
42670,12032,,
42671,12032,,
42672,12032,,
42673,12032,,
42674,12032,,
42675,12032,,
42676,12032,,
42677,12032,,
42678,12032,,
42679,12032,,
42680,12032,,
42681,12032,,
42682,12032,,
42683,12032,,
42684,12032,,
42685,12032,,
42686,12032,,
42687,12032,,
42688,12032,,
42689,12032,,
42690,12032,,
42691,12032,,
42692,12032,,
42693,12032,,
42694,12032,,
42695,12032,,
42696,12032,,
42697,12032,,
42698,12032,,
42699,12032,,
42700,12032,,
42701,12032,,
42702,12032,,
42703,12032,,
42704,12032,,
42705,12032,,
42706,12032,,
42707,12032,,
42708,12032,,
42709,12032,,
42710,12032,,
42711,12032,,
42712,12032,,
42713,12032,,
42714,12032,,
42715,12032,,
42716,12032,,
42717,12032,,
42718,12032,,
42719,12032,,
42720,12032,,
42721,12032,,
42722,12032,,
42723,12032,,
42724,12032,,
42725,12032,,
42726,12032,,
42727,12032,,
42728,12032,,
42729,12032,,
42730,12032,,
42731,12032,,
42732,12032,,
42733,12032,,
42734,12032,,
42735,12032,,
42736,12032,,
42737,12032,,
42738,12032,,
42739,12032,,
42740,12032,,
42741,12032,,
42742,12032,,
42743,12032,,
42744,12032,,
42745,12032,,
42746,12032,,
42747,12032,,
42748,12032,,
42749,12032,,
42750,12032,,
42751,12032,,
42752,12032,,
42753,12032,,
42754,12032,,
42755,12032,,
42756,12032,,
42757,12032,,
42758,12032,,
42759,12032,,
42760,12032,,
42761,12032,,
42762,12032,,
42763,12032,,
42764,12032,,
42765,12032,,
42766,12032,,
42767,12032,,
42768,12032,,
42769,12032,,
42770,12032,,
42771,12032,,
42772,12032,,
42773,12032,,
42774,12032,,
42775,12032,,
42776,12032,,
42777,12032,,
42778,12032,,
42779,12032,,
42780,12032,,
42781,12032,,
42782,12032,,
42783,12032,,
42784,12032,,
42785,12032,,
42786,12032,,
42787,12032,,
42788,12032,,
42789,12032,,
42790,12032,,
42791,12032,,
42792,12032,,
42793,12032,,
42794,12032,,
42795,12032,,
42796,12032,,
42797,12032,,
42798,12032,,
42799,12032,,
42800,12032,,
42801,12032,,
42802,12032,,
42803,12032,,
42804,12032,,
42805,12032,,
42806,12032,,
42807,12032,,
42808,12032,,
42809,12032,,
42810,12032,,
42811,12032,,
42812,12032,,
42813,12032,,
42814,12032,,
42815,12032,,
42816,12032,,
42817,12032,,
42818,12032,,
42819,12032,,
42820,12032,,
42821,12032,,
42822,12032,,
42823,12032,,
42824,12032,,
42825,12032,,
42826,12032,,
42827,12032,,
42828,12032,,
42829,12032,,
42830,12032,,
42831,12032,,
42832,12032,,
42833,12032,,
42834,12032,,
42835,12032,,
42836,12032,,
42837,12032,,
42838,12032,,
42839,12032,,
42840,12032,,
42841,12032,,
42842,12032,,
42843,12032,,
42844,12032,,
42845,12032,,
42846,12032,,
42847,12032,,
42848,12032,,
42849,12032,,
42850,12032,,
42851,12032,,
42852,12032,,
42853,12032,,
42854,12032,,
42855,12032,,
42856,12032,,
42857,12032,,
42858,12032,,
42859,12032,,
42860,12032,,
42861,12032,,
42862,12032,,
42863,12032,,
42864,12032,,
42865,12032,,
42866,12032,,
42867,12032,,
42868,12032,,
42869,12032,,
42870,12032,,
42871,12032,,
42872,12032,,
42873,12032,,
42874,12032,,
42875,12032,,
42876,12032,,
42877,12032,,
42878,12032,,
42879,12032,,
42880,12032,,
42881,12032,,
42882,12032,,
42883,12032,,
42884,12032,,
42885,12032,,
42886,12032,,
42887,12032,,
42888,12032,,
42889,12032,,
42890,12032,,
42891,12032,,
42892,12032,,
42893,12032,,
42894,12032,,
42895,12032,,
42896,12032,,
42897,12032,,
42898,12032,,
42899,12032,,
42900,12032,,
42901,12032,,
42902,12032,,
42903,12032,,
42904,12032,,
42905,12032,,
42906,12032,,
42907,12032,,
42908,12032,,
42909,12032,,
42910,12032,,
42911,12032,,
42912,12032,,
42913,12032,,
42914,12032,,
42915,12032,,
42916,12032,,
42917,12032,,
42918,12032,,
42919,12032,,
42920,12032,,
42921,12032,,
42922,12032,,
42923,12032,,
42924,12032,,
42925,12032,,
42926,12032,,
42927,12032,,
42928,12032,,
42929,12032,,
42930,12032,,
42931,12032,,
42932,12032,,
42933,12032,,
42934,12032,,
42935,12032,,
42936,12032,,
42937,12032,,
42938,12032,,
42939,12032,,
42940,12032,,
42941,12032,,
42942,12032,,
42943,12032,,
42944,12032,,
42945,12032,,
42946,12032,,
42947,12032,,
42948,12032,,
42949,12032,,
42950,12032,,
42951,12032,,
42952,12032,,
42953,12032,,
42954,12032,,
42955,12032,,
42956,12032,,
42957,12032,,
42958,12032,,
42959,12032,,
42960,12032,,
42961,12032,,
42962,12032,,
42963,12032,,
42964,12032,,
42965,12032,,
42966,12032,,
42967,12032,,
42968,12032,,
42969,12032,,
42970,12032,,
42971,12032,,
42972,12032,,
42973,12032,,
42974,12032,,
42975,12032,,
42976,12032,,
42977,12032,,
42978,12032,,
42979,12032,,
42980,12032,,
42981,12032,,
42982,12032,,
42983,12032,,
42984,12032,,
42985,12032,,
42986,12032,,
42987,12032,,
42988,12032,,
42989,12032,,
42990,12032,,
42991,12032,,
42992,12032,,
42993,12032,,
42994,12032,,
42995,12032,,
42996,12032,,
42997,12032,,
42998,12032,,
42999,12032,,
43000,12032,,
43001,12032,,
43002,12032,,
43003,12032,,
43004,12032,,
43005,12032,,
43006,12032,,
43007,12032,,
43008,12032,,
43009,12032,,
43010,12032,,
43011,12032,,
43012,12032,,
43013,12032,,
43014,12032,,
43015,12032,,
43016,12032,,
43017,12032,,
43018,12032,,
43019,12032,,
43020,12032,,
43021,12032,,
43022,12032,,
43023,12032,,
43024,12032,,
43025,12032,,
43026,12032,,
43027,12032,,
43028,12032,,
43029,12032,,
43030,12032,,
43031,12032,,
43032,12032,,
43033,12032,,
43034,12032,,
43035,12032,,
43036,12032,,
43037,12032,,
43038,12032,,
43039,12032,,
43040,12032,,
43041,12032,,
43042,12032,,
43043,12032,,
43044,12032,,
43045,12032,,
43046,12032,,
43047,12032,,
43048,12032,,
43049,12032,,
43050,12032,,
43051,12032,,
43052,12032,,
43053,12032,,
43054,12032,,
43055,12032,,
43056,12032,,
43057,12032,,
43058,12032,,
43059,12032,,
43060,12032,,
43061,12032,,
43062,12032,,
43063,12032,,
43064,12032,,
43065,12032,,
43066,12032,,
43067,12032,,
43068,12032,,
43069,12032,,
43070,12032,,
43071,12032,,
43072,12032,,
43073,12032,,
43074,12032,,
43075,12032,,
43076,12032,,
43077,12032,,
43078,12032,,
43079,12032,,
43080,12032,,
43081,12032,,
43082,12032,,
43083,12032,,
43084,12032,,
43085,12032,,
43086,12032,,
43087,12032,,
43088,12032,,
43089,12032,,
43090,12032,,
43091,12032,,
43092,12032,,
43093,12032,,
43094,12032,,
43095,12032,,
43096,12032,,
43097,12032,,
43098,12032,,
43099,12032,,
43100,12032,,
43101,12032,,
43102,12032,,
43103,12032,,
43104,12032,,
43105,12032,,
43106,12032,,
43107,12032,,
43108,12032,,
43109,12032,,
43110,12032,,
43111,12032,,
43112,12032,,
43113,12032,,
43114,12032,,
43115,12032,,
43116,12032,,
43117,12032,,
43118,12032,,
43119,12032,,
43120,12032,,
43121,12032,,
43122,12032,,
43123,12032,,
43124,12032,,
43125,12032,,
43126,12032,,
43127,12032,,
43128,12032,,
43129,12032,,
43130,12032,,
43131,12032,,
43132,12032,,
43133,12032,,
43134,12032,,
43135,12032,,
43136,12032,,
43137,12032,,
43138,12032,,
43139,12032,,
43140,12032,,
43141,12032,,
43142,12032,,
43143,12032,,
43144,12032,,
43145,12032,,
43146,12032,,
43147,12032,,
43148,12032,,
43149,12032,,
43150,12032,,
43151,12032,,
43152,12032,,
43153,12032,,
43154,12032,,
43155,12032,,
43156,12032,,
43157,12032,,
43158,12032,,
43159,12032,,
43160,12032,,
43161,12032,,
43162,12032,,
43163,12032,,
43164,12032,,
43165,12032,,
43166,12032,,
43167,12032,,
43168,12032,,
43169,12032,,
43170,12032,,
43171,12032,,
43172,12032,,
43173,12032,,
43174,12032,,
43175,12032,,
43176,12032,,
43177,12032,,
43178,12032,,
43179,12032,,
43180,12032,,
43181,12032,,
43182,12032,,
43183,12032,,
43184,12032,,
43185,12032,,
43186,12032,,
43187,12032,,
43188,12032,,
43189,12032,,
43190,12032,,
43191,12032,,
43192,12032,,
43193,12032,,
43194,12032,,
43195,12032,,
43196,12032,,
43197,12032,,
43198,12032,,
43199,12032,,
43200,12032,,
43201,12032,,
43202,12032,,
43203,12032,,
43204,12032,,
43205,12032,,
43206,12032,,
43207,12032,,
43208,12032,,
43209,12032,,
43210,12032,,
43211,12032,,
43212,12032,,
43213,12032,,
43214,12032,,
43215,12032,,
43216,12032,,
43217,12032,,
43218,12032,,
43219,12032,,
43220,12032,,
43221,12032,,
43222,12032,,
43223,12032,,
43224,12032,,
43225,12032,,
43226,12032,,
43227,12032,,
43228,12032,,
43229,12032,,
43230,12032,,
43231,12032,,
43232,12032,,
43233,12032,,
43234,12032,,
43235,12032,,
43236,12032,,
43237,12032,,
43238,12032,,
43239,12032,,
43240,12032,,
43241,12032,,
43242,12032,,
43243,12032,,
43244,12032,,
43245,12032,,
43246,12032,,
43247,12032,,
43248,12032,,
43249,12032,,
43250,12032,,
43251,12032,,
43252,12032,,
43253,12032,,
43254,12032,,
43255,12032,,
43256,12032,,
43257,12032,,
43258,12032,,
43259,12032,,
43260,12032,,
43261,12032,,
43262,12032,,
43263,12032,,
43264,12032,,
43265,12032,,
43266,12032,,
43267,12032,,
43268,12032,,
43269,12032,,
43270,12032,,
43271,12032,,
43272,12032,,
43273,12032,,
43274,12032,,
43275,12032,,
43276,12032,,
43277,12032,,
43278,12032,,
43279,12032,,
43280,12032,,
43281,12032,,
43282,12032,,
43283,12032,,
43284,12032,,
43285,12032,,
43286,12032,,
43287,12032,,
43288,12032,,
43289,12032,,
43290,12032,,
43291,12032,,
43292,12032,,
43293,12032,,
43294,12032,,
43295,12032,,
43296,12032,,
43297,12032,,
43298,12032,,
43299,12032,,
43300,12032,,
43301,12032,,
43302,12032,,
43303,12032,,
43304,12032,,
43305,12032,,
43306,12032,,
43307,12032,,
43308,12032,,
43309,12032,,
43310,12032,,
43311,12032,,
43312,12032,,
43313,12032,,
43314,12032,,
43315,12032,,
43316,12032,,
43317,12032,,
43318,12032,,
43319,12032,,
43320,12032,,
43321,12032,,
43322,12032,,
43323,12032,,
43324,12032,,
43325,12032,,
43326,12032,,
43327,12032,,
43328,12032,,
43329,12032,,
43330,12032,,
43331,12032,,
43332,12032,,
43333,12032,,
43334,12032,,
43335,12032,,
43336,12032,,
43337,12032,,
43338,12032,,
43339,12032,,
43340,12032,,
43341,12032,,
43342,12032,,
43343,12032,,
43344,12032,,
43345,12032,,
43346,12032,,
43347,12032,,
43348,12032,,
43349,12032,,
43350,12032,,
43351,12032,,
43352,12032,,
43353,12032,,
43354,12032,,
43355,12032,,
43356,12032,,
43357,12032,,
43358,12032,,
43359,12032,,
43360,12032,,
43361,12032,,
43362,12032,,
43363,12032,,
43364,12032,,
43365,12032,,
43366,12032,,
43367,12032,,
43368,12032,,
43369,12032,,
43370,12032,,
43371,12032,,
43372,12032,,
43373,12032,,
43374,12032,,
43375,12032,,
43376,12032,,
43377,12032,,
43378,12032,,
43379,12032,,
43380,12032,,
43381,12032,,
43382,12032,,
43383,12032,,
43384,12032,,
43385,12032,,
43386,12032,,
43387,12032,,
43388,12032,,
43389,12032,,
43390,12032,,
43391,12032,,
43392,12032,,
43393,12032,,
43394,12032,,
43395,12032,,
43396,12032,,
43397,12032,,
43398,12032,,
43399,12032,,
43400,12032,,
43401,12032,,
43402,12032,,
43403,12032,,
43404,12032,,
43405,12032,,
43406,12032,,
43407,12032,,
43408,12032,,
43409,12032,,
43410,12032,,
43411,12032,,
43412,12032,,
43413,12032,,
43414,12032,,
43415,12032,,
43416,12032,,
43417,12032,,
43418,12032,,
43419,12032,,
43420,12032,,
43421,12032,,
43422,12032,,
43423,12032,,
43424,12032,,
43425,12032,,
43426,12032,,
43427,12032,,
43428,12032,,
43429,12032,,
43430,12032,,
43431,12032,,
43432,12032,,
43433,12032,,
43434,12032,,
43435,12032,,
43436,12032,,
43437,12032,,
43438,12032,,
43439,12032,,
43440,12032,,
43441,12032,,
43442,12032,,
43443,12032,,
43444,12032,,
43445,12032,,
43446,12032,,
43447,12032,,
43448,12032,,
43449,12032,,
43450,12032,,
43451,12032,,
43452,12032,,
43453,12032,,
43454,12032,,
43455,12032,,
43456,12032,,
43457,12032,,
43458,12032,,
43459,12032,,
43460,12032,,
43461,12032,,
43462,12032,,
43463,12032,,
43464,12032,,
43465,12032,,
43466,12032,,
43467,12032,,
43468,12032,,
43469,12032,,
43470,12032,,
43471,12032,,
43472,12032,,
43473,12032,,
43474,12032,,
43475,12032,,
43476,12032,,
43477,12032,,
43478,12032,,
43479,12032,,
43480,12032,,
43481,12032,,
43482,12032,,
43483,12032,,
43484,12032,,
43485,12032,,
43486,12032,,
43487,12032,,
43488,12032,,
43489,12032,,
43490,12032,,
43491,12032,,
43492,12032,,
43493,12032,,
43494,12032,,
43495,12032,,
43496,12032,,
43497,12032,,
43498,12032,,
43499,12032,,
43500,12032,,
43501,12032,,
43502,12032,,
43503,12032,,
43504,12032,,
43505,12032,,
43506,12032,,
43507,12032,,
43508,12032,,
43509,12032,,
43510,12032,,
43511,12032,,
43512,12032,,
43513,12032,,
43514,12032,,
43515,12032,,
43516,12032,,
43517,12032,,
43518,12032,,
43519,12032,,
43520,12032,,
43521,12032,,
43522,12032,,
43523,12032,,
43524,12032,,
43525,12032,,
43526,12032,,
43527,12032,,
43528,12032,,
43529,12032,,
43530,12032,,
43531,12032,,
43532,12032,,
43533,12032,,
43534,12032,,
43535,12032,,
43536,12032,,
43537,12032,,
43538,12032,,
43539,12032,,
43540,12032,,
43541,12032,,
43542,12032,,
43543,12032,,
43544,12032,,
43545,12032,,
43546,12032,,
43547,12032,,
43548,12032,,
43549,12032,,
43550,12032,,
43551,12032,,
43552,12032,,
43553,12032,,
43554,12032,,
43555,12032,,
43556,12032,,
43557,12032,,
43558,12032,,
43559,12032,,
43560,12032,,
43561,12032,,
43562,12032,,
43563,12032,,
43564,12032,,
43565,12032,,
43566,12032,,
43567,12032,,
43568,12032,,
43569,12032,,
43570,12032,,
43571,12032,,
43572,12032,,
43573,12032,,
43574,12032,,
43575,12032,,
43576,12032,,
43577,12032,,
43578,12032,,
43579,12032,,
43580,12032,,
43581,12032,,
43582,12032,,
43583,12032,,
43584,12032,,
43585,12032,,
43586,12032,,
43587,12032,,
43588,12032,,
43589,12032,,
43590,12032,,
43591,12032,,
43592,12032,,
43593,12032,,
43594,12032,,
43595,12032,,
43596,12032,,
43597,12032,,
43598,12032,,
43599,12032,,
43600,12032,,
43601,12032,,
43602,12032,,
43603,12032,,
43604,12032,,
43605,12032,,
43606,12032,,
43607,12032,,
43608,12032,,
43609,12032,,
43610,12032,,
43611,12032,,
43612,12032,,
43613,12032,,
43614,12032,,
43615,12032,,
43616,12032,,
43617,12032,,
43618,12032,,
43619,12032,,
43620,12032,,
43621,12032,,
43622,12032,,
43623,12032,,
43624,12032,,
43625,12032,,
43626,12032,,
43627,12032,,
43628,12032,,
43629,12032,,
43630,12032,,
43631,12032,,
43632,12032,,
43633,12032,,
43634,12032,,
43635,12032,,
43636,12032,,
43637,12032,,
43638,12032,,
43639,12032,,
43640,12032,,
43641,12032,,
43642,12032,,
43643,12032,,
43644,12032,,
43645,12032,,
43646,12032,,
43647,12032,,
43648,12032,,
43649,12032,,
43650,12032,,
43651,12032,,
43652,12032,,
43653,12032,,
43654,12032,,
43655,12032,,
43656,12032,,
43657,12032,,
43658,12032,,
43659,12032,,
43660,12032,,
43661,12032,,
43662,12032,,
43663,12032,,
43664,12032,,
43665,12032,,
43666,12032,,
43667,12032,,
43668,12032,,
43669,12032,,
43670,12032,,
43671,12032,,
43672,12032,,
43673,12032,,
43674,12032,,
43675,12032,,
43676,12032,,
43677,12032,,
43678,12032,,
43679,12032,,
43680,12032,,
43681,12032,,
43682,12032,,
43683,12032,,
43684,12032,,
43685,12032,,
43686,12032,,
43687,12032,,
43688,12032,,
43689,12032,,
43690,12032,,
43691,12032,,
43692,12032,,
43693,12032,,
43694,12032,,
43695,12032,,
43696,12032,,
43697,12032,,
43698,12032,,
43699,12032,,
43700,12032,,
43701,12032,,
43702,12032,,
43703,12032,,
43704,12032,,
43705,12032,,
43706,12032,,
43707,12032,,
43708,12032,,
43709,12032,,
43710,12032,,
43711,12032,,
43712,12032,,
43713,12032,,
43714,12032,,
43715,12032,,
43716,12032,,
43717,12032,,
43718,12032,,
43719,12032,,
43720,12032,,
43721,12032,,
43722,12032,,
43723,12032,,
43724,12032,,
43725,12032,,
43726,12032,,
43727,12032,,
43728,12032,,
43729,12032,,
43730,12032,,
43731,12032,,
43732,12032,,
43733,12032,,
43734,12032,,
43735,12032,,
43736,12032,,
43737,12032,,
43738,12032,,
43739,12032,,
43740,12032,,
43741,12032,,
43742,12032,,
43743,12032,,
43744,12032,,
43745,12032,,
43746,12032,,
43747,12032,,
43748,12032,,
43749,12032,,
43750,12032,,
43751,12032,,
43752,12032,,
43753,12032,,
43754,12032,,
43755,12032,,
43756,12032,,
43757,12032,,
43758,12032,,
43759,12032,,
43760,12032,,
43761,12032,,
43762,12032,,
43763,12032,,
43764,12032,,
43765,12032,,
43766,12032,,
43767,12032,,
43768,12032,,
43769,12032,,
43770,12032,,
43771,12032,,
43772,12032,,
43773,12032,,
43774,12032,,
43775,12032,,
43776,12032,,
43777,12032,,
43778,12032,,
43779,12032,,
43780,12032,,
43781,12032,,
43782,12032,,
43783,12032,,
43784,12032,,
43785,12032,,
43786,12032,,
43787,12032,,
43788,12032,,
43789,12032,,
43790,12032,,
43791,12032,,
43792,12032,,
43793,12032,,
43794,12032,,
43795,12032,,
43796,12032,,
43797,12032,,
43798,12032,,
43799,12032,,
43800,12032,,
43801,12032,,
43802,12032,,
43803,12032,,
43804,12032,,
43805,12032,,
43806,12032,,
43807,12032,,
43808,12032,,
43809,12032,,
43810,12032,,
43811,12032,,
43812,12032,,
43813,12032,,
43814,12032,,
43815,12032,,
43816,12032,,
43817,12032,,
43818,12032,,
43819,12032,,
43820,12032,,
43821,12032,,
43822,12032,,
43823,12032,,
43824,12032,,
43825,12032,,
43826,12032,,
43827,12032,,
43828,12032,,
43829,12032,,
43830,12032,,
43831,12032,,
43832,12032,,
43833,12032,,
43834,12032,,
43835,12032,,
43836,12032,,
43837,12032,,
43838,12032,,
43839,12032,,
43840,12032,,
43841,12032,,
43842,12032,,
43843,12032,,
43844,12032,,
43845,12032,,
43846,12032,,
43847,12032,,
43848,12032,,
43849,12032,,
43850,12032,,
43851,12032,,
43852,12032,,
43853,12032,,
43854,12032,,
43855,12032,,
43856,12032,,
43857,12032,,
43858,12032,,
43859,12032,,
43860,12032,,
43861,12032,,
43862,12032,,
43863,12032,,
43864,12032,,
43865,12032,,
43866,12032,,
43867,12032,,
43868,12032,,
43869,12032,,
43870,12032,,
43871,12032,,
43872,12032,,
43873,12032,,
43874,12032,,
43875,12032,,
43876,12032,,
43877,12032,,
43878,12032,,
43879,12032,,
43880,12032,,
43881,12032,,
43882,12032,,
43883,12032,,
43884,12032,,
43885,12032,,
43886,12032,,
43887,12032,,
43888,12032,,
43889,12032,,
43890,12032,,
43891,12032,,
43892,12032,,
43893,12032,,
43894,12032,,
43895,12032,,
43896,12032,,
43897,12032,,
43898,12032,,
43899,12032,,
43900,12032,,
43901,12032,,
43902,12032,,
43903,12032,,
43904,12032,,
43905,12032,,
43906,12032,,
43907,12032,,
43908,12032,,
43909,12032,,
43910,12032,,
43911,12032,,
43912,12032,,
43913,12032,,
43914,12032,,
43915,12032,,
43916,12032,,
43917,12032,,
43918,12032,,
43919,12032,,
43920,12032,,
43921,12032,,
43922,12032,,
43923,12032,,
43924,12032,,
43925,12032,,
43926,12032,,
43927,12032,,
43928,12032,,
43929,12032,,
43930,12032,,
43931,12032,,
43932,12032,,
43933,12032,,
43934,12032,,
43935,12032,,
43936,12032,,
43937,12032,,
43938,12032,,
43939,12032,,
43940,12032,,
43941,12032,,
43942,12032,,
43943,12032,,
43944,12032,,
43945,12032,,
43946,12032,,
43947,12032,,
43948,12032,,
43949,12032,,
43950,12032,,
43951,12032,,
43952,12032,,
43953,12032,,
43954,12032,,
43955,12032,,
43956,12032,,
43957,12032,,
43958,12032,,
43959,12032,,
43960,12032,,
43961,12032,,
43962,12032,,
43963,12032,,
43964,12032,,
43965,12032,,
43966,12032,,
43967,12032,,
43968,12032,,
43969,12032,,
43970,12032,,
43971,12032,,
43972,12032,,
43973,12032,,
43974,12032,,
43975,12032,,
43976,12032,,
43977,12032,,
43978,12032,,
43979,12032,,
43980,12032,,
43981,12032,,
43982,12032,,
43983,12032,,
43984,12032,,
43985,12032,,
43986,12032,,
43987,12032,,
43988,12032,,
43989,12032,,
43990,12032,,
43991,12032,,
43992,12032,,
43993,12032,,
43994,12032,,
43995,12032,,
43996,12032,,
43997,12032,,
43998,12032,,
43999,12032,,
44000,12032,,
44001,12032,,
44002,12032,,
44003,12032,,
44004,12032,,
44005,12032,,
44006,12032,,
44007,12032,,
44008,12032,,
44009,12032,,
44010,12032,,
44011,12032,,
44012,12032,,
44013,12032,,
44014,12032,,
44015,12032,,
44016,12032,,
44017,12032,,
44018,12032,,
44019,12032,,
44020,12032,,
44021,12032,,
44022,12032,,
44023,12032,,
44024,12032,,
44025,12032,,
44026,12032,,
44027,12032,,
44028,12032,,
44029,12032,,
44030,12032,,
44031,12032,,
44032,12032,,
44033,12032,,
44034,12032,,
44035,12032,,
44036,12032,,
44037,12032,,
44038,12032,,
44039,12032,,
44040,12032,,
44041,12032,,
44042,12032,,
44043,12032,,
44044,12032,,
44045,12032,,
44046,12032,,
44047,12032,,
44048,12032,,
44049,12032,,
44050,12032,,
44051,12032,,
44052,12032,,
44053,12032,,
44054,12032,,
44055,12032,,
44056,12032,,
44057,12032,,
44058,12032,,
44059,12032,,
44060,12032,,
44061,12032,,
44062,12032,,
44063,12032,,
44064,12032,,
44065,12032,,
44066,12032,,
44067,12032,,
44068,12032,,
44069,12032,,
44070,12032,,
44071,12032,,
44072,12032,,
44073,12032,,
44074,12032,,
44075,12032,,
44076,12032,,
44077,12032,,
44078,12032,,
44079,12032,,
44080,12032,,
44081,12032,,
44082,12032,,
44083,12032,,
44084,12032,,
44085,12032,,
44086,12032,,
44087,12032,,
44088,12032,,
44089,12032,,
44090,12032,,
44091,12032,,
44092,12032,,
44093,12032,,
44094,12032,,
44095,12032,,
44096,12032,,
44097,12032,,
44098,12032,,
44099,12032,,
44100,12032,,
44101,12032,,
44102,12032,,
44103,12032,,
44104,12032,,
44105,12032,,
44106,12032,,
44107,12032,,
44108,12032,,
44109,12032,,
44110,12032,,
44111,12032,,
44112,12032,,
44113,12032,,
44114,12032,,
44115,12032,,
44116,12032,,
44117,12032,,
44118,12032,,
44119,12032,,
44120,12032,,
44121,12032,,
44122,12032,,
44123,12032,,
44124,12032,,
44125,12032,,
44126,12032,,
44127,12032,,
44128,12032,,
44129,12032,,
44130,12032,,
44131,12032,,
44132,12032,,
44133,12032,,
44134,12032,,
44135,12032,,
44136,12032,,
44137,12032,,
44138,12032,,
44139,12032,,
44140,12032,,
44141,12032,,
44142,12032,,
44143,12032,,
44144,12032,,
44145,12032,,
44146,12032,,
44147,12032,,
44148,12032,,
44149,12032,,
44150,12032,,
44151,12032,,
44152,12032,,
44153,12032,,
44154,12032,,
44155,12032,,
44156,12032,,
44157,12032,,
44158,12032,,
44159,12032,,
44160,12032,,
44161,12032,,
44162,12032,,
44163,12032,,
44164,12032,,
44165,12032,,
44166,12032,,
44167,12032,,
44168,12032,,
44169,12032,,
44170,12032,,
44171,12032,,
44172,12032,,
44173,12032,,
44174,12032,,
44175,12032,,
44176,12032,,
44177,12032,,
44178,12032,,
44179,12032,,
44180,12032,,
44181,12032,,
44182,12032,,
44183,12032,,
44184,12032,,
44185,12032,,
44186,12032,,
44187,12032,,
44188,12032,,
44189,12032,,
44190,12032,,
44191,12032,,
44192,12032,,
44193,12032,,
44194,12032,,
44195,12032,,
44196,12032,,
44197,12032,,
44198,12032,,
44199,12032,,
44200,12032,,
44201,12032,,
44202,12032,,
44203,12032,,
44204,12032,,
44205,12032,,
44206,12032,,
44207,12032,,
44208,12032,,
44209,12032,,
44210,12032,,
44211,12032,,
44212,12032,,
44213,12032,,
44214,12032,,
44215,12032,,
44216,12032,,
44217,12032,,
44218,12032,,
44219,12032,,
44220,12032,,
44221,12032,,
44222,12032,,
44223,12032,,
44224,12032,,
44225,12032,,
44226,12032,,
44227,12032,,
44228,12032,,
44229,12032,,
44230,12032,,
44231,12032,,
44232,12032,,
44233,12032,,
44234,12032,,
44235,12032,,
44236,12032,,
44237,12032,,
44238,12032,,
44239,12032,,
44240,12032,,
44241,12032,,
44242,12032,,
44243,12032,,
44244,12032,,
44245,12032,,
44246,12032,,
44247,12032,,
44248,12032,,
44249,12032,,
44250,12032,,
44251,12032,,
44252,12032,,
44253,12032,,
44254,12032,,
44255,12032,,
44256,12032,,
44257,12032,,
44258,12032,,
44259,12032,,
44260,12032,,
44261,12032,,
44262,12032,,
44263,12032,,
44264,12032,,
44265,12032,,
44266,12032,,
44267,12032,,
44268,12032,,
44269,12032,,
44270,12032,,
44271,12032,,
44272,12032,,
44273,12032,,
44274,12032,,
44275,12032,,
44276,12032,,
44277,12032,,
44278,12032,,
44279,12032,,
44280,12032,,
44281,12032,,
44282,12032,,
44283,12032,,
44284,12032,,
44285,12032,,
44286,12032,,
44287,12032,,
44288,12032,,
44289,12032,,
44290,12032,,
44291,12032,,
44292,12032,,
44293,12032,,
44294,12032,,
44295,12032,,
44296,12032,,
44297,12032,,
44298,12032,,
44299,12032,,
44300,12032,,
44301,12032,,
44302,12032,,
44303,12032,,
44304,12032,,
44305,12032,,
44306,12032,,
44307,12032,,
44308,12032,,
44309,12032,,
44310,12032,,
44311,12032,,
44312,12032,,
44313,12032,,
44314,12032,,
44315,12032,,
44316,12032,,
44317,12032,,
44318,12032,,
44319,12032,,
44320,12032,,
44321,12032,,
44322,12032,,
44323,12032,,
44324,12032,,
44325,12032,,
44326,12032,,
44327,12032,,
44328,12032,,
44329,12032,,
44330,12032,,
44331,12032,,
44332,12032,,
44333,12032,,
44334,12032,,
44335,12032,,
44336,12032,,
44337,12032,,
44338,12032,,
44339,12032,,
44340,12032,,
44341,12032,,
44342,12032,,
44343,12032,,
44344,12032,,
44345,12032,,
44346,12032,,
44347,12032,,
44348,12032,,
44349,12032,,
44350,12032,,
44351,12032,,
44352,12032,,
44353,12032,,
44354,12032,,
44355,12032,,
44356,12032,,
44357,12032,,
44358,12032,,
44359,12032,,
44360,12032,,
44361,12032,,
44362,12032,,
44363,12032,,
44364,12032,,
44365,12032,,
44366,12032,,
44367,12032,,
44368,12032,,
44369,12032,,
44370,12032,,
44371,12032,,
44372,12032,,
44373,12032,,
44374,12032,,
44375,12032,,
44376,12032,,
44377,12032,,
44378,12032,,
44379,12032,,
44380,12032,,
44381,12032,,
44382,12032,,
44383,12032,,
44384,12032,,
44385,12032,,
44386,12032,,
44387,12032,,
44388,12032,,
44389,12032,,
44390,12032,,
44391,12032,,
44392,12032,,
44393,12032,,
44394,12032,,
44395,12032,,
44396,12032,,
44397,12032,,
44398,12032,,
44399,12032,,
44400,12032,,
44401,12032,,
44402,12032,,
44403,12032,,
44404,12032,,
44405,12032,,
44406,12032,,
44407,12032,,
44408,12032,,
44409,12032,,
44410,12032,,
44411,12032,,
44412,12032,,
44413,12032,,
44414,12032,,
44415,12032,,
44416,12032,,
44417,12032,,
44418,12032,,
44419,12032,,
44420,12032,,
44421,12032,,
44422,12032,,
44423,12032,,
44424,12032,,
44425,12032,,
44426,12032,,
44427,12032,,
44428,12032,,
44429,12032,,
44430,12032,,
44431,12032,,
44432,12032,,
44433,12032,,
44434,12032,,
44435,12032,,
44436,12032,,
44437,12032,,
44438,12032,,
44439,12032,,
44440,12032,,
44441,12032,,
44442,12032,,
44443,12032,,
44444,12032,,
44445,12032,,
44446,12032,,
44447,12032,,
44448,12032,,
44449,12032,,
44450,12032,,
44451,12032,,
44452,12032,,
44453,12032,,
44454,12032,,
44455,12032,,
44456,12032,,
44457,12032,,
44458,12032,,
44459,12032,,
44460,12032,,
44461,12032,,
44462,12032,,
44463,12032,,
44464,12032,,
44465,12032,,
44466,12032,,
44467,12032,,
44468,12032,,
44469,12032,,
44470,12032,,
44471,12032,,
44472,12032,,
44473,12032,,
44474,12032,,
44475,12032,,
44476,12032,,
44477,12032,,
44478,12032,,
44479,12032,,
44480,12032,,
44481,12032,,
44482,12032,,
44483,12032,,
44484,12032,,
44485,12032,,
44486,12032,,
44487,12032,,
44488,12032,,
44489,12032,,
44490,12032,,
44491,12032,,
44492,12032,,
44493,12032,,
44494,12032,,
44495,12032,,
44496,12032,,
44497,12032,,
44498,12032,,
44499,12032,,
44500,12032,,
44501,12032,,
44502,12032,,
44503,12032,,
44504,12032,,
44505,12032,,
44506,12032,,
44507,12032,,
44508,12032,,
44509,12032,,
44510,12032,,
44511,12032,,
44512,12032,,
44513,12032,,
44514,12032,,
44515,12032,,
44516,12032,,
44517,12032,,
44518,12032,,
44519,12032,,
44520,12032,,
44521,12032,,
44522,12032,,
44523,12032,,
44524,12032,,
44525,12032,,
44526,12032,,
44527,12032,,
44528,12032,,
44529,12032,,
44530,12032,,
44531,12032,,
44532,12032,,
44533,12032,,
44534,12032,,
44535,12032,,
44536,12032,,
44537,12032,,
44538,12032,,
44539,12032,,
44540,12032,,
44541,12032,,
44542,12032,,
44543,12032,,
44544,12032,,
44545,12032,,
44546,12032,,
44547,12032,,
44548,12032,,
44549,12032,,
44550,12032,,
44551,12032,,
44552,12032,,
44553,12032,,
44554,12032,,
44555,12032,,
44556,12032,,
44557,12032,,
44558,12032,,
44559,12032,,
44560,12032,,
44561,12032,,
44562,12032,,
44563,12032,,
44564,12032,,
44565,12032,,
44566,12032,,
44567,12032,,
44568,12032,,
44569,12032,,
44570,12032,,
44571,12032,,
44572,12032,,
44573,12032,,
44574,12032,,
44575,12032,,
44576,12032,,
44577,12032,,
44578,12032,,
44579,12032,,
44580,12032,,
44581,12032,,
44582,12032,,
44583,12032,,
44584,12032,,
44585,12032,,
44586,12032,,
44587,12032,,
44588,12032,,
44589,12032,,
44590,12032,,
44591,12032,,
44592,12032,,
44593,12032,,
44594,12032,,
44595,12032,,
44596,12032,,
44597,12032,,
44598,12032,,
44599,12032,,
44600,12032,,
44601,12032,,
44602,12032,,
44603,12032,,
44604,12032,,
44605,12032,,
44606,12032,,
44607,12032,,
44608,12032,,
44609,12032,,
44610,12032,,
44611,12032,,
44612,12032,,
44613,12032,,
44614,12032,,
44615,12032,,
44616,12032,,
44617,12032,,
44618,12032,,
44619,12032,,
44620,12032,,
44621,12032,,
44622,12032,,
44623,12032,,
44624,12032,,
44625,12032,,
44626,12032,,
44627,12032,,
44628,12032,,
44629,12032,,
44630,12032,,
44631,12032,,
44632,12032,,
44633,12032,,
44634,12032,,
44635,12032,,
44636,12032,,
44637,12032,,
44638,12032,,
44639,12032,,
44640,12032,,
44641,12032,,
44642,12032,,
44643,12032,,
44644,12032,,
44645,12032,,
44646,12032,,
44647,12032,,
44648,12032,,
44649,12032,,
44650,12032,,
44651,12032,,
44652,12032,,
44653,12032,,
44654,12032,,
44655,12032,,
44656,12032,,
44657,12032,,
44658,12032,,
44659,12032,,
44660,12032,,
44661,12032,,
44662,12032,,
44663,12032,,
44664,12032,,
44665,12032,,
44666,12032,,
44667,12032,,
44668,12032,,
44669,12032,,
44670,12032,,
44671,12032,,
44672,12032,,
44673,12032,,
44674,12032,,
44675,12032,,
44676,12032,,
44677,12032,,
44678,12032,,
44679,12032,,
44680,12032,,
44681,12032,,
44682,12032,,
44683,12032,,
44684,12032,,
44685,12032,,
44686,12032,,
44687,12032,,
44688,12032,,
44689,12032,,
44690,12032,,
44691,12032,,
44692,12032,,
44693,12032,,
44694,12032,,
44695,12032,,
44696,12032,,
44697,12032,,
44698,12032,,
44699,12032,,
44700,12032,,
44701,12032,,
44702,12032,,
44703,12032,,
44704,12032,,
44705,12032,,
44706,12032,,
44707,12032,,
44708,12032,,
44709,12032,,
44710,12032,,
44711,12032,,
44712,12032,,
44713,12032,,
44714,12032,,
44715,12032,,
44716,12032,,
44717,12032,,
44718,12032,,
44719,12032,,
44720,12032,,
44721,12032,,
44722,12032,,
44723,12032,,
44724,12032,,
44725,12032,,
44726,12032,,
44727,12032,,
44728,12032,,
44729,12032,,
44730,12032,,
44731,12032,,
44732,12032,,
44733,12032,,
44734,12032,,
44735,12032,,
44736,12032,,
44737,12032,,
44738,12032,,
44739,12032,,
44740,12032,,
44741,12032,,
44742,12032,,
44743,12032,,
44744,12032,,
44745,12032,,
44746,12032,,
44747,12032,,
44748,12032,,
44749,12032,,
44750,12032,,
44751,12032,,
44752,12032,,
44753,12032,,
44754,12032,,
44755,12032,,
44756,12032,,
44757,12032,,
44758,12032,,
44759,12032,,
44760,12032,,
44761,12032,,
44762,12032,,
44763,12032,,
44764,12032,,
44765,12032,,
44766,12032,,
44767,12032,,
44768,12032,,
44769,12032,,
44770,12032,,
44771,12032,,
44772,12032,,
44773,12032,,
44774,12032,,
44775,12032,,
44776,12032,,
44777,12032,,
44778,12032,,
44779,12032,,
44780,12032,,
44781,12032,,
44782,12032,,
44783,12032,,
44784,12032,,
44785,12032,,
44786,12032,,
44787,12032,,
44788,12032,,
44789,12032,,
44790,12032,,
44791,12032,,
44792,12032,,
44793,12032,,
44794,12032,,
44795,12032,,
44796,12032,,
44797,12032,,
44798,12032,,
44799,12032,,
44800,12032,,
44801,12032,,
44802,12032,,
44803,12032,,
44804,12032,,
44805,12032,,
44806,12032,,
44807,12032,,
44808,12032,,
44809,12032,,
44810,12032,,
44811,12032,,
44812,12032,,
44813,12032,,
44814,12032,,
44815,12032,,
44816,12032,,
44817,12032,,
44818,12032,,
44819,12032,,
44820,12032,,
44821,12032,,
44822,12032,,
44823,12032,,
44824,12032,,
44825,12032,,
44826,12032,,
44827,12032,,
44828,12032,,
44829,12032,,
44830,12032,,
44831,12032,,
44832,12032,,
44833,12032,,
44834,12032,,
44835,12032,,
44836,12032,,
44837,12032,,
44838,12032,,
44839,12032,,
44840,12032,,
44841,12032,,
44842,12032,,
44843,12032,,
44844,12032,,
44845,12032,,
44846,12032,,
44847,12032,,
44848,12032,,
44849,12032,,
44850,12032,,
44851,12032,,
44852,12032,,
44853,12032,,
44854,12032,,
44855,12032,,
44856,12032,,
44857,12032,,
44858,12032,,
44859,12032,,
44860,12032,,
44861,12032,,
44862,12032,,
44863,12032,,
44864,12032,,
44865,12032,,
44866,12032,,
44867,12032,,
44868,12032,,
44869,12032,,
44870,12032,,
44871,12032,,
44872,12032,,
44873,12032,,
44874,12032,,
44875,12032,,
44876,12032,,
44877,12032,,
44878,12032,,
44879,12032,,
44880,12032,,
44881,12032,,
44882,12032,,
44883,12032,,
44884,12032,,
44885,12032,,
44886,12032,,
44887,12032,,
44888,12032,,
44889,12032,,
44890,12032,,
44891,12032,,
44892,12032,,
44893,12032,,
44894,12032,,
44895,12032,,
44896,12032,,
44897,12032,,
44898,12032,,
44899,12032,,
44900,12032,,
44901,12032,,
44902,12032,,
44903,12032,,
44904,12032,,
44905,12032,,
44906,12032,,
44907,12032,,
44908,12032,,
44909,12032,,
44910,12032,,
44911,12032,,
44912,12032,,
44913,12032,,
44914,12032,,
44915,12032,,
44916,12032,,
44917,12032,,
44918,12032,,
44919,12032,,
44920,12032,,
44921,12032,,
44922,12032,,
44923,12032,,
44924,12032,,
44925,12032,,
44926,12032,,
44927,12032,,
44928,12032,,
44929,12032,,
44930,12032,,
44931,12032,,
44932,12032,,
44933,12032,,
44934,12032,,
44935,12032,,
44936,12032,,
44937,12032,,
44938,12032,,
44939,12032,,
44940,12032,,
44941,12032,,
44942,12032,,
44943,12032,,
44944,12032,,
44945,12032,,
44946,12032,,
44947,12032,,
44948,12032,,
44949,12032,,
44950,12032,,
44951,12032,,
44952,12032,,
44953,12032,,
44954,12032,,
44955,12032,,
44956,12032,,
44957,12032,,
44958,12032,,
44959,12032,,
44960,12032,,
44961,12032,,
44962,12032,,
44963,12032,,
44964,12032,,
44965,12032,,
44966,12032,,
44967,12032,,
44968,12032,,
44969,12032,,
44970,12032,,
44971,12032,,
44972,12032,,
44973,12032,,
44974,12032,,
44975,12032,,
44976,12032,,
44977,12032,,
44978,12032,,
44979,12032,,
44980,12032,,
44981,12032,,
44982,12032,,
44983,12032,,
44984,12032,,
44985,12032,,
44986,12032,,
44987,12032,,
44988,12032,,
44989,12032,,
44990,12032,,
44991,12032,,
44992,12032,,
44993,12032,,
44994,12032,,
44995,12032,,
44996,12032,,
44997,12032,,
44998,12032,,
44999,12032,,
45000,12032,,
45001,12032,,
45002,12032,,
45003,12032,,
45004,12032,,
45005,12032,,
45006,12032,,
45007,12032,,
45008,12032,,
45009,12032,,
45010,12032,,
45011,12032,,
45012,12032,,
45013,12032,,
45014,12032,,
45015,12032,,
45016,12032,,
45017,12032,,
45018,12032,,
45019,12032,,
45020,12032,,
45021,12032,,
45022,12032,,
45023,12032,,
45024,12032,,
45025,12032,,
45026,12032,,
45027,12032,,
45028,12032,,
45029,12032,,
45030,12032,,
45031,12032,,
45032,12032,,
45033,12032,,
45034,12032,,
45035,12032,,
45036,12032,,
45037,12032,,
45038,12032,,
45039,12032,,
45040,12032,,
45041,12032,,
45042,12032,,
45043,12032,,
45044,12032,,
45045,12032,,
45046,12032,,
45047,12032,,
45048,12032,,
45049,12032,,
45050,12032,,
45051,12032,,
45052,12032,,
45053,12032,,
45054,12032,,
45055,12032,,
45056,12032,,
45057,12032,,
45058,12032,,
45059,12032,,
45060,12032,,
45061,12032,,
45062,12032,,
45063,12032,,
45064,12032,,
45065,12032,,
45066,12032,,
45067,12032,,
45068,12032,,
45069,12032,,
45070,12032,,
45071,12032,,
45072,12032,,
45073,12032,,
45074,12032,,
45075,12032,,
45076,12032,,
45077,12032,,
45078,12032,,
45079,12032,,
45080,12032,,
45081,12032,,
45082,12032,,
45083,12032,,
45084,12032,,
45085,12032,,
45086,12032,,
45087,12032,,
45088,12032,,
45089,12032,,
45090,12032,,
45091,12032,,
45092,12032,,
45093,12032,,
45094,12032,,
45095,12032,,
45096,12032,,
45097,12032,,
45098,12032,,
45099,12032,,
45100,12032,,
45101,12032,,
45102,12032,,
45103,12032,,
45104,12032,,
45105,12032,,
45106,12032,,
45107,12032,,
45108,12032,,
45109,12032,,
45110,12032,,
45111,12032,,
45112,12032,,
45113,12032,,
45114,12032,,
45115,12032,,
45116,12032,,
45117,12032,,
45118,12032,,
45119,12032,,
45120,12032,,
45121,12032,,
45122,12032,,
45123,12032,,
45124,12032,,
45125,12032,,
45126,12032,,
45127,12032,,
45128,12032,,
45129,12032,,
45130,12032,,
45131,12032,,
45132,12032,,
45133,12032,,
45134,12032,,
45135,12032,,
45136,12032,,
45137,12032,,
45138,12032,,
45139,12032,,
45140,12032,,
45141,12032,,
45142,12032,,
45143,12032,,
45144,12032,,
45145,12032,,
45146,12032,,
45147,12032,,
45148,12032,,
45149,12032,,
45150,12032,,
45151,12032,,
45152,12032,,
45153,12032,,
45154,12032,,
45155,12032,,
45156,12032,,
45157,12032,,
45158,12032,,
45159,12032,,
45160,12032,,
45161,12032,,
45162,12032,,
45163,12032,,
45164,12032,,
45165,12032,,
45166,12032,,
45167,12032,,
45168,12032,,
45169,12032,,
45170,12032,,
45171,12032,,
45172,12032,,
45173,12032,,
45174,12032,,
45175,12032,,
45176,12032,,
45177,12032,,
45178,12032,,
45179,12032,,
45180,12032,,
45181,12032,,
45182,12032,,
45183,12032,,
45184,12032,,
45185,12032,,
45186,12032,,
45187,12032,,
45188,12032,,
45189,12032,,
45190,12032,,
45191,12032,,
45192,12032,,
45193,12032,,
45194,12032,,
45195,12032,,
45196,12032,,
45197,12032,,
45198,12032,,
45199,12032,,
45200,12032,,
45201,12032,,
45202,12032,,
45203,12032,,
45204,12032,,
45205,12032,,
45206,12032,,
45207,12032,,
45208,12032,,
45209,12032,,
45210,12032,,
45211,12032,,
45212,12032,,
45213,12032,,
45214,12032,,
45215,12032,,
45216,12032,,
45217,12032,,
45218,12032,,
45219,12032,,
45220,12032,,
45221,12032,,
45222,12032,,
45223,12032,,
45224,12032,,
45225,12032,,
45226,12032,,
45227,12032,,
45228,12032,,
45229,12032,,
45230,12032,,
45231,12032,,
45232,12032,,
45233,12032,,
45234,12032,,
45235,12032,,
45236,12032,,
45237,12032,,
45238,12032,,
45239,12032,,
45240,12032,,
45241,12032,,
45242,12032,,
45243,12032,,
45244,12032,,
45245,12032,,
45246,12032,,
45247,12032,,
45248,12032,,
45249,12032,,
45250,12032,,
45251,12032,,
45252,12032,,
45253,12032,,
45254,12032,,
45255,12032,,
45256,12032,,
45257,12032,,
45258,12032,,
45259,12032,,
45260,12032,,
45261,12032,,
45262,12032,,
45263,12032,,
45264,12032,,
45265,12032,,
45266,12032,,
45267,12032,,
45268,12032,,
45269,12032,,
45270,12032,,
45271,12032,,
45272,12032,,
45273,12032,,
45274,12032,,
45275,12032,,
45276,12032,,
45277,12032,,
45278,12032,,
45279,12032,,
45280,12032,,
45281,12032,,
45282,12032,,
45283,12032,,
45284,12032,,
45285,12032,,
45286,12032,,
45287,12032,,
45288,12032,,
45289,12032,,
45290,12032,,
45291,12032,,
45292,12032,,
45293,12032,,
45294,12032,,
45295,12032,,
45296,12032,,
45297,12032,,
45298,12032,,
45299,12032,,
45300,12032,,
45301,12032,,
45302,12032,,
45303,12032,,
45304,12032,,
45305,12032,,
45306,12032,,
45307,12032,,
45308,12032,,
45309,12032,,
45310,12032,,
45311,12032,,
45312,12032,,
45313,12032,,
45314,12032,,
45315,12032,,
45316,12032,,
45317,12032,,
45318,12032,,
45319,12032,,
45320,12032,,
45321,12032,,
45322,12032,,
45323,12032,,
45324,12032,,
45325,12032,,
45326,12032,,
45327,12032,,
45328,12032,,
45329,12032,,
45330,12032,,
45331,12032,,
45332,12032,,
45333,12032,,
45334,12032,,
45335,12032,,
45336,12032,,
45337,12032,,
45338,12032,,
45339,12032,,
45340,12032,,
45341,12032,,
45342,12032,,
45343,12032,,
45344,12032,,
45345,12032,,
45346,12032,,
45347,12032,,
45348,12032,,
45349,12032,,
45350,12032,,
45351,12032,,
45352,12032,,
45353,12032,,
45354,12032,,
45355,12032,,
45356,12032,,
45357,12032,,
45358,12032,,
45359,12032,,
45360,12032,,
45361,12032,,
45362,12032,,
45363,12032,,
45364,12032,,
45365,12032,,
45366,12032,,
45367,12032,,
45368,12032,,
45369,12032,,
45370,12032,,
45371,12032,,
45372,12032,,
45373,12032,,
45374,12032,,
45375,12032,,
45376,12032,,
45377,12032,,
45378,12032,,
45379,12032,,
45380,12032,,
45381,12032,,
45382,12032,,
45383,12032,,
45384,12032,,
45385,12032,,
45386,12032,,
45387,12032,,
45388,12032,,
45389,12032,,
45390,12032,,
45391,12032,,
45392,12032,,
45393,12032,,
45394,12032,,
45395,12032,,
45396,12032,,
45397,12032,,
45398,12032,,
45399,12032,,
45400,12032,,
45401,12032,,
45402,12032,,
45403,12032,,
45404,12032,,
45405,12032,,
45406,12032,,
45407,12032,,
45408,12032,,
45409,12032,,
45410,12032,,
45411,12032,,
45412,12032,,
45413,12032,,
45414,12032,,
45415,12032,,
45416,12032,,
45417,12032,,
45418,12032,,
45419,12032,,
45420,12032,,
45421,12032,,
45422,12032,,
45423,12032,,
45424,12032,,
45425,12032,,
45426,12032,,
45427,12032,,
45428,12032,,
45429,12032,,
45430,12032,,
45431,12032,,
45432,12032,,
45433,12032,,
45434,12032,,
45435,12032,,
45436,12032,,
45437,12032,,
45438,12032,,
45439,12032,,
45440,12032,,
45441,12032,,
45442,12032,,
45443,12032,,
45444,12032,,
45445,12032,,
45446,12032,,
45447,12032,,
45448,12032,,
45449,12032,,
45450,12032,,
45451,12032,,
45452,12032,,
45453,12032,,
45454,12032,,
45455,12032,,
45456,12032,,
45457,12032,,
45458,12032,,
45459,12032,,
45460,12032,,
45461,12032,,
45462,12032,,
45463,12032,,
45464,12032,,
45465,12032,,
45466,12032,,
45467,12032,,
45468,12032,,
45469,12032,,
45470,12032,,
45471,12032,,
45472,12032,,
45473,12032,,
45474,12032,,
45475,12032,,
45476,12032,,
45477,12032,,
45478,12032,,
45479,12032,,
45480,12032,,
45481,12032,,
45482,12032,,
45483,12032,,
45484,12032,,
45485,12032,,
45486,12032,,
45487,12032,,
45488,12032,,
45489,12032,,
45490,12032,,
45491,12032,,
45492,12032,,
45493,12032,,
45494,12032,,
45495,12032,,
45496,12032,,
45497,12032,,
45498,12032,,
45499,12032,,
45500,12032,,
45501,12032,,
45502,12032,,
45503,12032,,
45504,12032,,
45505,12032,,
45506,12032,,
45507,12032,,
45508,12032,,
45509,12032,,
45510,12032,,
45511,12032,,
45512,12032,,
45513,12032,,
45514,12032,,
45515,12032,,
45516,12032,,
45517,12032,,
45518,12032,,
45519,12032,,
45520,12032,,
45521,12032,,
45522,12032,,
45523,12032,,
45524,12032,,
45525,12032,,
45526,12032,,
45527,12032,,
45528,12032,,
45529,12032,,
45530,12032,,
45531,12032,,
45532,12032,,
45533,12032,,
45534,12032,,
45535,12032,,
45536,12032,,
45537,12032,,
45538,12032,,
45539,12032,,
45540,12032,,
45541,12032,,
45542,12032,,
45543,12032,,
45544,12032,,
45545,12032,,
45546,12032,,
45547,12032,,
45548,12032,,
45549,12032,,
45550,12032,,
45551,12032,,
45552,12032,,
45553,12032,,
45554,12032,,
45555,12032,,
45556,12032,,
45557,12032,,
45558,12032,,
45559,12032,,
45560,12032,,
45561,12032,,
45562,12032,,
45563,12032,,
45564,12032,,
45565,12032,,
45566,12032,,
45567,12032,,
45568,12032,,
45569,12032,,
45570,12032,,
45571,12032,,
45572,12032,,
45573,12032,,
45574,12032,,
45575,12032,,
45576,12032,,
45577,12032,,
45578,12032,,
45579,12032,,
45580,12032,,
45581,12032,,
45582,12032,,
45583,12032,,
45584,12032,,
45585,12032,,
45586,12032,,
45587,12032,,
45588,12032,,
45589,12032,,
45590,12032,,
45591,12032,,
45592,12032,,
45593,12032,,
45594,12032,,
45595,12032,,
45596,12032,,
45597,12032,,
45598,12032,,
45599,12032,,
45600,12032,,
45601,12032,,
45602,12032,,
45603,12032,,
45604,12032,,
45605,12032,,
45606,12032,,
45607,12032,,
45608,12032,,
45609,12032,,
45610,12032,,
45611,12032,,
45612,12032,,
45613,12032,,
45614,12032,,
45615,12032,,
45616,12032,,
45617,12032,,
45618,12032,,
45619,12032,,
45620,12032,,
45621,12032,,
45622,12032,,
45623,12032,,
45624,12032,,
45625,12032,,
45626,12032,,
45627,12032,,
45628,12032,,
45629,12032,,
45630,12032,,
45631,12032,,
45632,12032,,
45633,12032,,
45634,12032,,
45635,12032,,
45636,12032,,
45637,12032,,
45638,12032,,
45639,12032,,
45640,12032,,
45641,12032,,
45642,12032,,
45643,12032,,
45644,12032,,
45645,12032,,
45646,12032,,
45647,12032,,
45648,12032,,
45649,12032,,
45650,12032,,
45651,12032,,
45652,12032,,
45653,12032,,
45654,12032,,
45655,12032,,
45656,12032,,
45657,12032,,
45658,12032,,
45659,12032,,
45660,12032,,
45661,12032,,
45662,12032,,
45663,12032,,
45664,12032,,
45665,12032,,
45666,12032,,
45667,12032,,
45668,12032,,
45669,12032,,
45670,12032,,
45671,12032,,
45672,12032,,
45673,12032,,
45674,12032,,
45675,12032,,
45676,12032,,
45677,12032,,
45678,12032,,
45679,12032,,
45680,12032,,
45681,12032,,
45682,12032,,
45683,12032,,
45684,12032,,
45685,12032,,
45686,12032,,
45687,12032,,
45688,12032,,
45689,12032,,
45690,12032,,
45691,12032,,
45692,12032,,
45693,12032,,
45694,12032,,
45695,12032,,
45696,12032,,
45697,12032,,
45698,12032,,
45699,12032,,
45700,12032,,
45701,12032,,
45702,12032,,
45703,12032,,
45704,12032,,
45705,12032,,
45706,12032,,
45707,12032,,
45708,12032,,
45709,12032,,
45710,12032,,
45711,12032,,
45712,12032,,
45713,12032,,
45714,12032,,
45715,12032,,
45716,12032,,
45717,12032,,
45718,12032,,
45719,12032,,
45720,12032,,
45721,12032,,
45722,12032,,
45723,12032,,
45724,12032,,
45725,12032,,
45726,12032,,
45727,12032,,
45728,12032,,
45729,12032,,
45730,12032,,
45731,12032,,
45732,12032,,
45733,12032,,
45734,12032,,
45735,12032,,
45736,12032,,
45737,12032,,
45738,12032,,
45739,12032,,
45740,12032,,
45741,12032,,
45742,12032,,
45743,12032,,
45744,12032,,
45745,12032,,
45746,12032,,
45747,12032,,
45748,12032,,
45749,12032,,
45750,12032,,
45751,12032,,
45752,12032,,
45753,12032,,
45754,12032,,
45755,12032,,
45756,12032,,
45757,12032,,
45758,12032,,
45759,12032,,
45760,12032,,
45761,12032,,
45762,12032,,
45763,12032,,
45764,12032,,
45765,12032,,
45766,12032,,
45767,12032,,
45768,12032,,
45769,12032,,
45770,12032,,
45771,12032,,
45772,12032,,
45773,12032,,
45774,12032,,
45775,12032,,
45776,12032,,
45777,12032,,
45778,12032,,
45779,12032,,
45780,12032,,
45781,12032,,
45782,12032,,
45783,12032,,
45784,12032,,
45785,12032,,
45786,12032,,
45787,12032,,
45788,12032,,
45789,12032,,
45790,12032,,
45791,12032,,
45792,12032,,
45793,12032,,
45794,12032,,
45795,12032,,
45796,12032,,
45797,12032,,
45798,12032,,
45799,12032,,
45800,12032,,
45801,12032,,
45802,12032,,
45803,12032,,
45804,12032,,
45805,12032,,
45806,12032,,
45807,12032,,
45808,12032,,
45809,12032,,
45810,12032,,
45811,12032,,
45812,12032,,
45813,12032,,
45814,12032,,
45815,12032,,
45816,12032,,
45817,12032,,
45818,12032,,
45819,12032,,
45820,12032,,
45821,12032,,
45822,12032,,
45823,12032,,
45824,12032,,
45825,12032,,
45826,12032,,
45827,12032,,
45828,12032,,
45829,12032,,
45830,12032,,
45831,12032,,
45832,12032,,
45833,12032,,
45834,12032,,
45835,12032,,
45836,12032,,
45837,12032,,
45838,12032,,
45839,12032,,
45840,12032,,
45841,12032,,
45842,12032,,
45843,12032,,
45844,12032,,
45845,12032,,
45846,12032,,
45847,12032,,
45848,12032,,
45849,12032,,
45850,12032,,
45851,12032,,
45852,12032,,
45853,12032,,
45854,12032,,
45855,12032,,
45856,12032,,
45857,12032,,
45858,12032,,
45859,12032,,
45860,12032,,
45861,12032,,
45862,12032,,
45863,12032,,
45864,12032,,
45865,12032,,
45866,12032,,
45867,12032,,
45868,12032,,
45869,12032,,
45870,12032,,
45871,12032,,
45872,12032,,
45873,12032,,
45874,12032,,
45875,12032,,
45876,12032,,
45877,12032,,
45878,12032,,
45879,12032,,
45880,12032,,
45881,12032,,
45882,12032,,
45883,12032,,
45884,12032,,
45885,12032,,
45886,12032,,
45887,12032,,
45888,12032,,
45889,12032,,
45890,12032,,
45891,12032,,
45892,12032,,
45893,12032,,
45894,12032,,
45895,12032,,
45896,12032,,
45897,12032,,
45898,12032,,
45899,12032,,
45900,12032,,
45901,12032,,
45902,12032,,
45903,12032,,
45904,12032,,
45905,12032,,
45906,12032,,
45907,12032,,
45908,12032,,
45909,12032,,
45910,12032,,
45911,12032,,
45912,12032,,
45913,12032,,
45914,12032,,
45915,12032,,
45916,12032,,
45917,12032,,
45918,12032,,
45919,12032,,
45920,12032,,
45921,12032,,
45922,12032,,
45923,12032,,
45924,12032,,
45925,12032,,
45926,12032,,
45927,12032,,
45928,12032,,
45929,12032,,
45930,12032,,
45931,12032,,
45932,12032,,
45933,12032,,
45934,12032,,
45935,12032,,
45936,12032,,
45937,12032,,
45938,12032,,
45939,12032,,
45940,12032,,
45941,12032,,
45942,12032,,
45943,12032,,
45944,12032,,
45945,12032,,
45946,12032,,
45947,12032,,
45948,12032,,
45949,12032,,
45950,12032,,
45951,12032,,
45952,12032,,
45953,12032,,
45954,12032,,
45955,12032,,
45956,12032,,
45957,12032,,
45958,12032,,
45959,12032,,
45960,12032,,
45961,12032,,
45962,12032,,
45963,12032,,
45964,12032,,
45965,12032,,
45966,12032,,
45967,12032,,
45968,12032,,
45969,12032,,
45970,12032,,
45971,12032,,
45972,12032,,
45973,12032,,
45974,12032,,
45975,12032,,
45976,12032,,
45977,12032,,
45978,12032,,
45979,12032,,
45980,12032,,
45981,12032,,
45982,12032,,
45983,12032,,
45984,12032,,
45985,12032,,
45986,12032,,
45987,12032,,
45988,12032,,
45989,12032,,
45990,12032,,
45991,12032,,
45992,12032,,
45993,12032,,
45994,12032,,
45995,12032,,
45996,12032,,
45997,12032,,
45998,12032,,
45999,12032,,
46000,12032,,
46001,12032,,
46002,12032,,
46003,12032,,
46004,12032,,
46005,12032,,
46006,12032,,
46007,12032,,
46008,12032,,
46009,12032,,
46010,12032,,
46011,12032,,
46012,12032,,
46013,12032,,
46014,12032,,
46015,12032,,
46016,12032,,
46017,12032,,
46018,12032,,
46019,12032,,
46020,12032,,
46021,12032,,
46022,12032,,
46023,12032,,
46024,12032,,
46025,12032,,
46026,12032,,
46027,12032,,
46028,12032,,
46029,12032,,
46030,12032,,
46031,12032,,
46032,12032,,
46033,12032,,
46034,12032,,
46035,12032,,
46036,12032,,
46037,12032,,
46038,12032,,
46039,12032,,
46040,12032,,
46041,12032,,
46042,12032,,
46043,12032,,
46044,12032,,
46045,12032,,
46046,12032,,
46047,12032,,
46048,12032,,
46049,12032,,
46050,12032,,
46051,12032,,
46052,12032,,
46053,12032,,
46054,12032,,
46055,12032,,
46056,12032,,
46057,12032,,
46058,12032,,
46059,12032,,
46060,12032,,
46061,12032,,
46062,12032,,
46063,12032,,
46064,12032,,
46065,12032,,
46066,12032,,
46067,12032,,
46068,12032,,
46069,12032,,
46070,12032,,
46071,12032,,
46072,12032,,
46073,12032,,
46074,12032,,
46075,12032,,
46076,12032,,
46077,12032,,
46078,12032,,
46079,12032,,
46080,12032,,
46081,12032,,
46082,12032,,
46083,12032,,
46084,12032,,
46085,12032,,
46086,12032,,
46087,12032,,
46088,12032,,
46089,12032,,
46090,12032,,
46091,12032,,
46092,12032,,
46093,12032,,
46094,12032,,
46095,12032,,
46096,12032,,
46097,12032,,
46098,12032,,
46099,12032,,
46100,12032,,
46101,12032,,
46102,12032,,
46103,12032,,
46104,12032,,
46105,12032,,
46106,12032,,
46107,12032,,
46108,12032,,
46109,12032,,
46110,12032,,
46111,12032,,
46112,12032,,
46113,12032,,
46114,12032,,
46115,12032,,
46116,12032,,
46117,12032,,
46118,12032,,
46119,12032,,
46120,12032,,
46121,12032,,
46122,12032,,
46123,12032,,
46124,12032,,
46125,12032,,
46126,12032,,
46127,12032,,
46128,12032,,
46129,12032,,
46130,12032,,
46131,12032,,
46132,12032,,
46133,12032,,
46134,12032,,
46135,12032,,
46136,12032,,
46137,12032,,
46138,12032,,
46139,12032,,
46140,12032,,
46141,12032,,
46142,12032,,
46143,12032,,
46144,12032,,
46145,12032,,
46146,12032,,
46147,12032,,
46148,12032,,
46149,12032,,
46150,12032,,
46151,12032,,
46152,12032,,
46153,12032,,
46154,12032,,
46155,12032,,
46156,12032,,
46157,12032,,
46158,12032,,
46159,12032,,
46160,12032,,
46161,12032,,
46162,12032,,
46163,12032,,
46164,12032,,
46165,12032,,
46166,12032,,
46167,12032,,
46168,12032,,
46169,12032,,
46170,12032,,
46171,12032,,
46172,12032,,
46173,12032,,
46174,12032,,
46175,12032,,
46176,12032,,
46177,12032,,
46178,12032,,
46179,12032,,
46180,12032,,
46181,12032,,
46182,12032,,
46183,12032,,
46184,12032,,
46185,12032,,
46186,12032,,
46187,12032,,
46188,12032,,
46189,12032,,
46190,12032,,
46191,12032,,
46192,12032,,
46193,12032,,
46194,12032,,
46195,12032,,
46196,12032,,
46197,12032,,
46198,12032,,
46199,12032,,
46200,12032,,
46201,12032,,
46202,12032,,
46203,12032,,
46204,12032,,
46205,12032,,
46206,12032,,
46207,12032,,
46208,12032,,
46209,12032,,
46210,12032,,
46211,12032,,
46212,12032,,
46213,12032,,
46214,12032,,
46215,12032,,
46216,12032,,
46217,12032,,
46218,12032,,
46219,12032,,
46220,12032,,
46221,12032,,
46222,12032,,
46223,12032,,
46224,12032,,
46225,12032,,
46226,12032,,
46227,12032,,
46228,12032,,
46229,12032,,
46230,12032,,
46231,12032,,
46232,12032,,
46233,12032,,
46234,12032,,
46235,12032,,
46236,12032,,
46237,12032,,
46238,12032,,
46239,12032,,
46240,12032,,
46241,12032,,
46242,12032,,
46243,12032,,
46244,12032,,
46245,12032,,
46246,12032,,
46247,12032,,
46248,12032,,
46249,12032,,
46250,12032,,
46251,12032,,
46252,12032,,
46253,12032,,
46254,12032,,
46255,12032,,
46256,12032,,
46257,12032,,
46258,12032,,
46259,12032,,
46260,12032,,
46261,12032,,
46262,12032,,
46263,12032,,
46264,12032,,
46265,12032,,
46266,12032,,
46267,12032,,
46268,12032,,
46269,12032,,
46270,12032,,
46271,12032,,
46272,12032,,
46273,12032,,
46274,12032,,
46275,12032,,
46276,12032,,
46277,12032,,
46278,12032,,
46279,12032,,
46280,12032,,
46281,12032,,
46282,12032,,
46283,12032,,
46284,12032,,
46285,12032,,
46286,12032,,
46287,12032,,
46288,12032,,
46289,12032,,
46290,12032,,
46291,12032,,
46292,12032,,
46293,12032,,
46294,12032,,
46295,12032,,
46296,12032,,
46297,12032,,
46298,12032,,
46299,12032,,
46300,12032,,
46301,12032,,
46302,12032,,
46303,12032,,
46304,12032,,
46305,12032,,
46306,12032,,
46307,12032,,
46308,12032,,
46309,12032,,
46310,12032,,
46311,12032,,
46312,12032,,
46313,12032,,
46314,12032,,
46315,12032,,
46316,12032,,
46317,12032,,
46318,12032,,
46319,12032,,
46320,12032,,
46321,12032,,
46322,12032,,
46323,12032,,
46324,12032,,
46325,12032,,
46326,12032,,
46327,12032,,
46328,12032,,
46329,12032,,
46330,12032,,
46331,12032,,
46332,12032,,
46333,12032,,
46334,12032,,
46335,12032,,
46336,12032,,
46337,12032,,
46338,12032,,
46339,12032,,
46340,12032,,
46341,12032,,
46342,12032,,
46343,12032,,
46344,12032,,
46345,12032,,
46346,12032,,
46347,12032,,
46348,12032,,
46349,12032,,
46350,12032,,
46351,12032,,
46352,12032,,
46353,12032,,
46354,12032,,
46355,12032,,
46356,12032,,
46357,12032,,
46358,12032,,
46359,12032,,
46360,12032,,
46361,12032,,
46362,12032,,
46363,12032,,
46364,12032,,
46365,12032,,
46366,12032,,
46367,12032,,
46368,12032,,
46369,12032,,
46370,12032,,
46371,12032,,
46372,12032,,
46373,12032,,
46374,12032,,
46375,12032,,
46376,12032,,
46377,12032,,
46378,12032,,
46379,12032,,
46380,12032,,
46381,12032,,
46382,12032,,
46383,12032,,
46384,12032,,
46385,12032,,
46386,12032,,
46387,12032,,
46388,12032,,
46389,12032,,
46390,12032,,
46391,12032,,
46392,12032,,
46393,12032,,
46394,12032,,
46395,12032,,
46396,12032,,
46397,12032,,
46398,12032,,
46399,12032,,
46400,12032,,
46401,12032,,
46402,12032,,
46403,12032,,
46404,12032,,
46405,12032,,
46406,12032,,
46407,12032,,
46408,12032,,
46409,12032,,
46410,12032,,
46411,12032,,
46412,12032,,
46413,12032,,
46414,12032,,
46415,12032,,
46416,12032,,
46417,12032,,
46418,12032,,
46419,12032,,
46420,12032,,
46421,12032,,
46422,12032,,
46423,12032,,
46424,12032,,
46425,12032,,
46426,12032,,
46427,12032,,
46428,12032,,
46429,12032,,
46430,12032,,
46431,12032,,
46432,12032,,
46433,12032,,
46434,12032,,
46435,12032,,
46436,12032,,
46437,12032,,
46438,12032,,
46439,12032,,
46440,12032,,
46441,12032,,
46442,12032,,
46443,12032,,
46444,12032,,
46445,12032,,
46446,12032,,
46447,12032,,
46448,12032,,
46449,12032,,
46450,12032,,
46451,12032,,
46452,12032,,
46453,12032,,
46454,12032,,
46455,12032,,
46456,12032,,
46457,12032,,
46458,12032,,
46459,12032,,
46460,12032,,
46461,12032,,
46462,12032,,
46463,12032,,
46464,12032,,
46465,12032,,
46466,12032,,
46467,12032,,
46468,12032,,
46469,12032,,
46470,12032,,
46471,12032,,
46472,12032,,
46473,12032,,
46474,12032,,
46475,12032,,
46476,12032,,
46477,12032,,
46478,12032,,
46479,12032,,
46480,12032,,
46481,12032,,
46482,12032,,
46483,12032,,
46484,12032,,
46485,12032,,
46486,12032,,
46487,12032,,
46488,12032,,
46489,12032,,
46490,12032,,
46491,12032,,
46492,12032,,
46493,12032,,
46494,12032,,
46495,12032,,
46496,12032,,
46497,12032,,
46498,12032,,
46499,12032,,
46500,12032,,
46501,12032,,
46502,12032,,
46503,12032,,
46504,12032,,
46505,12032,,
46506,12032,,
46507,12032,,
46508,12032,,
46509,12032,,
46510,12032,,
46511,12032,,
46512,12032,,
46513,12032,,
46514,12032,,
46515,12032,,
46516,12032,,
46517,12032,,
46518,12032,,
46519,12032,,
46520,12032,,
46521,12032,,
46522,12032,,
46523,12032,,
46524,12032,,
46525,12032,,
46526,12032,,
46527,12032,,
46528,12032,,
46529,12032,,
46530,12032,,
46531,12032,,
46532,12032,,
46533,12032,,
46534,12032,,
46535,12032,,
46536,12032,,
46537,12032,,
46538,12032,,
46539,12032,,
46540,12032,,
46541,12032,,
46542,12032,,
46543,12032,,
46544,12032,,
46545,12032,,
46546,12032,,
46547,12032,,
46548,12032,,
46549,12032,,
46550,12032,,
46551,12032,,
46552,12032,,
46553,12032,,
46554,12032,,
46555,12032,,
46556,12032,,
46557,12032,,
46558,12032,,
46559,12032,,
46560,12032,,
46561,12032,,
46562,12032,,
46563,12032,,
46564,12032,,
46565,12032,,
46566,12032,,
46567,12032,,
46568,12032,,
46569,12032,,
46570,12032,,
46571,12032,,
46572,12032,,
46573,12032,,
46574,12032,,
46575,12032,,
46576,12032,,
46577,12032,,
46578,12032,,
46579,12032,,
46580,12032,,
46581,12032,,
46582,12032,,
46583,12032,,
46584,12032,,
46585,12032,,
46586,12032,,
46587,12032,,
46588,12032,,
46589,12032,,
46590,12032,,
46591,12032,,
46592,12032,,
46593,12032,,
46594,12032,,
46595,12032,,
46596,12032,,
46597,12032,,
46598,12032,,
46599,12032,,
46600,12032,,
46601,12032,,
46602,12032,,
46603,12032,,
46604,12032,,
46605,12032,,
46606,12032,,
46607,12032,,
46608,12032,,
46609,12032,,
46610,12032,,
46611,12032,,
46612,12032,,
46613,12032,,
46614,12032,,
46615,12032,,
46616,12032,,
46617,12032,,
46618,12032,,
46619,12032,,
46620,12032,,
46621,12032,,
46622,12032,,
46623,12032,,
46624,12032,,
46625,12032,,
46626,12032,,
46627,12032,,
46628,12032,,
46629,12032,,
46630,12032,,
46631,12032,,
46632,12032,,
46633,12032,,
46634,12032,,
46635,12032,,
46636,12032,,
46637,12032,,
46638,12032,,
46639,12032,,
46640,12032,,
46641,12032,,
46642,12032,,
46643,12032,,
46644,12032,,
46645,12032,,
46646,12032,,
46647,12032,,
46648,12032,,
46649,12032,,
46650,12032,,
46651,12032,,
46652,12032,,
46653,12032,,
46654,12032,,
46655,12032,,
46656,12032,,
46657,12032,,
46658,12032,,
46659,12032,,
46660,12032,,
46661,12032,,
46662,12032,,
46663,12032,,
46664,12032,,
46665,12032,,
46666,12032,,
46667,12032,,
46668,12032,,
46669,12032,,
46670,12032,,
46671,12032,,
46672,12032,,
46673,12032,,
46674,12032,,
46675,12032,,
46676,12032,,
46677,12032,,
46678,12032,,
46679,12032,,
46680,12032,,
46681,12032,,
46682,12032,,
46683,12032,,
46684,12032,,
46685,12032,,
46686,12032,,
46687,12032,,
46688,12032,,
46689,12032,,
46690,12032,,
46691,12032,,
46692,12032,,
46693,12032,,
46694,12032,,
46695,12032,,
46696,12032,,
46697,12032,,
46698,12032,,
46699,12032,,
46700,12032,,
46701,12032,,
46702,12032,,
46703,12032,,
46704,12032,,
46705,12032,,
46706,12032,,
46707,12032,,
46708,12032,,
46709,12032,,
46710,12032,,
46711,12032,,
46712,12032,,
46713,12032,,
46714,12032,,
46715,12032,,
46716,12032,,
46717,12032,,
46718,12032,,
46719,12032,,
46720,12032,,
46721,12032,,
46722,12032,,
46723,12032,,
46724,12032,,
46725,12032,,
46726,12032,,
46727,12032,,
46728,12032,,
46729,12032,,
46730,12032,,
46731,12032,,
46732,12032,,
46733,12032,,
46734,12032,,
46735,12032,,
46736,12032,,
46737,12032,,
46738,12032,,
46739,12032,,
46740,12032,,
46741,12032,,
46742,12032,,
46743,12032,,
46744,12032,,
46745,12032,,
46746,12032,,
46747,12032,,
46748,12032,,
46749,12032,,
46750,12032,,
46751,12032,,
46752,12032,,
46753,12032,,
46754,12032,,
46755,12032,,
46756,12032,,
46757,12032,,
46758,12032,,
46759,12032,,
46760,12032,,
46761,12032,,
46762,12032,,
46763,12032,,
46764,12032,,
46765,12032,,
46766,12032,,
46767,12032,,
46768,12032,,
46769,12032,,
46770,12032,,
46771,12032,,
46772,12032,,
46773,12032,,
46774,12032,,
46775,12032,,
46776,12032,,
46777,12032,,
46778,12032,,
46779,12032,,
46780,12032,,
46781,12032,,
46782,12032,,
46783,12032,,
46784,12032,,
46785,12032,,
46786,12032,,
46787,12032,,
46788,12032,,
46789,12032,,
46790,12032,,
46791,12032,,
46792,12032,,
46793,12032,,
46794,12032,,
46795,12032,,
46796,12032,,
46797,12032,,
46798,12032,,
46799,12032,,
46800,12032,,
46801,12032,,
46802,12032,,
46803,12032,,
46804,12032,,
46805,12032,,
46806,12032,,
46807,12032,,
46808,12032,,
46809,12032,,
46810,12032,,
46811,12032,,
46812,12032,,
46813,12032,,
46814,12032,,
46815,12032,,
46816,12032,,
46817,12032,,
46818,12032,,
46819,12032,,
46820,12032,,
46821,12032,,
46822,12032,,
46823,12032,,
46824,12032,,
46825,12032,,
46826,12032,,
46827,12032,,
46828,12032,,
46829,12032,,
46830,12032,,
46831,12032,,
46832,12032,,
46833,12032,,
46834,12032,,
46835,12032,,
46836,12032,,
46837,12032,,
46838,12032,,
46839,12032,,
46840,12032,,
46841,12032,,
46842,12032,,
46843,12032,,
46844,12032,,
46845,12032,,
46846,12032,,
46847,12032,,
46848,12032,,
46849,12032,,
46850,12032,,
46851,12032,,
46852,12032,,
46853,12032,,
46854,12032,,
46855,12032,,
46856,12032,,
46857,12032,,
46858,12032,,
46859,12032,,
46860,12032,,
46861,12032,,
46862,12032,,
46863,12032,,
46864,12032,,
46865,12032,,
46866,12032,,
46867,12032,,
46868,12032,,
46869,12032,,
46870,12032,,
46871,12032,,
46872,12032,,
46873,12032,,
46874,12032,,
46875,12032,,
46876,12032,,
46877,12032,,
46878,12032,,
46879,12032,,
46880,12032,,
46881,12032,,
46882,12032,,
46883,12032,,
46884,12032,,
46885,12032,,
46886,12032,,
46887,12032,,
46888,12032,,
46889,12032,,
46890,12032,,
46891,12032,,
46892,12032,,
46893,12032,,
46894,12032,,
46895,12032,,
46896,12032,,
46897,12032,,
46898,12032,,
46899,12032,,
46900,12032,,
46901,12032,,
46902,12032,,
46903,12032,,
46904,12032,,
46905,12032,,
46906,12032,,
46907,12032,,
46908,12032,,
46909,12032,,
46910,12032,,
46911,12032,,
46912,12032,,
46913,12032,,
46914,12032,,
46915,12032,,
46916,12032,,
46917,12032,,
46918,12032,,
46919,12032,,
46920,12032,,
46921,12032,,
46922,12032,,
46923,12032,,
46924,12032,,
46925,12032,,
46926,12032,,
46927,12032,,
46928,12032,,
46929,12032,,
46930,12032,,
46931,12032,,
46932,12032,,
46933,12032,,
46934,12032,,
46935,12032,,
46936,12032,,
46937,12032,,
46938,12032,,
46939,12032,,
46940,12032,,
46941,12032,,
46942,12032,,
46943,12032,,
46944,12032,,
46945,12032,,
46946,12032,,
46947,12032,,
46948,12032,,
46949,12032,,
46950,12032,,
46951,12032,,
46952,12032,,
46953,12032,,
46954,12032,,
46955,12032,,
46956,12032,,
46957,12032,,
46958,12032,,
46959,12032,,
46960,12032,,
46961,12032,,
46962,12032,,
46963,12032,,
46964,12032,,
46965,12032,,
46966,12032,,
46967,12032,,
46968,12032,,
46969,12032,,
46970,12032,,
46971,12032,,
46972,12032,,
46973,12032,,
46974,12032,,
46975,12032,,
46976,12032,,
46977,12032,,
46978,12032,,
46979,12032,,
46980,12032,,
46981,12032,,
46982,12032,,
46983,12032,,
46984,12032,,
46985,12032,,
46986,12032,,
46987,12032,,
46988,12032,,
46989,12032,,
46990,12032,,
46991,12032,,
46992,12032,,
46993,12032,,
46994,12032,,
46995,12032,,
46996,12032,,
46997,12032,,
46998,12032,,
46999,12032,,
47000,12032,,
47001,12032,,
47002,12032,,
47003,12032,,
47004,12032,,
47005,12032,,
47006,12032,,
47007,12032,,
47008,12032,,
47009,12032,,
47010,12032,,
47011,12032,,
47012,12032,,
47013,12032,,
47014,12032,,
47015,12032,,
47016,12032,,
47017,12032,,
47018,12032,,
47019,12032,,
47020,12032,,
47021,12032,,
47022,12032,,
47023,12032,,
47024,12032,,
47025,12032,,
47026,12032,,
47027,12032,,
47028,12032,,
47029,12032,,
47030,12032,,
47031,12032,,
47032,12032,,
47033,12032,,
47034,12032,,
47035,12032,,
47036,12032,,
47037,12032,,
47038,12032,,
47039,12032,,
47040,12032,,
47041,12032,,
47042,12032,,
47043,12032,,
47044,12032,,
47045,12032,,
47046,12032,,
47047,12032,,
47048,12032,,
47049,12032,,
47050,12032,,
47051,12032,,
47052,12032,,
47053,12032,,
47054,12032,,
47055,12032,,
47056,12032,,
47057,12032,,
47058,12032,,
47059,12032,,
47060,12032,,
47061,12032,,
47062,12032,,
47063,12032,,
47064,12032,,
47065,12032,,
47066,12032,,
47067,12032,,
47068,12032,,
47069,12032,,
47070,12032,,
47071,12032,,
47072,12032,,
47073,12032,,
47074,12032,,
47075,12032,,
47076,12032,,
47077,12032,,
47078,12032,,
47079,12032,,
47080,12032,,
47081,12032,,
47082,12032,,
47083,12032,,
47084,12032,,
47085,12032,,
47086,12032,,
47087,12032,,
47088,12032,,
47089,12032,,
47090,12032,,
47091,12032,,
47092,12032,,
47093,12032,,
47094,12032,,
47095,12032,,
47096,12032,,
47097,12032,,
47098,12032,,
47099,12032,,
47100,12032,,
47101,12032,,
47102,12032,,
47103,12032,,
47104,12032,,
47105,12032,,
47106,12032,,
47107,12032,,
47108,12032,,
47109,12032,,
47110,12032,,
47111,12032,,
47112,12032,,
47113,12032,,
47114,12032,,
47115,12032,,
47116,12032,,
47117,12032,,
47118,12032,,
47119,12032,,
47120,12032,,
47121,12032,,
47122,12032,,
47123,12032,,
47124,12032,,
47125,12032,,
47126,12032,,
47127,12032,,
47128,12032,,
47129,12032,,
47130,12032,,
47131,12032,,
47132,12032,,
47133,12032,,
47134,12032,,
47135,12032,,
47136,12032,,
47137,12032,,
47138,12032,,
47139,12032,,
47140,12032,,
47141,12032,,
47142,12032,,
47143,12032,,
47144,12032,,
47145,12032,,
47146,12032,,
47147,12032,,
47148,12032,,
47149,12032,,
47150,12032,,
47151,12032,,
47152,12032,,
47153,12032,,
47154,12032,,
47155,12032,,
47156,12032,,
47157,12032,,
47158,12032,,
47159,12032,,
47160,12032,,
47161,12032,,
47162,12032,,
47163,12032,,
47164,12032,,
47165,12032,,
47166,12032,,
47167,12032,,
47168,12032,,
47169,12032,,
47170,12032,,
47171,12032,,
47172,12032,,
47173,12032,,
47174,12032,,
47175,12032,,
47176,12032,,
47177,12032,,
47178,12032,,
47179,12032,,
47180,12032,,
47181,12032,,
47182,12032,,
47183,12032,,
47184,12032,,
47185,12032,,
47186,12032,,
47187,12032,,
47188,12032,,
47189,12032,,
47190,12032,,
47191,12032,,
47192,12032,,
47193,12032,,
47194,12032,,
47195,12032,,
47196,12032,,
47197,12032,,
47198,12032,,
47199,12032,,
47200,12032,,
47201,12032,,
47202,12032,,
47203,12032,,
47204,12032,,
47205,12032,,
47206,12032,,
47207,12032,,
47208,12032,,
47209,12032,,
47210,12032,,
47211,12032,,
47212,12032,,
47213,12032,,
47214,12032,,
47215,12032,,
47216,12032,,
47217,12032,,
47218,12032,,
47219,12032,,
47220,12032,,
47221,12032,,
47222,12032,,
47223,12032,,
47224,12032,,
47225,12032,,
47226,12032,,
47227,12032,,
47228,12032,,
47229,12032,,
47230,12032,,
47231,12032,,
47232,12032,,
47233,12032,,
47234,12032,,
47235,12032,,
47236,12032,,
47237,12032,,
47238,12032,,
47239,12032,,
47240,12032,,
47241,12032,,
47242,12032,,
47243,12032,,
47244,12032,,
47245,12032,,
47246,12032,,
47247,12032,,
47248,12032,,
47249,12032,,
47250,12032,,
47251,12032,,
47252,12032,,
47253,12032,,
47254,12032,,
47255,12032,,
47256,12032,,
47257,12032,,
47258,12032,,
47259,12032,,
47260,12032,,
47261,12032,,
47262,12032,,
47263,12032,,
47264,12032,,
47265,12032,,
47266,12032,,
47267,12032,,
47268,12032,,
47269,12032,,
47270,12032,,
47271,12032,,
47272,12032,,
47273,12032,,
47274,12032,,
47275,12032,,
47276,12032,,
47277,12032,,
47278,12032,,
47279,12032,,
47280,12032,,
47281,12032,,
47282,12032,,
47283,12032,,
47284,12032,,
47285,12032,,
47286,12032,,
47287,12032,,
47288,12032,,
47289,12032,,
47290,12032,,
47291,12032,,
47292,12032,,
47293,12032,,
47294,12032,,
47295,12032,,
47296,12032,,
47297,12032,,
47298,12032,,
47299,12032,,
47300,12032,,
47301,12032,,
47302,12032,,
47303,12032,,
47304,12032,,
47305,12032,,
47306,12032,,
47307,12032,,
47308,12032,,
47309,12032,,
47310,12032,,
47311,12032,,
47312,12032,,
47313,12032,,
47314,12032,,
47315,12032,,
47316,12032,,
47317,12032,,
47318,12032,,
47319,12032,,
47320,12032,,
47321,12032,,
47322,12032,,
47323,12032,,
47324,12032,,
47325,12032,,
47326,12032,,
47327,12032,,
47328,12032,,
47329,12032,,
47330,12032,,
47331,12032,,
47332,12032,,
47333,12032,,
47334,12032,,
47335,12032,,
47336,12032,,
47337,12032,,
47338,12032,,
47339,12032,,
47340,12032,,
47341,12032,,
47342,12032,,
47343,12032,,
47344,12032,,
47345,12032,,
47346,12032,,
47347,12032,,
47348,12032,,
47349,12032,,
47350,12032,,
47351,12032,,
47352,12032,,
47353,12032,,
47354,12032,,
47355,12032,,
47356,12032,,
47357,12032,,
47358,12032,,
47359,12032,,
47360,12032,,
47361,12032,,
47362,12032,,
47363,12032,,
47364,12032,,
47365,12032,,
47366,12032,,
47367,12032,,
47368,12032,,
47369,12032,,
47370,12032,,
47371,12032,,
47372,12032,,
47373,12032,,
47374,12032,,
47375,12032,,
47376,12032,,
47377,12032,,
47378,12032,,
47379,12032,,
47380,12032,,
47381,12032,,
47382,12032,,
47383,12032,,
47384,12032,,
47385,12032,,
47386,12032,,
47387,12032,,
47388,12032,,
47389,12032,,
47390,12032,,
47391,12032,,
47392,12032,,
47393,12032,,
47394,12032,,
47395,12032,,
47396,12032,,
47397,12032,,
47398,12032,,
47399,12032,,
47400,12032,,
47401,12032,,
47402,12032,,
47403,12032,,
47404,12032,,
47405,12032,,
47406,12032,,
47407,12032,,
47408,12032,,
47409,12032,,
47410,12032,,
47411,12032,,
47412,12032,,
47413,12032,,
47414,12032,,
47415,12032,,
47416,12032,,
47417,12032,,
47418,12032,,
47419,12032,,
47420,12032,,
47421,12032,,
47422,12032,,
47423,12032,,
47424,12032,,
47425,12032,,
47426,12032,,
47427,12032,,
47428,12032,,
47429,12032,,
47430,12032,,
47431,12032,,
47432,12032,,
47433,12032,,
47434,12032,,
47435,12032,,
47436,12032,,
47437,12032,,
47438,12032,,
47439,12032,,
47440,12032,,
47441,12032,,
47442,12032,,
47443,12032,,
47444,12032,,
47445,12032,,
47446,12032,,
47447,12032,,
47448,12032,,
47449,12032,,
47450,12032,,
47451,12032,,
47452,12032,,
47453,12032,,
47454,12032,,
47455,12032,,
47456,12032,,
47457,12032,,
47458,12032,,
47459,12032,,
47460,12032,,
47461,12032,,
47462,12032,,
47463,12032,,
47464,12032,,
47465,12032,,
47466,12032,,
47467,12032,,
47468,12032,,
47469,12032,,
47470,12032,,
47471,12032,,
47472,12032,,
47473,12032,,
47474,12032,,
47475,12032,,
47476,12032,,
47477,12032,,
47478,12032,,
47479,12032,,
47480,12032,,
47481,12032,,
47482,12032,,
47483,12032,,
47484,12032,,
47485,12032,,
47486,12032,,
47487,12032,,
47488,12032,,
47489,12032,,
47490,12032,,
47491,12032,,
47492,12032,,
47493,12032,,
47494,12032,,
47495,12032,,
47496,12032,,
47497,12032,,
47498,12032,,
47499,12032,,
47500,12032,,
47501,12032,,
47502,12032,,
47503,12032,,
47504,12032,,
47505,12032,,
47506,12032,,
47507,12032,,
47508,12032,,
47509,12032,,
47510,12032,,
47511,12032,,
47512,12032,,
47513,12032,,
47514,12032,,
47515,12032,,
47516,12032,,
47517,12032,,
47518,12032,,
47519,12032,,
47520,12032,,
47521,12032,,
47522,12032,,
47523,12032,,
47524,12032,,
47525,12032,,
47526,12032,,
47527,12032,,
47528,12032,,
47529,12032,,
47530,12032,,
47531,12032,,
47532,12032,,
47533,12032,,
47534,12032,,
47535,12032,,
47536,12032,,
47537,12032,,
47538,12032,,
47539,12032,,
47540,12032,,
47541,12032,,
47542,12032,,
47543,12032,,
47544,12032,,
47545,12032,,
47546,12032,,
47547,12032,,
47548,12032,,
47549,12032,,
47550,12032,,
47551,12032,,
47552,12032,,
47553,12032,,
47554,12032,,
47555,12032,,
47556,12032,,
47557,12032,,
47558,12032,,
47559,12032,,
47560,12032,,
47561,12032,,
47562,12032,,
47563,12032,,
47564,12032,,
47565,12032,,
47566,12032,,
47567,12032,,
47568,12032,,
47569,12032,,
47570,12032,,
47571,12032,,
47572,12032,,
47573,12032,,
47574,12032,,
47575,12032,,
47576,12032,,
47577,12032,,
47578,12032,,
47579,12032,,
47580,12032,,
47581,12032,,
47582,12032,,
47583,12032,,
47584,12032,,
47585,12032,,
47586,12032,,
47587,12032,,
47588,12032,,
47589,12032,,
47590,12032,,
47591,12032,,
47592,12032,,
47593,12032,,
47594,12032,,
47595,12032,,
47596,12032,,
47597,12032,,
47598,12032,,
47599,12032,,
47600,12032,,
47601,12032,,
47602,12032,,
47603,12032,,
47604,12032,,
47605,12032,,
47606,12032,,
47607,12032,,
47608,12032,,
47609,12032,,
47610,12032,,
47611,12032,,
47612,12032,,
47613,12032,,
47614,12032,,
47615,12032,,
47616,12032,,
47617,12032,,
47618,12032,,
47619,12032,,
47620,12032,,
47621,12032,,
47622,12032,,
47623,12032,,
47624,12032,,
47625,12032,,
47626,12032,,
47627,12032,,
47628,12032,,
47629,12032,,
47630,12032,,
47631,12032,,
47632,12032,,
47633,12032,,
47634,12032,,
47635,12032,,
47636,12032,,
47637,12032,,
47638,12032,,
47639,12032,,
47640,12032,,
47641,12032,,
47642,12032,,
47643,12032,,
47644,12032,,
47645,12032,,
47646,12032,,
47647,12032,,
47648,12032,,
47649,12032,,
47650,12032,,
47651,12032,,
47652,12032,,
47653,12032,,
47654,12032,,
47655,12032,,
47656,12032,,
47657,12032,,
47658,12032,,
47659,12032,,
47660,12032,,
47661,12032,,
47662,12032,,
47663,12032,,
47664,12032,,
47665,12032,,
47666,12032,,
47667,12032,,
47668,12032,,
47669,12032,,
47670,12032,,
47671,12032,,
47672,12032,,
47673,12032,,
47674,12032,,
47675,12032,,
47676,12032,,
47677,12032,,
47678,12032,,
47679,12032,,
47680,12032,,
47681,12032,,
47682,12032,,
47683,12032,,
47684,12032,,
47685,12032,,
47686,12032,,
47687,12032,,
47688,12032,,
47689,12032,,
47690,12032,,
47691,12032,,
47692,12032,,
47693,12032,,
47694,12032,,
47695,12032,,
47696,12032,,
47697,12032,,
47698,12032,,
47699,12032,,
47700,12032,,
47701,12032,,
47702,12032,,
47703,12032,,
47704,12032,,
47705,12032,,
47706,12032,,
47707,12032,,
47708,12032,,
47709,12032,,
47710,12032,,
47711,12032,,
47712,12032,,
47713,12032,,
47714,12032,,
47715,12032,,
47716,12032,,
47717,12032,,
47718,12032,,
47719,12032,,
47720,12032,,
47721,12032,,
47722,12032,,
47723,12032,,
47724,12032,,
47725,12032,,
47726,12032,,
47727,12032,,
47728,12032,,
47729,12032,,
47730,12032,,
47731,12032,,
47732,12032,,
47733,12032,,
47734,12032,,
47735,12032,,
47736,12032,,
47737,12032,,
47738,12032,,
47739,12032,,
47740,12032,,
47741,12032,,
47742,12032,,
47743,12032,,
47744,12032,,
47745,12032,,
47746,12032,,
47747,12032,,
47748,12032,,
47749,12032,,
47750,12032,,
47751,12032,,
47752,12032,,
47753,12032,,
47754,12032,,
47755,12032,,
47756,12032,,
47757,12032,,
47758,12032,,
47759,12032,,
47760,12032,,
47761,12032,,
47762,12032,,
47763,12032,,
47764,12032,,
47765,12032,,
47766,12032,,
47767,12032,,
47768,12032,,
47769,12032,,
47770,12032,,
47771,12032,,
47772,12032,,
47773,12032,,
47774,12032,,
47775,12032,,
47776,12032,,
47777,12032,,
47778,12032,,
47779,12032,,
47780,12032,,
47781,12032,,
47782,12032,,
47783,12032,,
47784,12032,,
47785,12032,,
47786,12032,,
47787,12032,,
47788,12032,,
47789,12032,,
47790,12032,,
47791,12032,,
47792,12032,,
47793,12032,,
47794,12032,,
47795,12032,,
47796,12032,,
47797,12032,,
47798,12032,,
47799,12032,,
47800,12032,,
47801,12032,,
47802,12032,,
47803,12032,,
47804,12032,,
47805,12032,,
47806,12032,,
47807,12032,,
47808,12032,,
47809,12032,,
47810,12032,,
47811,12032,,
47812,12032,,
47813,12032,,
47814,12032,,
47815,12032,,
47816,12032,,
47817,12032,,
47818,12032,,
47819,12032,,
47820,12032,,
47821,12032,,
47822,12032,,
47823,12032,,
47824,12032,,
47825,12032,,
47826,12032,,
47827,12032,,
47828,12032,,
47829,12032,,
47830,12032,,
47831,12032,,
47832,12032,,
47833,12032,,
47834,12032,,
47835,12032,,
47836,12032,,
47837,12032,,
47838,12032,,
47839,12032,,
47840,12032,,
47841,12032,,
47842,12032,,
47843,12032,,
47844,12032,,
47845,12032,,
47846,12032,,
47847,12032,,
47848,12032,,
47849,12032,,
47850,12032,,
47851,12032,,
47852,12032,,
47853,12032,,
47854,12032,,
47855,12032,,
47856,12032,,
47857,12032,,
47858,12032,,
47859,12032,,
47860,12032,,
47861,12032,,
47862,12032,,
47863,12032,,
47864,12032,,
47865,12032,,
47866,12032,,
47867,12032,,
47868,12032,,
47869,12032,,
47870,12032,,
47871,12032,,
47872,12032,,
47873,12032,,
47874,12032,,
47875,12032,,
47876,12032,,
47877,12032,,
47878,12032,,
47879,12032,,
47880,12032,,
47881,12032,,
47882,12032,,
47883,12032,,
47884,12032,,
47885,12032,,
47886,12032,,
47887,12032,,
47888,12032,,
47889,12032,,
47890,12032,,
47891,12032,,
47892,12032,,
47893,12032,,
47894,12032,,
47895,12032,,
47896,12032,,
47897,12032,,
47898,12032,,
47899,12032,,
47900,12032,,
47901,12032,,
47902,12032,,
47903,12032,,
47904,12032,,
47905,12032,,
47906,12032,,
47907,12032,,
47908,12032,,
47909,12032,,
47910,12032,,
47911,12032,,
47912,12032,,
47913,12032,,
47914,12032,,
47915,12032,,
47916,12032,,
47917,12032,,
47918,12032,,
47919,12032,,
47920,12032,,
47921,12032,,
47922,12032,,
47923,12032,,
47924,12032,,
47925,12032,,
47926,12032,,
47927,12032,,
47928,12032,,
47929,12032,,
47930,12032,,
47931,12032,,
47932,12032,,
47933,12032,,
47934,12032,,
47935,12032,,
47936,12032,,
47937,12032,,
47938,12032,,
47939,12032,,
47940,12032,,
47941,12032,,
47942,12032,,
47943,12032,,
47944,12032,,
47945,12032,,
47946,12032,,
47947,12032,,
47948,12032,,
47949,12032,,
47950,12032,,
47951,12032,,
47952,12032,,
47953,12032,,
47954,12032,,
47955,12032,,
47956,12032,,
47957,12032,,
47958,12032,,
47959,12032,,
47960,12032,,
47961,12032,,
47962,12032,,
47963,12032,,
47964,12032,,
47965,12032,,
47966,12032,,
47967,12032,,
47968,12032,,
47969,12032,,
47970,12032,,
47971,12032,,
47972,12032,,
47973,12032,,
47974,12032,,
47975,12032,,
47976,12032,,
47977,12032,,
47978,12032,,
47979,12032,,
47980,12032,,
47981,12032,,
47982,12032,,
47983,12032,,
47984,12032,,
47985,12032,,
47986,12032,,
47987,12032,,
47988,12032,,
47989,12032,,
47990,12032,,
47991,12032,,
47992,12032,,
47993,12032,,
47994,12032,,
47995,12032,,
47996,12032,,
47997,12032,,
47998,12032,,
47999,12032,,
48000,12032,,
48001,12032,,
48002,12032,,
48003,12032,,
48004,12032,,
48005,12032,,
48006,12032,,
48007,12032,,
48008,12032,,
48009,12032,,
48010,12032,,
48011,12032,,
48012,12032,,
48013,12032,,
48014,12032,,
48015,12032,,
48016,12032,,
48017,12032,,
48018,12032,,
48019,12032,,
48020,12032,,
48021,12032,,
48022,12032,,
48023,12032,,
48024,12032,,
48025,12032,,
48026,12032,,
48027,12032,,
48028,12032,,
48029,12032,,
48030,12032,,
48031,12032,,
48032,12032,,
48033,12032,,
48034,12032,,
48035,12032,,
48036,12032,,
48037,12032,,
48038,12032,,
48039,12032,,
48040,12032,,
48041,12032,,
48042,12032,,
48043,12032,,
48044,12032,,
48045,12032,,
48046,12032,,
48047,12032,,
48048,12032,,
48049,12032,,
48050,12032,,
48051,12032,,
48052,12032,,
48053,12032,,
48054,12032,,
48055,12032,,
48056,12032,,
48057,12032,,
48058,12032,,
48059,12032,,
48060,12032,,
48061,12032,,
48062,12032,,
48063,12032,,
48064,12032,,
48065,12032,,
48066,12032,,
48067,12032,,
48068,12032,,
48069,12032,,
48070,12032,,
48071,12032,,
48072,12032,,
48073,12032,,
48074,12032,,
48075,12032,,
48076,12032,,
48077,12032,,
48078,12032,,
48079,12032,,
48080,12032,,
48081,12032,,
48082,12032,,
48083,12032,,
48084,12032,,
48085,12032,,
48086,12032,,
48087,12032,,
48088,12032,,
48089,12032,,
48090,12032,,
48091,12032,,
48092,12032,,
48093,12032,,
48094,12032,,
48095,12032,,
48096,12032,,
48097,12032,,
48098,12032,,
48099,12032,,
48100,12032,,
48101,12032,,
48102,12032,,
48103,12032,,
48104,12032,,
48105,12032,,
48106,12032,,
48107,12032,,
48108,12032,,
48109,12032,,
48110,12032,,
48111,12032,,
48112,12032,,
48113,12032,,
48114,12032,,
48115,12032,,
48116,12032,,
48117,12032,,
48118,12032,,
48119,12032,,
48120,12032,,
48121,12032,,
48122,12032,,
48123,12032,,
48124,12032,,
48125,12032,,
48126,12032,,
48127,12032,,
48128,12032,,
48129,12032,,
48130,12032,,
48131,12032,,
48132,12032,,
48133,12032,,
48134,12032,,
48135,12032,,
48136,12032,,
48137,12032,,
48138,12032,,
48139,12032,,
48140,12032,,
48141,12032,,
48142,12032,,
48143,12032,,
48144,12032,,
48145,12032,,
48146,12032,,
48147,12032,,
48148,12032,,
48149,12032,,
48150,12032,,
48151,12032,,
48152,12032,,
48153,12032,,
48154,12032,,
48155,12032,,
48156,12032,,
48157,12032,,
48158,12032,,
48159,12032,,
48160,12032,,
48161,12032,,
48162,12032,,
48163,12032,,
48164,12032,,
48165,12032,,
48166,12032,,
48167,12032,,
48168,12032,,
48169,12032,,
48170,12032,,
48171,12032,,
48172,12032,,
48173,12032,,
48174,12032,,
48175,12032,,
48176,12032,,
48177,12032,,
48178,12032,,
48179,12032,,
48180,12032,,
48181,12032,,
48182,12032,,
48183,12032,,
48184,12032,,
48185,12032,,
48186,12032,,
48187,12032,,
48188,12032,,
48189,12032,,
48190,12032,,
48191,12032,,
48192,12032,,
48193,12032,,
48194,12032,,
48195,12032,,
48196,12032,,
48197,12032,,
48198,12032,,
48199,12032,,
48200,12032,,
48201,12032,,
48202,12032,,
48203,12032,,
48204,12032,,
48205,12032,,
48206,12032,,
48207,12032,,
48208,12032,,
48209,12032,,
48210,12032,,
48211,12032,,
48212,12032,,
48213,12032,,
48214,12032,,
48215,12032,,
48216,12032,,
48217,12032,,
48218,12032,,
48219,12032,,
48220,12032,,
48221,12032,,
48222,12032,,
48223,12032,,
48224,12032,,
48225,12032,,
48226,12032,,
48227,12032,,
48228,12032,,
48229,12032,,
48230,12032,,
48231,12032,,
48232,12032,,
48233,12032,,
48234,12032,,
48235,12032,,
48236,12032,,
48237,12032,,
48238,12032,,
48239,12032,,
48240,12032,,
48241,12032,,
48242,12032,,
48243,12032,,
48244,12032,,
48245,12032,,
48246,12032,,
48247,12032,,
48248,12032,,
48249,12032,,
48250,12032,,
48251,12032,,
48252,12032,,
48253,12032,,
48254,12032,,
48255,12032,,
48256,12032,,
48257,12032,,
48258,12032,,
48259,12032,,
48260,12032,,
48261,12032,,
48262,12032,,
48263,12032,,
48264,12032,,
48265,12032,,
48266,12032,,
48267,12032,,
48268,12032,,
48269,12032,,
48270,12032,,
48271,12032,,
48272,12032,,
48273,12032,,
48274,12032,,
48275,12032,,
48276,12032,,
48277,12032,,
48278,12032,,
48279,12032,,
48280,12032,,
48281,12032,,
48282,12032,,
48283,12032,,
48284,12032,,
48285,12032,,
48286,12032,,
48287,12032,,
48288,12032,,
48289,12032,,
48290,12032,,
48291,12032,,
48292,12032,,
48293,12032,,
48294,12032,,
48295,12032,,
48296,12032,,
48297,12032,,
48298,12032,,
48299,12032,,
48300,12032,,
48301,12032,,
48302,12032,,
48303,12032,,
48304,12032,,
48305,12032,,
48306,12032,,
48307,12032,,
48308,12032,,
48309,12032,,
48310,12032,,
48311,12032,,
48312,12032,,
48313,12032,,
48314,12032,,
48315,12032,,
48316,12032,,
48317,12032,,
48318,12032,,
48319,12032,,
48320,12032,,
48321,12032,,
48322,12032,,
48323,12032,,
48324,12032,,
48325,12032,,
48326,12032,,
48327,12032,,
48328,12032,,
48329,12032,,
48330,12032,,
48331,12032,,
48332,12032,,
48333,12032,,
48334,12032,,
48335,12032,,
48336,12032,,
48337,12032,,
48338,12032,,
48339,12032,,
48340,12032,,
48341,12032,,
48342,12032,,
48343,12032,,
48344,12032,,
48345,12032,,
48346,12032,,
48347,12032,,
48348,12032,,
48349,12032,,
48350,12032,,
48351,12032,,
48352,12032,,
48353,12032,,
48354,12032,,
48355,12032,,
48356,12032,,
48357,12032,,
48358,12032,,
48359,12032,,
48360,12032,,
48361,12032,,
48362,12032,,
48363,12032,,
48364,12032,,
48365,12032,,
48366,12032,,
48367,12032,,
48368,12032,,
48369,12032,,
48370,12032,,
48371,12032,,
48372,12032,,
48373,12032,,
48374,12032,,
48375,12032,,
48376,12032,,
48377,12032,,
48378,12032,,
48379,12032,,
48380,12032,,
48381,12032,,
48382,12032,,
48383,12032,,
48384,12032,,
48385,12032,,
48386,12032,,
48387,12032,,
48388,12032,,
48389,12032,,
48390,12032,,
48391,12032,,
48392,12032,,
48393,12032,,
48394,12032,,
48395,12032,,
48396,12032,,
48397,12032,,
48398,12032,,
48399,12032,,
48400,12032,,
48401,12032,,
48402,12032,,
48403,12032,,
48404,12032,,
48405,12032,,
48406,12032,,
48407,12032,,
48408,12032,,
48409,12032,,
48410,12032,,
48411,12032,,
48412,12032,,
48413,12032,,
48414,12032,,
48415,12032,,
48416,12032,,
48417,12032,,
48418,12032,,
48419,12032,,
48420,12032,,
48421,12032,,
48422,12032,,
48423,12032,,
48424,12032,,
48425,12032,,
48426,12032,,
48427,12032,,
48428,12032,,
48429,12032,,
48430,12032,,
48431,12032,,
48432,12032,,
48433,12032,,
48434,12032,,
48435,12032,,
48436,12032,,
48437,12032,,
48438,12032,,
48439,12032,,
48440,12032,,
48441,12032,,
48442,12032,,
48443,12032,,
48444,12032,,
48445,12032,,
48446,12032,,
48447,12032,,
48448,12032,,
48449,12032,,
48450,12032,,
48451,12032,,
48452,12032,,
48453,12032,,
48454,12032,,
48455,12032,,
48456,12032,,
48457,12032,,
48458,12032,,
48459,12032,,
48460,12032,,
48461,12032,,
48462,12032,,
48463,12032,,
48464,12032,,
48465,12032,,
48466,12032,,
48467,12032,,
48468,12032,,
48469,12032,,
48470,12032,,
48471,12032,,
48472,12032,,
48473,12032,,
48474,12032,,
48475,12032,,
48476,12032,,
48477,12032,,
48478,12032,,
48479,12032,,
48480,12032,,
48481,12032,,
48482,12032,,
48483,12032,,
48484,12032,,
48485,12032,,
48486,12032,,
48487,12032,,
48488,12032,,
48489,12032,,
48490,12032,,
48491,12032,,
48492,12032,,
48493,12032,,
48494,12032,,
48495,12032,,
48496,12032,,
48497,12032,,
48498,12032,,
48499,12032,,
48500,12032,,
48501,12032,,
48502,12032,,
48503,12032,,
48504,12032,,
48505,12032,,
48506,12032,,
48507,12032,,
48508,12032,,
48509,12032,,
48510,12032,,
48511,12032,,
48512,12032,,
48513,12032,,
48514,12032,,
48515,12032,,
48516,12032,,
48517,12032,,
48518,12032,,
48519,12032,,
48520,12032,,
48521,12032,,
48522,12032,,
48523,12032,,
48524,12032,,
48525,12032,,
48526,12032,,
48527,12032,,
48528,12032,,
48529,12032,,
48530,12032,,
48531,12032,,
48532,12032,,
48533,12032,,
48534,12032,,
48535,12032,,
48536,12032,,
48537,12032,,
48538,12032,,
48539,12032,,
48540,12032,,
48541,12032,,
48542,12032,,
48543,12032,,
48544,12032,,
48545,12032,,
48546,12032,,
48547,12032,,
48548,12032,,
48549,12032,,
48550,12032,,
48551,12032,,
48552,12032,,
48553,12032,,
48554,12032,,
48555,12032,,
48556,12032,,
48557,12032,,
48558,12032,,
48559,12032,,
48560,12032,,
48561,12032,,
48562,12032,,
48563,12032,,
48564,12032,,
48565,12032,,
48566,12032,,
48567,12032,,
48568,12032,,
48569,12032,,
48570,12032,,
48571,12032,,
48572,12032,,
48573,12032,,
48574,12032,,
48575,12032,,
48576,12032,,
48577,12032,,
48578,12032,,
48579,12032,,
48580,12032,,
48581,12032,,
48582,12032,,
48583,12032,,
48584,12032,,
48585,12032,,
48586,12032,,
48587,12032,,
48588,12032,,
48589,12032,,
48590,12032,,
48591,12032,,
48592,12032,,
48593,12032,,
48594,12032,,
48595,12032,,
48596,12032,,
48597,12032,,
48598,12032,,
48599,12032,,
48600,12032,,
48601,12032,,
48602,12032,,
48603,12032,,
48604,12032,,
48605,12032,,
48606,12032,,
48607,12032,,
48608,12032,,
48609,12032,,
48610,12032,,
48611,12032,,
48612,12032,,
48613,12032,,
48614,12032,,
48615,12032,,
48616,12032,,
48617,12032,,
48618,12032,,
48619,12032,,
48620,12032,,
48621,12032,,
48622,12032,,
48623,12032,,
48624,12032,,
48625,12032,,
48626,12032,,
48627,12032,,
48628,12032,,
48629,12032,,
48630,12032,,
48631,12032,,
48632,12032,,
48633,12032,,
48634,12032,,
48635,12032,,
48636,12032,,
48637,12032,,
48638,12032,,
48639,12032,,
48640,12032,,
48641,12032,,
48642,12032,,
48643,12032,,
48644,12032,,
48645,12032,,
48646,12032,,
48647,12032,,
48648,12032,,
48649,12032,,
48650,12032,,
48651,12032,,
48652,12032,,
48653,12032,,
48654,12032,,
48655,12032,,
48656,12032,,
48657,12032,,
48658,12032,,
48659,12032,,
48660,12032,,
48661,12032,,
48662,12032,,
48663,12032,,
48664,12032,,
48665,12032,,
48666,12032,,
48667,12032,,
48668,12032,,
48669,12032,,
48670,12032,,
48671,12032,,
48672,12032,,
48673,12032,,
48674,12032,,
48675,12032,,
48676,12032,,
48677,12032,,
48678,12032,,
48679,12032,,
48680,12032,,
48681,12032,,
48682,12032,,
48683,12032,,
48684,12032,,
48685,12032,,
48686,12032,,
48687,12032,,
48688,12032,,
48689,12032,,
48690,12032,,
48691,12032,,
48692,12032,,
48693,12032,,
48694,12032,,
48695,12032,,
48696,12032,,
48697,12032,,
48698,12032,,
48699,12032,,
48700,12032,,
48701,12032,,
48702,12032,,
48703,12032,,
48704,12032,,
48705,12032,,
48706,12032,,
48707,12032,,
48708,12032,,
48709,12032,,
48710,12032,,
48711,12032,,
48712,12032,,
48713,12032,,
48714,12032,,
48715,12032,,
48716,12032,,
48717,12032,,
48718,12032,,
48719,12032,,
48720,12032,,
48721,12032,,
48722,12032,,
48723,12032,,
48724,12032,,
48725,12032,,
48726,12032,,
48727,12032,,
48728,12032,,
48729,12032,,
48730,12032,,
48731,12032,,
48732,12032,,
48733,12032,,
48734,12032,,
48735,12032,,
48736,12032,,
48737,12032,,
48738,12032,,
48739,12032,,
48740,12032,,
48741,12032,,
48742,12032,,
48743,12032,,
48744,12032,,
48745,12032,,
48746,12032,,
48747,12032,,
48748,12032,,
48749,12032,,
48750,12032,,
48751,12032,,
48752,12032,,
48753,12032,,
48754,12032,,
48755,12032,,
48756,12032,,
48757,12032,,
48758,12032,,
48759,12032,,
48760,12032,,
48761,12032,,
48762,12032,,
48763,12032,,
48764,12032,,
48765,12032,,
48766,12032,,
48767,12032,,
48768,12032,,
48769,12032,,
48770,12032,,
48771,12032,,
48772,12032,,
48773,12032,,
48774,12032,,
48775,12032,,
48776,12032,,
48777,12032,,
48778,12032,,
48779,12032,,
48780,12032,,
48781,12032,,
48782,12032,,
48783,12032,,
48784,12032,,
48785,12032,,
48786,12032,,
48787,12032,,
48788,12032,,
48789,12032,,
48790,12032,,
48791,12032,,
48792,12032,,
48793,12032,,
48794,12032,,
48795,12032,,
48796,12032,,
48797,12032,,
48798,12032,,
48799,12032,,
48800,12032,,
48801,12032,,
48802,12032,,
48803,12032,,
48804,12032,,
48805,12032,,
48806,12032,,
48807,12032,,
48808,12032,,
48809,12032,,
48810,12032,,
48811,12032,,
48812,12032,,
48813,12032,,
48814,12032,,
48815,12032,,
48816,12032,,
48817,12032,,
48818,12032,,
48819,12032,,
48820,12032,,
48821,12032,,
48822,12032,,
48823,12032,,
48824,12032,,
48825,12032,,
48826,12032,,
48827,12032,,
48828,12032,,
48829,12032,,
48830,12032,,
48831,12032,,
48832,12032,,
48833,12032,,
48834,12032,,
48835,12032,,
48836,12032,,
48837,12032,,
48838,12032,,
48839,12032,,
48840,12032,,
48841,12032,,
48842,12032,,
48843,12032,,
48844,12032,,
48845,12032,,
48846,12032,,
48847,12032,,
48848,12032,,
48849,12032,,
48850,12032,,
48851,12032,,
48852,12032,,
48853,12032,,
48854,12032,,
48855,12032,,
48856,12032,,
48857,12032,,
48858,12032,,
48859,12032,,
48860,12032,,
48861,12032,,
48862,12032,,
48863,12032,,
48864,12032,,
48865,12032,,
48866,12032,,
48867,12032,,
48868,12032,,
48869,12032,,
48870,12032,,
48871,12032,,
48872,12032,,
48873,12032,,
48874,12032,,
48875,12032,,
48876,12032,,
48877,12032,,
48878,12032,,
48879,12032,,
48880,12032,,
48881,12032,,
48882,12032,,
48883,12032,,
48884,12032,,
48885,12032,,
48886,12032,,
48887,12032,,
48888,12032,,
48889,12032,,
48890,12032,,
48891,12032,,
48892,12032,,
48893,12032,,
48894,12032,,
48895,12032,,
48896,12032,,
48897,12032,,
48898,12032,,
48899,12032,,
48900,12032,,
48901,12032,,
48902,12032,,
48903,12032,,
48904,12032,,
48905,12032,,
48906,12032,,
48907,12032,,
48908,12032,,
48909,12032,,
48910,12032,,
48911,12032,,
48912,12032,,
48913,12032,,
48914,12032,,
48915,12032,,
48916,12032,,
48917,12032,,
48918,12032,,
48919,12032,,
48920,12032,,
48921,12032,,
48922,12032,,
48923,12032,,
48924,12032,,
48925,12032,,
48926,12032,,
48927,12032,,
48928,12032,,
48929,12032,,
48930,12032,,
48931,12032,,
48932,12032,,
48933,12032,,
48934,12032,,
48935,12032,,
48936,12032,,
48937,12032,,
48938,12032,,
48939,12032,,
48940,12032,,
48941,12032,,
48942,12032,,
48943,12032,,
48944,12032,,
48945,12032,,
48946,12032,,
48947,12032,,
48948,12032,,
48949,12032,,
48950,12032,,
48951,12032,,
48952,12032,,
48953,12032,,
48954,12032,,
48955,12032,,
48956,12032,,
48957,12032,,
48958,12032,,
48959,12032,,
48960,12032,,
48961,12032,,
48962,12032,,
48963,12032,,
48964,12032,,
48965,12032,,
48966,12032,,
48967,12032,,
48968,12032,,
48969,12032,,
48970,12032,,
48971,12032,,
48972,12032,,
48973,12032,,
48974,12032,,
48975,12032,,
48976,12032,,
48977,12032,,
48978,12032,,
48979,12032,,
48980,12032,,
48981,12032,,
48982,12032,,
48983,12032,,
48984,12032,,
48985,12032,,
48986,12032,,
48987,12032,,
48988,12032,,
48989,12032,,
48990,12032,,
48991,12032,,
48992,12032,,
48993,12032,,
48994,12032,,
48995,12032,,
48996,12032,,
48997,12032,,
48998,12032,,
48999,12032,,
49000,12032,,
49001,12032,,
49002,12032,,
49003,12032,,
49004,12032,,
49005,12032,,
49006,12032,,
49007,12032,,
49008,12032,,
49009,12032,,
49010,12032,,
49011,12032,,
49012,12032,,
49013,12032,,
49014,12032,,
49015,12032,,
49016,12032,,
49017,12032,,
49018,12032,,
49019,12032,,
49020,12032,,
49021,12032,,
49022,12032,,
49023,12032,,
49024,12032,,
49025,12032,,
49026,12032,,
49027,12032,,
49028,12032,,
49029,12032,,
49030,12032,,
49031,12032,,
49032,12032,,
49033,12032,,
49034,12032,,
49035,12032,,
49036,12032,,
49037,12032,,
49038,12032,,
49039,12032,,
49040,12032,,
49041,12032,,
49042,12032,,
49043,12032,,
49044,12032,,
49045,12032,,
49046,12032,,
49047,12032,,
49048,12032,,
49049,12032,,
49050,12032,,
49051,12032,,
49052,12032,,
49053,12032,,
49054,12032,,
49055,12032,,
49056,12032,,
49057,12032,,
49058,12032,,
49059,12032,,
49060,12032,,
49061,12032,,
49062,12032,,
49063,12032,,
49064,12032,,
49065,12032,,
49066,12032,,
49067,12032,,
49068,12032,,
49069,12032,,
49070,12032,,
49071,12032,,
49072,12032,,
49073,12032,,
49074,12032,,
49075,12032,,
49076,12032,,
49077,12032,,
49078,12032,,
49079,12032,,
49080,12032,,
49081,12032,,
49082,12032,,
49083,12032,,
49084,12032,,
49085,12032,,
49086,12032,,
49087,12032,,
49088,12032,,
49089,12032,,
49090,12032,,
49091,12032,,
49092,12032,,
49093,12032,,
49094,12032,,
49095,12032,,
49096,12032,,
49097,12032,,
49098,12032,,
49099,12032,,
49100,12032,,
49101,12032,,
49102,12032,,
49103,12032,,
49104,12032,,
49105,12032,,
49106,12032,,
49107,12032,,
49108,12032,,
49109,12032,,
49110,12032,,
49111,12032,,
49112,12032,,
49113,12032,,
49114,12032,,
49115,12032,,
49116,12032,,
49117,12032,,
49118,12032,,
49119,12032,,
49120,12032,,
49121,12032,,
49122,12032,,
49123,12032,,
49124,12032,,
49125,12032,,
49126,12032,,
49127,12032,,
49128,12032,,
49129,12032,,
49130,12032,,
49131,12032,,
49132,12032,,
49133,12032,,
49134,12032,,
49135,12032,,
49136,12032,,
49137,12032,,
49138,12032,,
49139,12032,,
49140,12032,,
49141,12032,,
49142,12032,,
49143,12032,,
49144,12032,,
49145,12032,,
49146,12032,,
49147,12032,,
49148,12032,,
49149,12032,,
49150,12032,,
49151,12032,,
49152,12032,,
49153,12032,,
49154,12032,,
49155,12032,,
49156,12032,,
49157,12032,,
49158,12032,,
49159,12032,,
49160,12032,,
49161,12032,,
49162,12032,,
49163,12032,,
49164,12032,,
49165,12032,,
49166,12032,,
49167,12032,,
49168,12032,,
49169,12032,,
49170,12032,,
49171,12032,,
49172,12032,,
49173,12032,,
49174,12032,,
49175,12032,,
49176,12032,,
49177,12032,,
49178,12032,,
49179,12032,,
49180,12032,,
49181,12032,,
49182,12032,,
49183,12032,,
49184,12032,,
49185,12032,,
49186,12032,,
49187,12032,,
49188,12032,,
49189,12032,,
49190,12032,,
49191,12032,,
49192,12032,,
49193,12032,,
49194,12032,,
49195,12032,,
49196,12032,,
49197,12032,,
49198,12032,,
49199,12032,,
49200,12032,,
49201,12032,,
49202,12032,,
49203,12032,,
49204,12032,,
49205,12032,,
49206,12032,,
49207,12032,,
49208,12032,,
49209,12032,,
49210,12032,,
49211,12032,,
49212,12032,,
49213,12032,,
49214,12032,,
49215,12032,,
49216,12032,,
49217,12032,,
49218,12032,,
49219,12032,,
49220,12032,,
49221,12032,,
49222,12032,,
49223,12032,,
49224,12032,,
49225,12032,,
49226,12032,,
49227,12032,,
49228,12032,,
49229,12032,,
49230,12032,,
49231,12032,,
49232,12032,,
49233,12032,,
49234,12032,,
49235,12032,,
49236,12032,,
49237,12032,,
49238,12032,,
49239,12032,,
49240,12032,,
49241,12032,,
49242,12032,,
49243,12032,,
49244,12032,,
49245,12032,,
49246,12032,,
49247,12032,,
49248,12032,,
49249,12032,,
49250,12032,,
49251,12032,,
49252,12032,,
49253,12032,,
49254,12032,,
49255,12032,,
49256,12032,,
49257,12032,,
49258,12032,,
49259,12032,,
49260,12032,,
49261,12032,,
49262,12032,,
49263,12032,,
49264,12032,,
49265,12032,,
49266,12032,,
49267,12032,,
49268,12032,,
49269,12032,,
49270,12032,,
49271,12032,,
49272,12032,,
49273,12032,,
49274,12032,,
49275,12032,,
49276,12032,,
49277,12032,,
49278,12032,,
49279,12032,,
49280,12032,,
49281,12032,,
49282,12032,,
49283,12032,,
49284,12032,,
49285,12032,,
49286,12032,,
49287,12032,,
49288,12032,,
49289,12032,,
49290,12032,,
49291,12032,,
49292,12032,,
49293,12032,,
49294,12032,,
49295,12032,,
49296,12032,,
49297,12032,,
49298,12032,,
49299,12032,,
49300,12032,,
49301,12032,,
49302,12032,,
49303,12032,,
49304,12032,,
49305,12032,,
49306,12032,,
49307,12032,,
49308,12032,,
49309,12032,,
49310,12032,,
49311,12032,,
49312,12032,,
49313,12032,,
49314,12032,,
49315,12032,,
49316,12032,,
49317,12032,,
49318,12032,,
49319,12032,,
49320,12032,,
49321,12032,,
49322,12032,,
49323,12032,,
49324,12032,,
49325,12032,,
49326,12032,,
49327,12032,,
49328,12032,,
49329,12032,,
49330,12032,,
49331,12032,,
49332,12032,,
49333,12032,,
49334,12032,,
49335,12032,,
49336,12032,,
49337,12032,,
49338,12032,,
49339,12032,,
49340,12032,,
49341,12032,,
49342,12032,,
49343,12032,,
49344,12032,,
49345,12032,,
49346,12032,,
49347,12032,,
49348,12032,,
49349,12032,,
49350,12032,,
49351,12032,,
49352,12032,,
49353,12032,,
49354,12032,,
49355,12032,,
49356,12032,,
49357,12032,,
49358,12032,,
49359,12032,,
49360,12032,,
49361,12032,,
49362,12032,,
49363,12032,,
49364,12032,,
49365,12032,,
49366,12032,,
49367,12032,,
49368,12032,,
49369,12032,,
49370,12032,,
49371,12032,,
49372,12032,,
49373,12032,,
49374,12032,,
49375,12032,,
49376,12032,,
49377,12032,,
49378,12032,,
49379,12032,,
49380,12032,,
49381,12032,,
49382,12032,,
49383,12032,,
49384,12032,,
49385,12032,,
49386,12032,,
49387,12032,,
49388,12032,,
49389,12032,,
49390,12032,,
49391,12032,,
49392,12032,,
49393,12032,,
49394,12032,,
49395,12032,,
49396,12032,,
49397,12032,,
49398,12032,,
49399,12032,,
49400,12032,,
49401,12032,,
49402,12032,,
49403,12032,,
49404,12032,,
49405,12032,,
49406,12032,,
49407,12032,,
49408,12032,,
49409,12032,,
49410,12032,,
49411,12032,,
49412,12032,,
49413,12032,,
49414,12032,,
49415,12032,,
49416,12032,,
49417,12032,,
49418,12032,,
49419,12032,,
49420,12032,,
49421,12032,,
49422,12032,,
49423,12032,,
49424,12032,,
49425,12032,,
49426,12032,,
49427,12032,,
49428,12032,,
49429,12032,,
49430,12032,,
49431,12032,,
49432,12032,,
49433,12032,,
49434,12032,,
49435,12032,,
49436,12032,,
49437,12032,,
49438,12032,,
49439,12032,,
49440,12032,,
49441,12032,,
49442,12032,,
49443,12032,,
49444,12032,,
49445,12032,,
49446,12032,,
49447,12032,,
49448,12032,,
49449,12032,,
49450,12032,,
49451,12032,,
49452,12032,,
49453,12032,,
49454,12032,,
49455,12032,,
49456,12032,,
49457,12032,,
49458,12032,,
49459,12032,,
49460,12032,,
49461,12032,,
49462,12032,,
49463,12032,,
49464,12032,,
49465,12032,,
49466,12032,,
49467,12032,,
49468,12032,,
49469,12032,,
49470,12032,,
49471,12032,,
49472,12032,,
49473,12032,,
49474,12032,,
49475,12032,,
49476,12032,,
49477,12032,,
49478,12032,,
49479,12032,,
49480,12032,,
49481,12032,,
49482,12032,,
49483,12032,,
49484,12032,,
49485,12032,,
49486,12032,,
49487,12032,,
49488,12032,,
49489,12032,,
49490,12032,,
49491,12032,,
49492,12032,,
49493,12032,,
49494,12032,,
49495,12032,,
49496,12032,,
49497,12032,,
49498,12032,,
49499,12032,,
49500,12032,,
49501,12032,,
49502,12032,,
49503,12032,,
49504,12032,,
49505,12032,,
49506,12032,,
49507,12032,,
49508,12032,,
49509,12032,,
49510,12032,,
49511,12032,,
49512,12032,,
49513,12032,,
49514,12032,,
49515,12032,,
49516,12032,,
49517,12032,,
49518,12032,,
49519,12032,,
49520,12032,,
49521,12032,,
49522,12032,,
49523,12032,,
49524,12032,,
49525,12032,,
49526,12032,,
49527,12032,,
49528,12032,,
49529,12032,,
49530,12032,,
49531,12032,,
49532,12032,,
49533,12032,,
49534,12032,,
49535,12032,,
49536,12032,,
49537,12032,,
49538,12032,,
49539,12032,,
49540,12032,,
49541,12032,,
49542,12032,,
49543,12032,,
49544,12032,,
49545,12032,,
49546,12032,,
49547,12032,,
49548,12032,,
49549,12032,,
49550,12032,,
49551,12032,,
49552,12032,,
49553,12032,,
49554,12032,,
49555,12032,,
49556,12032,,
49557,12032,,
49558,12032,,
49559,12032,,
49560,12032,,
49561,12032,,
49562,12032,,
49563,12032,,
49564,12032,,
49565,12032,,
49566,12032,,
49567,12032,,
49568,12032,,
49569,12032,,
49570,12032,,
49571,12032,,
49572,12032,,
49573,12032,,
49574,12032,,
49575,12032,,
49576,12032,,
49577,12032,,
49578,12032,,
49579,12032,,
49580,12032,,
49581,12032,,
49582,12032,,
49583,12032,,
49584,12032,,
49585,12032,,
49586,12032,,
49587,12032,,
49588,12032,,
49589,12032,,
49590,12032,,
49591,12032,,
49592,12032,,
49593,12032,,
49594,12032,,
49595,12032,,
49596,12032,,
49597,12032,,
49598,12032,,
49599,12032,,
49600,12032,,
49601,12032,,
49602,12032,,
49603,12032,,
49604,12032,,
49605,12032,,
49606,12032,,
49607,12032,,
49608,12032,,
49609,12032,,
49610,12032,,
49611,12032,,
49612,12032,,
49613,12032,,
49614,12032,,
49615,12032,,
49616,12032,,
49617,12032,,
49618,12032,,
49619,12032,,
49620,12032,,
49621,12032,,
49622,12032,,
49623,12032,,
49624,12032,,
49625,12032,,
49626,12032,,
49627,12032,,
49628,12032,,
49629,12032,,
49630,12032,,
49631,12032,,
49632,12032,,
49633,12032,,
49634,12032,,
49635,12032,,
49636,12032,,
49637,12032,,
49638,12032,,
49639,12032,,
49640,12032,,
49641,12032,,
49642,12032,,
49643,12032,,
49644,12032,,
49645,12032,,
49646,12032,,
49647,12032,,
49648,12032,,
49649,12032,,
49650,12032,,
49651,12032,,
49652,12032,,
49653,12032,,
49654,12032,,
49655,12032,,
49656,12032,,
49657,12032,,
49658,12032,,
49659,12032,,
49660,12032,,
49661,12032,,
49662,12032,,
49663,12032,,
49664,12032,,
49665,12032,,
49666,12032,,
49667,12032,,
49668,12032,,
49669,12032,,
49670,12032,,
49671,12032,,
49672,12032,,
49673,12032,,
49674,12032,,
49675,12032,,
49676,12032,,
49677,12032,,
49678,12032,,
49679,12032,,
49680,12032,,
49681,12032,,
49682,12032,,
49683,12032,,
49684,12032,,
49685,12032,,
49686,12032,,
49687,12032,,
49688,12032,,
49689,12032,,
49690,12032,,
49691,12032,,
49692,12032,,
49693,12032,,
49694,12032,,
49695,12032,,
49696,12032,,
49697,12032,,
49698,12032,,
49699,12032,,
49700,12032,,
49701,12032,,
49702,12032,,
49703,12032,,
49704,12032,,
49705,12032,,
49706,12032,,
49707,12032,,
49708,12032,,
49709,12032,,
49710,12032,,
49711,12032,,
49712,12032,,
49713,12032,,
49714,12032,,
49715,12032,,
49716,12032,,
49717,12032,,
49718,12032,,
49719,12032,,
49720,12032,,
49721,12032,,
49722,12032,,
49723,12032,,
49724,12032,,
49725,12032,,
49726,12032,,
49727,12032,,
49728,12032,,
49729,12032,,
49730,12032,,
49731,12032,,
49732,12032,,
49733,12032,,
49734,12032,,
49735,12032,,
49736,12032,,
49737,12032,,
49738,12032,,
49739,12032,,
49740,12032,,
49741,12032,,
49742,12032,,
49743,12032,,
49744,12032,,
49745,12032,,
49746,12032,,
49747,12032,,
49748,12032,,
49749,12032,,
49750,12032,,
49751,12032,,
49752,12032,,
49753,12032,,
49754,12032,,
49755,12032,,
49756,12032,,
49757,12032,,
49758,12032,,
49759,12032,,
49760,12032,,
49761,12032,,
49762,12032,,
49763,12032,,
49764,12032,,
49765,12032,,
49766,12032,,
49767,12032,,
49768,12032,,
49769,12032,,
49770,12032,,
49771,12032,,
49772,12032,,
49773,12032,,
49774,12032,,
49775,12032,,
49776,12032,,
49777,12032,,
49778,12032,,
49779,12032,,
49780,12032,,
49781,12032,,
49782,12032,,
49783,12032,,
49784,12032,,
49785,12032,,
49786,12032,,
49787,12032,,
49788,12032,,
49789,12032,,
49790,12032,,
49791,12032,,
49792,12032,,
49793,12032,,
49794,12032,,
49795,12032,,
49796,12032,,
49797,12032,,
49798,12032,,
49799,12032,,
49800,12032,,
49801,12032,,
49802,12032,,
49803,12032,,
49804,12032,,
49805,12032,,
49806,12032,,
49807,12032,,
49808,12032,,
49809,12032,,
49810,12032,,
49811,12032,,
49812,12032,,
49813,12032,,
49814,12032,,
49815,12032,,
49816,12032,,
49817,12032,,
49818,12032,,
49819,12032,,
49820,12032,,
49821,12032,,
49822,12032,,
49823,12032,,
49824,12032,,
49825,12032,,
49826,12032,,
49827,12032,,
49828,12032,,
49829,12032,,
49830,12032,,
49831,12032,,
49832,12032,,
49833,12032,,
49834,12032,,
49835,12032,,
49836,12032,,
49837,12032,,
49838,12032,,
49839,12032,,
49840,12032,,
49841,12032,,
49842,12032,,
49843,12032,,
49844,12032,,
49845,12032,,
49846,12032,,
49847,12032,,
49848,12032,,
49849,12032,,
49850,12032,,
49851,12032,,
49852,12032,,
49853,12032,,
49854,12032,,
49855,12032,,
49856,12032,,
49857,12032,,
49858,12032,,
49859,12032,,
49860,12032,,
49861,12032,,
49862,12032,,
49863,12032,,
49864,12032,,
49865,12032,,
49866,12032,,
49867,12032,,
49868,12032,,
49869,12032,,
49870,12032,,
49871,12032,,
49872,12032,,
49873,12032,,
49874,12032,,
49875,12032,,
49876,12032,,
49877,12032,,
49878,12032,,
49879,12032,,
49880,12032,,
49881,12032,,
49882,12032,,
49883,12032,,
49884,12032,,
49885,12032,,
49886,12032,,
49887,12032,,
49888,12032,,
49889,12032,,
49890,12032,,
49891,12032,,
49892,12032,,
49893,12032,,
49894,12032,,
49895,12032,,
49896,12032,,
49897,12032,,
49898,12032,,
49899,12032,,
49900,12032,,
49901,12032,,
49902,12032,,
49903,12032,,
49904,12032,,
49905,12032,,
49906,12032,,
49907,12032,,
49908,12032,,
49909,12032,,
49910,12032,,
49911,12032,,
49912,12032,,
49913,12032,,
49914,12032,,
49915,12032,,
49916,12032,,
49917,12032,,
49918,12032,,
49919,12032,,
49920,12032,,
49921,12032,,
49922,12032,,
49923,12032,,
49924,12032,,
49925,12032,,
49926,12032,,
49927,12032,,
49928,12032,,
49929,12032,,
49930,12032,,
49931,12032,,
49932,12032,,
49933,12032,,
49934,12032,,
49935,12032,,
49936,12032,,
49937,12032,,
49938,12032,,
49939,12032,,
49940,12032,,
49941,12032,,
49942,12032,,
49943,12032,,
49944,12032,,
49945,12032,,
49946,12032,,
49947,12032,,
49948,12032,,
49949,12032,,
49950,12032,,
49951,12032,,
49952,12032,,
49953,12032,,
49954,12032,,
49955,12032,,
49956,12032,,
49957,12032,,
49958,12032,,
49959,12032,,
49960,12032,,
49961,12032,,
49962,12032,,
49963,12032,,
49964,12032,,
49965,12032,,
49966,12032,,
49967,12032,,
49968,12032,,
49969,12032,,
49970,12032,,
49971,12032,,
49972,12032,,
49973,12032,,
49974,12032,,
49975,12032,,
49976,12032,,
49977,12032,,
49978,12032,,
49979,12032,,
49980,12032,,
49981,12032,,
49982,12032,,
49983,12032,,
49984,12032,,
49985,12032,,
49986,12032,,
49987,12032,,
49988,12032,,
49989,12032,,
49990,12032,,
49991,12032,,
49992,12032,,
49993,12032,,
49994,12032,,
49995,12032,,
49996,12032,,
49997,12032,,
49998,12032,,
49999,12032,,
50000,12032,,
50001,12032,,
50002,12032,,
50003,12032,,
50004,12032,,
50005,12032,,
50006,12032,,
50007,12032,,
50008,12032,,
50009,12032,,
50010,12032,,
50011,12032,,
50012,12032,,
50013,12032,,
50014,12032,,
50015,12032,,
50016,12032,,
50017,12032,,
50018,12032,,
50019,12032,,
50020,12032,,
50021,12032,,
50022,12032,,
50023,12032,,
50024,12032,,
50025,12032,,
50026,12032,,
50027,12032,,
50028,12032,,
50029,12032,,
50030,12032,,
50031,12032,,
50032,12032,,
50033,12032,,
50034,12032,,
50035,12032,,
50036,12032,,
50037,12032,,
50038,12032,,
50039,12032,,
50040,12032,,
50041,12032,,
50042,12032,,
50043,12032,,
50044,12032,,
50045,12032,,
50046,12032,,
50047,12032,,
50048,12032,,
50049,12032,,
50050,12032,,
50051,12032,,
50052,12032,,
50053,12032,,
50054,12032,,
50055,12032,,
50056,12032,,
50057,12032,,
50058,12032,,
50059,12032,,
50060,12032,,
50061,12032,,
50062,12032,,
50063,12032,,
50064,12032,,
50065,12032,,
50066,12032,,
50067,12032,,
50068,12032,,
50069,12032,,
50070,12032,,
50071,12032,,
50072,12032,,
50073,12032,,
50074,12032,,
50075,12032,,
50076,12032,,
50077,12032,,
50078,12032,,
50079,12032,,
50080,12032,,
50081,12032,,
50082,12032,,
50083,12032,,
50084,12032,,
50085,12032,,
50086,12032,,
50087,12032,,
50088,12032,,
50089,12032,,
50090,12032,,
50091,12032,,
50092,12032,,
50093,12032,,
50094,12032,,
50095,12032,,
50096,12032,,
50097,12032,,
50098,12032,,
50099,12032,,
50100,12032,,
50101,12032,,
50102,12032,,
50103,12032,,
50104,12032,,
50105,12032,,
50106,12032,,
50107,12032,,
50108,12032,,
50109,12032,,
50110,12032,,
50111,12032,,
50112,12032,,
50113,12032,,
50114,12032,,
50115,12032,,
50116,12032,,
50117,12032,,
50118,12032,,
50119,12032,,
50120,12032,,
50121,12032,,
50122,12032,,
50123,12032,,
50124,12032,,
50125,12032,,
50126,12032,,
50127,12032,,
50128,12032,,
50129,12032,,
50130,12032,,
50131,12032,,
50132,12032,,
50133,12032,,
50134,12032,,
50135,12032,,
50136,12032,,
50137,12032,,
50138,12032,,
50139,12032,,
50140,12032,,
50141,12032,,
50142,12032,,
50143,12032,,
50144,12032,,
50145,12032,,
50146,12032,,
50147,12032,,
50148,12032,,
50149,12032,,
50150,12032,,
50151,12032,,
50152,12032,,
50153,12032,,
50154,12032,,
50155,12032,,
50156,12032,,
50157,12032,,
50158,12032,,
50159,12032,,
50160,12032,,
50161,12032,,
50162,12032,,
50163,12032,,
50164,12032,,
50165,12032,,
50166,12032,,
50167,12032,,
50168,12032,,
50169,12032,,
50170,12032,,
50171,12032,,
50172,12032,,
50173,12032,,
50174,12032,,
50175,12032,,
50176,12032,,
50177,12032,,
50178,12032,,
50179,12032,,
50180,12032,,
50181,12032,,
50182,12032,,
50183,12032,,
50184,12032,,
50185,12032,,
50186,12032,,
50187,12032,,
50188,12032,,
50189,12032,,
50190,12032,,
50191,12032,,
50192,12032,,
50193,12032,,
50194,12032,,
50195,12032,,
50196,12032,,
50197,12032,,
50198,12032,,
50199,12032,,
50200,12032,,
50201,12032,,
50202,12032,,
50203,12032,,
50204,12032,,
50205,12032,,
50206,12032,,
50207,12032,,
50208,12032,,
50209,12032,,
50210,12032,,
50211,12032,,
50212,12032,,
50213,12032,,
50214,12032,,
50215,12032,,
50216,12032,,
50217,12032,,
50218,12032,,
50219,12032,,
50220,12032,,
50221,12032,,
50222,12032,,
50223,12032,,
50224,12032,,
50225,12032,,
50226,12032,,
50227,12032,,
50228,12032,,
50229,12032,,
50230,12032,,
50231,12032,,
50232,12032,,
50233,12032,,
50234,12032,,
50235,12032,,
50236,12032,,
50237,12032,,
50238,12032,,
50239,12032,,
50240,12032,,
50241,12032,,
50242,12032,,
50243,12032,,
50244,12032,,
50245,12032,,
50246,12032,,
50247,12032,,
50248,12032,,
50249,12032,,
50250,12032,,
50251,12032,,
50252,12032,,
50253,12032,,
50254,12032,,
50255,12032,,
50256,12032,,
50257,12032,,
50258,12032,,
50259,12032,,
50260,12032,,
50261,12032,,
50262,12032,,
50263,12032,,
50264,12032,,
50265,12032,,
50266,12032,,
50267,12032,,
50268,12032,,
50269,12032,,
50270,12032,,
50271,12032,,
50272,12032,,
50273,12032,,
50274,12032,,
50275,12032,,
50276,12032,,
50277,12032,,
50278,12032,,
50279,12032,,
50280,12032,,
50281,12032,,
50282,12032,,
50283,12032,,
50284,12032,,
50285,12032,,
50286,12032,,
50287,12032,,
50288,12032,,
50289,12032,,
50290,12032,,
50291,12032,,
50292,12032,,
50293,12032,,
50294,12032,,
50295,12032,,
50296,12032,,
50297,12032,,
50298,12032,,
50299,12032,,
50300,12032,,
50301,12032,,
50302,12032,,
50303,12032,,
50304,12032,,
50305,12032,,
50306,12032,,
50307,12032,,
50308,12032,,
50309,12032,,
50310,12032,,
50311,12032,,
50312,12032,,
50313,12032,,
50314,12032,,
50315,12032,,
50316,12032,,
50317,12032,,
50318,12032,,
50319,12032,,
50320,12032,,
50321,12032,,
50322,12032,,
50323,12032,,
50324,12032,,
50325,12032,,
50326,12032,,
50327,12032,,
50328,12032,,
50329,12032,,
50330,12032,,
50331,12032,,
50332,12032,,
50333,12032,,
50334,12032,,
50335,12032,,
50336,12032,,
50337,12032,,
50338,12032,,
50339,12032,,
50340,12032,,
50341,12032,,
50342,12032,,
50343,12032,,
50344,12032,,
50345,12032,,
50346,12032,,
50347,12032,,
50348,12032,,
50349,12032,,
50350,12032,,
50351,12032,,
50352,12032,,
50353,12032,,
50354,12032,,
50355,12032,,
50356,12032,,
50357,12032,,
50358,12032,,
50359,12032,,
50360,12032,,
50361,12032,,
50362,12032,,
50363,12032,,
50364,12032,,
50365,12032,,
50366,12032,,
50367,12032,,
50368,12032,,
50369,12032,,
50370,12032,,
50371,12032,,
50372,12032,,
50373,12032,,
50374,12032,,
50375,12032,,
50376,12032,,
50377,12032,,
50378,12032,,
50379,12032,,
50380,12032,,
50381,12032,,
50382,12032,,
50383,12032,,
50384,12032,,
50385,12032,,
50386,12032,,
50387,12032,,
50388,12032,,
50389,12032,,
50390,12032,,
50391,12032,,
50392,12032,,
50393,12032,,
50394,12032,,
50395,12032,,
50396,12032,,
50397,12032,,
50398,12032,,
50399,12032,,
50400,12032,,
50401,12032,,
50402,12032,,
50403,12032,,
50404,12032,,
50405,12032,,
50406,12032,,
50407,12032,,
50408,12032,,
50409,12032,,
50410,12032,,
50411,12032,,
50412,12032,,
50413,12032,,
50414,12032,,
50415,12032,,
50416,12032,,
50417,12032,,
50418,12032,,
50419,12032,,
50420,12032,,
50421,12032,,
50422,12032,,
50423,12032,,
50424,12032,,
50425,12032,,
50426,12032,,
50427,12032,,
50428,12032,,
50429,12032,,
50430,12032,,
50431,12032,,
50432,12032,,
50433,12032,,
50434,12032,,
50435,12032,,
50436,12032,,
50437,12032,,
50438,12032,,
50439,12032,,
50440,12032,,
50441,12032,,
50442,12032,,
50443,12032,,
50444,12032,,
50445,12032,,
50446,12032,,
50447,12032,,
50448,12032,,
50449,12032,,
50450,12032,,
50451,12032,,
50452,12032,,
50453,12032,,
50454,12032,,
50455,12032,,
50456,12032,,
50457,12032,,
50458,12032,,
50459,12032,,
50460,12032,,
50461,12032,,
50462,12032,,
50463,12032,,
50464,12032,,
50465,12032,,
50466,12032,,
50467,12032,,
50468,12032,,
50469,12032,,
50470,12032,,
50471,12032,,
50472,12032,,
50473,12032,,
50474,12032,,
50475,12032,,
50476,12032,,
50477,12032,,
50478,12032,,
50479,12032,,
50480,12032,,
50481,12032,,
50482,12032,,
50483,12032,,
50484,12032,,
50485,12032,,
50486,12032,,
50487,12032,,
50488,12032,,
50489,12032,,
50490,12032,,
50491,12032,,
50492,12032,,
50493,12032,,
50494,12032,,
50495,12032,,
50496,12032,,
50497,12032,,
50498,12032,,
50499,12032,,
50500,12032,,
50501,12032,,
50502,12032,,
50503,12032,,
50504,12032,,
50505,12032,,
50506,12032,,
50507,12032,,
50508,12032,,
50509,12032,,
50510,12032,,
50511,12032,,
50512,12032,,
50513,12032,,
50514,12032,,
50515,12032,,
50516,12032,,
50517,12032,,
50518,12032,,
50519,12032,,
50520,12032,,
50521,12032,,
50522,12032,,
50523,12032,,
50524,12032,,
50525,12032,,
50526,12032,,
50527,12032,,
50528,12032,,
50529,12032,,
50530,12032,,
50531,12032,,
50532,12032,,
50533,12032,,
50534,12032,,
50535,12032,,
50536,12032,,
50537,12032,,
50538,12032,,
50539,12032,,
50540,12032,,
50541,12032,,
50542,12032,,
50543,12032,,
50544,12032,,
50545,12032,,
50546,12032,,
50547,12032,,
50548,12032,,
50549,12032,,
50550,12032,,
50551,12032,,
50552,12032,,
50553,12032,,
50554,12032,,
50555,12032,,
50556,12032,,
50557,12032,,
50558,12032,,
50559,12032,,
50560,12032,,
50561,12032,,
50562,12032,,
50563,12032,,
50564,12032,,
50565,12032,,
50566,12032,,
50567,12032,,
50568,12032,,
50569,12032,,
50570,12032,,
50571,12032,,
50572,12032,,
50573,12032,,
50574,12032,,
50575,12032,,
50576,12032,,
50577,12032,,
50578,12032,,
50579,12032,,
50580,12032,,
50581,12032,,
50582,12032,,
50583,12032,,
50584,12032,,
50585,12032,,
50586,12032,,
50587,12032,,
50588,12032,,
50589,12032,,
50590,12032,,
50591,12032,,
50592,12032,,
50593,12032,,
50594,12032,,
50595,12032,,
50596,12032,,
50597,12032,,
50598,12032,,
50599,12032,,
50600,12032,,
50601,12032,,
50602,12032,,
50603,12032,,
50604,12032,,
50605,12032,,
50606,12032,,
50607,12032,,
50608,12032,,
50609,12032,,
50610,12032,,
50611,12032,,
50612,12032,,
50613,12032,,
50614,12032,,
50615,12032,,
50616,12032,,
50617,12032,,
50618,12032,,
50619,12032,,
50620,12032,,
50621,12032,,
50622,12032,,
50623,12032,,
50624,12032,,
50625,12032,,
50626,12032,,
50627,12032,,
50628,12032,,
50629,12032,,
50630,12032,,
50631,12032,,
50632,12032,,
50633,12032,,
50634,12032,,
50635,12032,,
50636,12032,,
50637,12032,,
50638,12032,,
50639,12032,,
50640,12032,,
50641,12032,,
50642,12032,,
50643,12032,,
50644,12032,,
50645,12032,,
50646,12032,,
50647,12032,,
50648,12032,,
50649,12032,,
50650,12032,,
50651,12032,,
50652,12032,,
50653,12032,,
50654,12032,,
50655,12032,,
50656,12032,,
50657,12032,,
50658,12032,,
50659,12032,,
50660,12032,,
50661,12032,,
50662,12032,,
50663,12032,,
50664,12032,,
50665,12032,,
50666,12032,,
50667,12032,,
50668,12032,,
50669,12032,,
50670,12032,,
50671,12032,,
50672,12032,,
50673,12032,,
50674,12032,,
50675,12032,,
50676,12032,,
50677,12032,,
50678,12032,,
50679,12032,,
50680,12032,,
50681,12032,,
50682,12032,,
50683,12032,,
50684,12032,,
50685,12032,,
50686,12032,,
50687,12032,,
50688,12032,,
50689,12032,,
50690,12032,,
50691,12032,,
50692,12032,,
50693,12032,,
50694,12032,,
50695,12032,,
50696,12032,,
50697,12032,,
50698,12032,,
50699,12032,,
50700,12032,,
50701,12032,,
50702,12032,,
50703,12032,,
50704,12032,,
50705,12032,,
50706,12032,,
50707,12032,,
50708,12032,,
50709,12032,,
50710,12032,,
50711,12032,,
50712,12032,,
50713,12032,,
50714,12032,,
50715,12032,,
50716,12032,,
50717,12032,,
50718,12032,,
50719,12032,,
50720,12032,,
50721,12032,,
50722,12032,,
50723,12032,,
50724,12032,,
50725,12032,,
50726,12032,,
50727,12032,,
50728,12032,,
50729,12032,,
50730,12032,,
50731,12032,,
50732,12032,,
50733,12032,,
50734,12032,,
50735,12032,,
50736,12032,,
50737,12032,,
50738,12032,,
50739,12032,,
50740,12032,,
50741,12032,,
50742,12032,,
50743,12032,,
50744,12032,,
50745,12032,,
50746,12032,,
50747,12032,,
50748,12032,,
50749,12032,,
50750,12032,,
50751,12032,,
50752,12032,,
50753,12032,,
50754,12032,,
50755,12032,,
50756,12032,,
50757,12032,,
50758,12032,,
50759,12032,,
50760,12032,,
50761,12032,,
50762,12032,,
50763,12032,,
50764,12032,,
50765,12032,,
50766,12032,,
50767,12032,,
50768,12032,,
50769,12032,,
50770,12032,,
50771,12032,,
50772,12032,,
50773,12032,,
50774,12032,,
50775,12032,,
50776,12032,,
50777,12032,,
50778,12032,,
50779,12032,,
50780,12032,,
50781,12032,,
50782,12032,,
50783,12032,,
50784,12032,,
50785,12032,,
50786,12032,,
50787,12032,,
50788,12032,,
50789,12032,,
50790,12032,,
50791,12032,,
50792,12032,,
50793,12032,,
50794,12032,,
50795,12032,,
50796,12032,,
50797,12032,,
50798,12032,,
50799,12032,,
50800,12032,,
50801,12032,,
50802,12032,,
50803,12032,,
50804,12032,,
50805,12032,,
50806,12032,,
50807,12032,,
50808,12032,,
50809,12032,,
50810,12032,,
50811,12032,,
50812,12032,,
50813,12032,,
50814,12032,,
50815,12032,,
50816,12032,,
50817,12032,,
50818,12032,,
50819,12032,,
50820,12032,,
50821,12032,,
50822,12032,,
50823,12032,,
50824,12032,,
50825,12032,,
50826,12032,,
50827,12032,,
50828,12032,,
50829,12032,,
50830,12032,,
50831,12032,,
50832,12032,,
50833,12032,,
50834,12032,,
50835,12032,,
50836,12032,,
50837,12032,,
50838,12032,,
50839,12032,,
50840,12032,,
50841,12032,,
50842,12032,,
50843,12032,,
50844,12032,,
50845,12032,,
50846,12032,,
50847,12032,,
50848,12032,,
50849,12032,,
50850,12032,,
50851,12032,,
50852,12032,,
50853,12032,,
50854,12032,,
50855,12032,,
50856,12032,,
50857,12032,,
50858,12032,,
50859,12032,,
50860,12032,,
50861,12032,,
50862,12032,,
50863,12032,,
50864,12032,,
50865,12032,,
50866,12032,,
50867,12032,,
50868,12032,,
50869,12032,,
50870,12032,,
50871,12032,,
50872,12032,,
50873,12032,,
50874,12032,,
50875,12032,,
50876,12032,,
50877,12032,,
50878,12032,,
50879,12032,,
50880,12032,,
50881,12032,,
50882,12032,,
50883,12032,,
50884,12032,,
50885,12032,,
50886,12032,,
50887,12032,,
50888,12032,,
50889,12032,,
50890,12032,,
50891,12032,,
50892,12032,,
50893,12032,,
50894,12032,,
50895,12032,,
50896,12032,,
50897,12032,,
50898,12032,,
50899,12032,,
50900,12032,,
50901,12032,,
50902,12032,,
50903,12032,,
50904,12032,,
50905,12032,,
50906,12032,,
50907,12032,,
50908,12032,,
50909,12032,,
50910,12032,,
50911,12032,,
50912,12032,,
50913,12032,,
50914,12032,,
50915,12032,,
50916,12032,,
50917,12032,,
50918,12032,,
50919,12032,,
50920,12032,,
50921,12032,,
50922,12032,,
50923,12032,,
50924,12032,,
50925,12032,,
50926,12032,,
50927,12032,,
50928,12032,,
50929,12032,,
50930,12032,,
50931,12032,,
50932,12032,,
50933,12032,,
50934,12032,,
50935,12032,,
50936,12032,,
50937,12032,,
50938,12032,,
50939,12032,,
50940,12032,,
50941,12032,,
50942,12032,,
50943,12032,,
50944,12032,,
50945,12032,,
50946,12032,,
50947,12032,,
50948,12032,,
50949,12032,,
50950,12032,,
50951,12032,,
50952,12032,,
50953,12032,,
50954,12032,,
50955,12032,,
50956,12032,,
50957,12032,,
50958,12032,,
50959,12032,,
50960,12032,,
50961,12032,,
50962,12032,,
50963,12032,,
50964,12032,,
50965,12032,,
50966,12032,,
50967,12032,,
50968,12032,,
50969,12032,,
50970,12032,,
50971,12032,,
50972,12032,,
50973,12032,,
50974,12032,,
50975,12032,,
50976,12032,,
50977,12032,,
50978,12032,,
50979,12032,,
50980,12032,,
50981,12032,,
50982,12032,,
50983,12032,,
50984,12032,,
50985,12032,,
50986,12032,,
50987,12032,,
50988,12032,,
50989,12032,,
50990,12032,,
50991,12032,,
50992,12032,,
50993,12032,,
50994,12032,,
50995,12032,,
50996,12032,,
50997,12032,,
50998,12032,,
50999,12032,,
51000,12032,,
51001,12032,,
51002,12032,,
51003,12032,,
51004,12032,,
51005,12032,,
51006,12032,,
51007,12032,,
51008,12032,,
51009,12032,,
51010,12032,,
51011,12032,,
51012,12032,,
51013,12032,,
51014,12032,,
51015,12032,,
51016,12032,,
51017,12032,,
51018,12032,,
51019,12032,,
51020,12032,,
51021,12032,,
51022,12032,,
51023,12032,,
51024,12032,,
51025,12032,,
51026,12032,,
51027,12032,,
51028,12032,,
51029,12032,,
51030,12032,,
51031,12032,,
51032,12032,,
51033,12032,,
51034,12032,,
51035,12032,,
51036,12032,,
51037,12032,,
51038,12032,,
51039,12032,,
51040,12032,,
51041,12032,,
51042,12032,,
51043,12032,,
51044,12032,,
51045,12032,,
51046,12032,,
51047,12032,,
51048,12032,,
51049,12032,,
51050,12032,,
51051,12032,,
51052,12032,,
51053,12032,,
51054,12032,,
51055,12032,,
51056,12032,,
51057,12032,,
51058,12032,,
51059,12032,,
51060,12032,,
51061,12032,,
51062,12032,,
51063,12032,,
51064,12032,,
51065,12032,,
51066,12032,,
51067,12032,,
51068,12032,,
51069,12032,,
51070,12032,,
51071,12032,,
51072,12032,,
51073,12032,,
51074,12032,,
51075,12032,,
51076,12032,,
51077,12032,,
51078,12032,,
51079,12032,,
51080,12032,,
51081,12032,,
51082,12032,,
51083,12032,,
51084,12032,,
51085,12032,,
51086,12032,,
51087,12032,,
51088,12032,,
51089,12032,,
51090,12032,,
51091,12032,,
51092,12032,,
51093,12032,,
51094,12032,,
51095,12032,,
51096,12032,,
51097,12032,,
51098,12032,,
51099,12032,,
51100,12032,,
51101,12032,,
51102,12032,,
51103,12032,,
51104,12032,,
51105,12032,,
51106,12032,,
51107,12032,,
51108,12032,,
51109,12032,,
51110,12032,,
51111,12032,,
51112,12032,,
51113,12032,,
51114,12032,,
51115,12032,,
51116,12032,,
51117,12032,,
51118,12032,,
51119,12032,,
51120,12032,,
51121,12032,,
51122,12032,,
51123,12032,,
51124,12032,,
51125,12032,,
51126,12032,,
51127,12032,,
51128,12032,,
51129,12032,,
51130,12032,,
51131,12032,,
51132,12032,,
51133,12032,,
51134,12032,,
51135,12032,,
51136,12032,,
51137,12032,,
51138,12032,,
51139,12032,,
51140,12032,,
51141,12032,,
51142,12032,,
51143,12032,,
51144,12032,,
51145,12032,,
51146,12032,,
51147,12032,,
51148,12032,,
51149,12032,,
51150,12032,,
51151,12032,,
51152,12032,,
51153,12032,,
51154,12032,,
51155,12032,,
51156,12032,,
51157,12032,,
51158,12032,,
51159,12032,,
51160,12032,,
51161,12032,,
51162,12032,,
51163,12032,,
51164,12032,,
51165,12032,,
51166,12032,,
51167,12032,,
51168,12032,,
51169,12032,,
51170,12032,,
51171,12032,,
51172,12032,,
51173,12032,,
51174,12032,,
51175,12032,,
51176,12032,,
51177,12032,,
51178,12032,,
51179,12032,,
51180,12032,,
51181,12032,,
51182,12032,,
51183,12032,,
51184,12032,,
51185,12032,,
51186,12032,,
51187,12032,,
51188,12032,,
51189,12032,,
51190,12032,,
51191,12032,,
51192,12032,,
51193,12032,,
51194,12032,,
51195,12032,,
51196,12032,,
51197,12032,,
51198,12032,,
51199,12032,,
51200,12032,,
51201,12032,,
51202,12032,,
51203,12032,,
51204,12032,,
51205,12032,,
51206,12032,,
51207,12032,,
51208,12032,,
51209,12032,,
51210,12032,,
51211,12032,,
51212,12032,,
51213,12032,,
51214,12032,,
51215,12032,,
51216,12032,,
51217,12032,,
51218,12032,,
51219,12032,,
51220,12032,,
51221,12032,,
51222,12032,,
51223,12032,,
51224,12032,,
51225,12032,,
51226,12032,,
51227,12032,,
51228,12032,,
51229,12032,,
51230,12032,,
51231,12032,,
51232,12032,,
51233,12032,,
51234,12032,,
51235,12032,,
51236,12032,,
51237,12032,,
51238,12032,,
51239,12032,,
51240,12032,,
51241,12032,,
51242,12032,,
51243,12032,,
51244,12032,,
51245,12032,,
51246,12032,,
51247,12032,,
51248,12032,,
51249,12032,,
51250,12032,,
51251,12032,,
51252,12032,,
51253,12032,,
51254,12032,,
51255,12032,,
51256,12032,,
51257,12032,,
51258,12032,,
51259,12032,,
51260,12032,,
51261,12032,,
51262,12032,,
51263,12032,,
51264,12032,,
51265,12032,,
51266,12032,,
51267,12032,,
51268,12032,,
51269,12032,,
51270,12032,,
51271,12032,,
51272,12032,,
51273,12032,,
51274,12032,,
51275,12032,,
51276,12032,,
51277,12032,,
51278,12032,,
51279,12032,,
51280,12032,,
51281,12032,,
51282,12032,,
51283,12032,,
51284,12032,,
51285,12032,,
51286,12032,,
51287,12032,,
51288,12032,,
51289,12032,,
51290,12032,,
51291,12032,,
51292,12032,,
51293,12032,,
51294,12032,,
51295,12032,,
51296,12032,,
51297,12032,,
51298,12032,,
51299,12032,,
51300,12032,,
51301,12032,,
51302,12032,,
51303,12032,,
51304,12032,,
51305,12032,,
51306,12032,,
51307,12032,,
51308,12032,,
51309,12032,,
51310,12032,,
51311,12032,,
51312,12032,,
51313,12032,,
51314,12032,,
51315,12032,,
51316,12032,,
51317,12032,,
51318,12032,,
51319,12032,,
51320,12032,,
51321,12032,,
51322,12032,,
51323,12032,,
51324,12032,,
51325,12032,,
51326,12032,,
51327,12032,,
51328,12032,,
51329,12032,,
51330,12032,,
51331,12032,,
51332,12032,,
51333,12032,,
51334,12032,,
51335,12032,,
51336,12032,,
51337,12032,,
51338,12032,,
51339,12032,,
51340,12032,,
51341,12032,,
51342,12032,,
51343,12032,,
51344,12032,,
51345,12032,,
51346,12032,,
51347,12032,,
51348,12032,,
51349,12032,,
51350,12032,,
51351,12032,,
51352,12032,,
51353,12032,,
51354,12032,,
51355,12032,,
51356,12032,,
51357,12032,,
51358,12032,,
51359,12032,,
51360,12032,,
51361,12032,,
51362,12032,,
51363,12032,,
51364,12032,,
51365,12032,,
51366,12032,,
51367,12032,,
51368,12032,,
51369,12032,,
51370,12032,,
51371,12032,,
51372,12032,,
51373,12032,,
51374,12032,,
51375,12032,,
51376,12032,,
51377,12032,,
51378,12032,,
51379,12032,,
51380,12032,,
51381,12032,,
51382,12032,,
51383,12032,,
51384,12032,,
51385,12032,,
51386,12032,,
51387,12032,,
51388,12032,,
51389,12032,,
51390,12032,,
51391,12032,,
51392,12032,,
51393,12032,,
51394,12032,,
51395,12032,,
51396,12032,,
51397,12032,,
51398,12032,,
51399,12032,,
51400,12032,,
51401,12032,,
51402,12032,,
51403,12032,,
51404,12032,,
51405,12032,,
51406,12032,,
51407,12032,,
51408,12032,,
51409,12032,,
51410,12032,,
51411,12032,,
51412,12032,,
51413,12032,,
51414,12032,,
51415,12032,,
51416,12032,,
51417,12032,,
51418,12032,,
51419,12032,,
51420,12032,,
51421,12032,,
51422,12032,,
51423,12032,,
51424,12032,,
51425,12032,,
51426,12032,,
51427,12032,,
51428,12032,,
51429,12032,,
51430,12032,,
51431,12032,,
51432,12032,,
51433,12032,,
51434,12032,,
51435,12032,,
51436,12032,,
51437,12032,,
51438,12032,,
51439,12032,,
51440,12032,,
51441,12032,,
51442,12032,,
51443,12032,,
51444,12032,,
51445,12032,,
51446,12032,,
51447,12032,,
51448,12032,,
51449,12032,,
51450,12032,,
51451,12032,,
51452,12032,,
51453,12032,,
51454,12032,,
51455,12032,,
51456,12032,,
51457,12032,,
51458,12032,,
51459,12032,,
51460,12032,,
51461,12032,,
51462,12032,,
51463,12032,,
51464,12032,,
51465,12032,,
51466,12032,,
51467,12032,,
51468,12032,,
51469,12032,,
51470,12032,,
51471,12032,,
51472,12032,,
51473,12032,,
51474,12032,,
51475,12032,,
51476,12032,,
51477,12032,,
51478,12032,,
51479,12032,,
51480,12032,,
51481,12032,,
51482,12032,,
51483,12032,,
51484,12032,,
51485,12032,,
51486,12032,,
51487,12032,,
51488,12032,,
51489,12032,,
51490,12032,,
51491,12032,,
51492,12032,,
51493,12032,,
51494,12032,,
51495,12032,,
51496,12032,,
51497,12032,,
51498,12032,,
51499,12032,,
51500,12032,,
51501,12032,,
51502,12032,,
51503,12032,,
51504,12032,,
51505,12032,,
51506,12032,,
51507,12032,,
51508,12032,,
51509,12032,,
51510,12032,,
51511,12032,,
51512,12032,,
51513,12032,,
51514,12032,,
51515,12032,,
51516,12032,,
51517,12032,,
51518,12032,,
51519,12032,,
51520,12032,,
51521,12032,,
51522,12032,,
51523,12032,,
51524,12032,,
51525,12032,,
51526,12032,,
51527,12032,,
51528,12032,,
51529,12032,,
51530,12032,,
51531,12032,,
51532,12032,,
51533,12032,,
51534,12032,,
51535,12032,,
51536,12032,,
51537,12032,,
51538,12032,,
51539,12032,,
51540,12032,,
51541,12032,,
51542,12032,,
51543,12032,,
51544,12032,,
51545,12032,,
51546,12032,,
51547,12032,,
51548,12032,,
51549,12032,,
51550,12032,,
51551,12032,,
51552,12032,,
51553,12032,,
51554,12032,,
51555,12032,,
51556,12032,,
51557,12032,,
51558,12032,,
51559,12032,,
51560,12032,,
51561,12032,,
51562,12032,,
51563,12032,,
51564,12032,,
51565,12032,,
51566,12032,,
51567,12032,,
51568,12032,,
51569,12032,,
51570,12032,,
51571,12032,,
51572,12032,,
51573,12032,,
51574,12032,,
51575,12032,,
51576,12032,,
51577,12032,,
51578,12032,,
51579,12032,,
51580,12032,,
51581,12032,,
51582,12032,,
51583,12032,,
51584,12032,,
51585,12032,,
51586,12032,,
51587,12032,,
51588,12032,,
51589,12032,,
51590,12032,,
51591,12032,,
51592,12032,,
51593,12032,,
51594,12032,,
51595,12032,,
51596,12032,,
51597,12032,,
51598,12032,,
51599,12032,,
51600,12032,,
51601,12032,,
51602,12032,,
51603,12032,,
51604,12032,,
51605,12032,,
51606,12032,,
51607,12032,,
51608,12032,,
51609,12032,,
51610,12032,,
51611,12032,,
51612,12032,,
51613,12032,,
51614,12032,,
51615,12032,,
51616,12032,,
51617,12032,,
51618,12032,,
51619,12032,,
51620,12032,,
51621,12032,,
51622,12032,,
51623,12032,,
51624,12032,,
51625,12032,,
51626,12032,,
51627,12032,,
51628,12032,,
51629,12032,,
51630,12032,,
51631,12032,,
51632,12032,,
51633,12032,,
51634,12032,,
51635,12032,,
51636,12032,,
51637,12032,,
51638,12032,,
51639,12032,,
51640,12032,,
51641,12032,,
51642,12032,,
51643,12032,,
51644,12032,,
51645,12032,,
51646,12032,,
51647,12032,,
51648,12032,,
51649,12032,,
51650,12032,,
51651,12032,,
51652,12032,,
51653,12032,,
51654,12032,,
51655,12032,,
51656,12032,,
51657,12032,,
51658,12032,,
51659,12032,,
51660,12032,,
51661,12032,,
51662,12032,,
51663,12032,,
51664,12032,,
51665,12032,,
51666,12032,,
51667,12032,,
51668,12032,,
51669,12032,,
51670,12032,,
51671,12032,,
51672,12032,,
51673,12032,,
51674,12032,,
51675,12032,,
51676,12032,,
51677,12032,,
51678,12032,,
51679,12032,,
51680,12032,,
51681,12032,,
51682,12032,,
51683,12032,,
51684,12032,,
51685,12032,,
51686,12032,,
51687,12032,,
51688,12032,,
51689,12032,,
51690,12032,,
51691,12032,,
51692,12032,,
51693,12032,,
51694,12032,,
51695,12032,,
51696,12032,,
51697,12032,,
51698,12032,,
51699,12032,,
51700,12032,,
51701,12032,,
51702,12032,,
51703,12032,,
51704,12032,,
51705,12032,,
51706,12032,,
51707,12032,,
51708,12032,,
51709,12032,,
51710,12032,,
51711,12032,,
51712,12032,,
51713,12032,,
51714,12032,,
51715,12032,,
51716,12032,,
51717,12032,,
51718,12032,,
51719,12032,,
51720,12032,,
51721,12032,,
51722,12032,,
51723,12032,,
51724,12032,,
51725,12032,,
51726,12032,,
51727,12032,,
51728,12032,,
51729,12032,,
51730,12032,,
51731,12032,,
51732,12032,,
51733,12032,,
51734,12032,,
51735,12032,,
51736,12032,,
51737,12032,,
51738,12032,,
51739,12032,,
51740,12032,,
51741,12032,,
51742,12032,,
51743,12032,,
51744,12032,,
51745,12032,,
51746,12032,,
51747,12032,,
51748,12032,,
51749,12032,,
51750,12032,,
51751,12032,,
51752,12032,,
51753,12032,,
51754,12032,,
51755,12032,,
51756,12032,,
51757,12032,,
51758,12032,,
51759,12032,,
51760,12032,,
51761,12032,,
51762,12032,,
51763,12032,,
51764,12032,,
51765,12032,,
51766,12032,,
51767,12032,,
51768,12032,,
51769,12032,,
51770,12032,,
51771,12032,,
51772,12032,,
51773,12032,,
51774,12032,,
51775,12032,,
51776,12032,,
51777,12032,,
51778,12032,,
51779,12032,,
51780,12032,,
51781,12032,,
51782,12032,,
51783,12032,,
51784,12032,,
51785,12032,,
51786,12032,,
51787,12032,,
51788,12032,,
51789,12032,,
51790,12032,,
51791,12032,,
51792,12032,,
51793,12032,,
51794,12032,,
51795,12032,,
51796,12032,,
51797,12032,,
51798,12032,,
51799,12032,,
51800,12032,,
51801,12032,,
51802,12032,,
51803,12032,,
51804,12032,,
51805,12032,,
51806,12032,,
51807,12032,,
51808,12032,,
51809,12032,,
51810,12032,,
51811,12032,,
51812,12032,,
51813,12032,,
51814,12032,,
51815,12032,,
51816,12032,,
51817,12032,,
51818,12032,,
51819,12032,,
51820,12032,,
51821,12032,,
51822,12032,,
51823,12032,,
51824,12032,,
51825,12032,,
51826,12032,,
51827,12032,,
51828,12032,,
51829,12032,,
51830,12032,,
51831,12032,,
51832,12032,,
51833,12032,,
51834,12032,,
51835,12032,,
51836,12032,,
51837,12032,,
51838,12032,,
51839,12032,,
51840,12032,,
51841,12032,,
51842,12032,,
51843,12032,,
51844,12032,,
51845,12032,,
51846,12032,,
51847,12032,,
51848,12032,,
51849,12032,,
51850,12032,,
51851,12032,,
51852,12032,,
51853,12032,,
51854,12032,,
51855,12032,,
51856,12032,,
51857,12032,,
51858,12032,,
51859,12032,,
51860,12032,,
51861,12032,,
51862,12032,,
51863,12032,,
51864,12032,,
51865,12032,,
51866,12032,,
51867,12032,,
51868,12032,,
51869,12032,,
51870,12032,,
51871,12032,,
51872,12032,,
51873,12032,,
51874,12032,,
51875,12032,,
51876,12032,,
51877,12032,,
51878,12032,,
51879,12032,,
51880,12032,,
51881,12032,,
51882,12032,,
51883,12032,,
51884,12032,,
51885,12032,,
51886,12032,,
51887,12032,,
51888,12032,,
51889,12032,,
51890,12032,,
51891,12032,,
51892,12032,,
51893,12032,,
51894,12032,,
51895,12032,,
51896,12032,,
51897,12032,,
51898,12032,,
51899,12032,,
51900,12032,,
51901,12032,,
51902,12032,,
51903,12032,,
51904,12032,,
51905,12032,,
51906,12032,,
51907,12032,,
51908,12032,,
51909,12032,,
51910,12032,,
51911,12032,,
51912,12032,,
51913,12032,,
51914,12032,,
51915,12032,,
51916,12032,,
51917,12032,,
51918,12032,,
51919,12032,,
51920,12032,,
51921,12032,,
51922,12032,,
51923,12032,,
51924,12032,,
51925,12032,,
51926,12032,,
51927,12032,,
51928,12032,,
51929,12032,,
51930,12032,,
51931,12032,,
51932,12032,,
51933,12032,,
51934,12032,,
51935,12032,,
51936,12032,,
51937,12032,,
51938,12032,,
51939,12032,,
51940,12032,,
51941,12032,,
51942,12032,,
51943,12032,,
51944,12032,,
51945,12032,,
51946,12032,,
51947,12032,,
51948,12032,,
51949,12032,,
51950,12032,,
51951,12032,,
51952,12032,,
51953,12032,,
51954,12032,,
51955,12032,,
51956,12032,,
51957,12032,,
51958,12032,,
51959,12032,,
51960,12032,,
51961,12032,,
51962,12032,,
51963,12032,,
51964,12032,,
51965,12032,,
51966,12032,,
51967,12032,,
51968,12032,,
51969,12032,,
51970,12032,,
51971,12032,,
51972,12032,,
51973,12032,,
51974,12032,,
51975,12032,,
51976,12032,,
51977,12032,,
51978,12032,,
51979,12032,,
51980,12032,,
51981,12032,,
51982,12032,,
51983,12032,,
51984,12032,,
51985,12032,,
51986,12032,,
51987,12032,,
51988,12032,,
51989,12032,,
51990,12032,,
51991,12032,,
51992,12032,,
51993,12032,,
51994,12032,,
51995,12032,,
51996,12032,,
51997,12032,,
51998,12032,,
51999,12032,,
52000,12032,,
52001,12032,,
52002,12032,,
52003,12032,,
52004,12032,,
52005,12032,,
52006,12032,,
52007,12032,,
52008,12032,,
52009,12032,,
52010,12032,,
52011,12032,,
52012,12032,,
52013,12032,,
52014,12032,,
52015,12032,,
52016,12032,,
52017,12032,,
52018,12032,,
52019,12032,,
52020,12032,,
52021,12032,,
52022,12032,,
52023,12032,,
52024,12032,,
52025,12032,,
52026,12032,,
52027,12032,,
52028,12032,,
52029,12032,,
52030,12032,,
52031,12032,,
52032,12032,,
52033,12032,,
52034,12032,,
52035,12032,,
52036,12032,,
52037,12032,,
52038,12032,,
52039,12032,,
52040,12032,,
52041,12032,,
52042,12032,,
52043,12032,,
52044,12032,,
52045,12032,,
52046,12032,,
52047,12032,,
52048,12032,,
52049,12032,,
52050,12032,,
52051,12032,,
52052,12032,,
52053,12032,,
52054,12032,,
52055,12032,,
52056,12032,,
52057,12032,,
52058,12032,,
52059,12032,,
52060,12032,,
52061,12032,,
52062,12032,,
52063,12032,,
52064,12032,,
52065,12032,,
52066,12032,,
52067,12032,,
52068,12032,,
52069,12032,,
52070,12032,,
52071,12032,,
52072,12032,,
52073,12032,,
52074,12032,,
52075,12032,,
52076,12032,,
52077,12032,,
52078,12032,,
52079,12032,,
52080,12032,,
52081,12032,,
52082,12032,,
52083,12032,,
52084,12032,,
52085,12032,,
52086,12032,,
52087,12032,,
52088,12032,,
52089,12032,,
52090,12032,,
52091,12032,,
52092,12032,,
52093,12032,,
52094,12032,,
52095,12032,,
52096,12032,,
52097,12032,,
52098,12032,,
52099,12032,,
52100,12032,,
52101,12032,,
52102,12032,,
52103,12032,,
52104,12032,,
52105,12032,,
52106,12032,,
52107,12032,,
52108,12032,,
52109,12032,,
52110,12032,,
52111,12032,,
52112,12032,,
52113,12032,,
52114,12032,,
52115,12032,,
52116,12032,,
52117,12032,,
52118,12032,,
52119,12032,,
52120,12032,,
52121,12032,,
52122,12032,,
52123,12032,,
52124,12032,,
52125,12032,,
52126,12032,,
52127,12032,,
52128,12032,,
52129,12032,,
52130,12032,,
52131,12032,,
52132,12032,,
52133,12032,,
52134,12032,,
52135,12032,,
52136,12032,,
52137,12032,,
52138,12032,,
52139,12032,,
52140,12032,,
52141,12032,,
52142,12032,,
52143,12032,,
52144,12032,,
52145,12032,,
52146,12032,,
52147,12032,,
52148,12032,,
52149,12032,,
52150,12032,,
52151,12032,,
52152,12032,,
52153,12032,,
52154,12032,,
52155,12032,,
52156,12032,,
52157,12032,,
52158,12032,,
52159,12032,,
52160,12032,,
52161,12032,,
52162,12032,,
52163,12032,,
52164,12032,,
52165,12032,,
52166,12032,,
52167,12032,,
52168,12032,,
52169,12032,,
52170,12032,,
52171,12032,,
52172,12032,,
52173,12032,,
52174,12032,,
52175,12032,,
52176,12032,,
52177,12032,,
52178,12032,,
52179,12032,,
52180,12032,,
52181,12032,,
52182,12032,,
52183,12032,,
52184,12032,,
52185,12032,,
52186,12032,,
52187,12032,,
52188,12032,,
52189,12032,,
52190,12032,,
52191,12032,,
52192,12032,,
52193,12032,,
52194,12032,,
52195,12032,,
52196,12032,,
52197,12032,,
52198,12032,,
52199,12032,,
52200,12032,,
52201,12032,,
52202,12032,,
52203,12032,,
52204,12032,,
52205,12032,,
52206,12032,,
52207,12032,,
52208,12032,,
52209,12032,,
52210,12032,,
52211,12032,,
52212,12032,,
52213,12032,,
52214,12032,,
52215,12032,,
52216,12032,,
52217,12032,,
52218,12032,,
52219,12032,,
52220,12032,,
52221,12032,,
52222,12032,,
52223,12032,,
52224,12032,,
52225,12032,,
52226,12032,,
52227,12032,,
52228,12032,,
52229,12032,,
52230,12032,,
52231,12032,,
52232,12032,,
52233,12032,,
52234,12032,,
52235,12032,,
52236,12032,,
52237,12032,,
52238,12032,,
52239,12032,,
52240,12032,,
52241,12032,,
52242,12032,,
52243,12032,,
52244,12032,,
52245,12032,,
52246,12032,,
52247,12032,,
52248,12032,,
52249,12032,,
52250,12032,,
52251,12032,,
52252,12032,,
52253,12032,,
52254,12032,,
52255,12032,,
52256,12032,,
52257,12032,,
52258,12032,,
52259,12032,,
52260,12032,,
52261,12032,,
52262,12032,,
52263,12032,,
52264,12032,,
52265,12032,,
52266,12032,,
52267,12032,,
52268,12032,,
52269,12032,,
52270,12032,,
52271,12032,,
52272,12032,,
52273,12032,,
52274,12032,,
52275,12032,,
52276,12032,,
52277,12032,,
52278,12032,,
52279,12032,,
52280,12032,,
52281,12032,,
52282,12032,,
52283,12032,,
52284,12032,,
52285,12032,,
52286,12032,,
52287,12032,,
52288,12032,,
52289,12032,,
52290,12032,,
52291,12032,,
52292,12032,,
52293,12032,,
52294,12032,,
52295,12032,,
52296,12032,,
52297,12032,,
52298,12032,,
52299,12032,,
52300,12032,,
52301,12032,,
52302,12032,,
52303,12032,,
52304,12032,,
52305,12032,,
52306,12032,,
52307,12032,,
52308,12032,,
52309,12032,,
52310,12032,,
52311,12032,,
52312,12032,,
52313,12032,,
52314,12032,,
52315,12032,,
52316,12032,,
52317,12032,,
52318,12032,,
52319,12032,,
52320,12032,,
52321,12032,,
52322,12032,,
52323,12032,,
52324,12032,,
52325,12032,,
52326,12032,,
52327,12032,,
52328,12032,,
52329,12032,,
52330,12032,,
52331,12032,,
52332,12032,,
52333,12032,,
52334,12032,,
52335,12032,,
52336,12032,,
52337,12032,,
52338,12032,,
52339,12032,,
52340,12032,,
52341,12032,,
52342,12032,,
52343,12032,,
52344,12032,,
52345,12032,,
52346,12032,,
52347,12032,,
52348,12032,,
52349,12032,,
52350,12032,,
52351,12032,,
52352,12032,,
52353,12032,,
52354,12032,,
52355,12032,,
52356,12032,,
52357,12032,,
52358,12032,,
52359,12032,,
52360,12032,,
52361,12032,,
52362,12032,,
52363,12032,,
52364,12032,,
52365,12032,,
52366,12032,,
52367,12032,,
52368,12032,,
52369,12032,,
52370,12032,,
52371,12032,,
52372,12032,,
52373,12032,,
52374,12032,,
52375,12032,,
52376,12032,,
52377,12032,,
52378,12032,,
52379,12032,,
52380,12032,,
52381,12032,,
52382,12032,,
52383,12032,,
52384,12032,,
52385,12032,,
52386,12032,,
52387,12032,,
52388,12032,,
52389,12032,,
52390,12032,,
52391,12032,,
52392,12032,,
52393,12032,,
52394,12032,,
52395,12032,,
52396,12032,,
52397,12032,,
52398,12032,,
52399,12032,,
52400,12032,,
52401,12032,,
52402,12032,,
52403,12032,,
52404,12032,,
52405,12032,,
52406,12032,,
52407,12032,,
52408,12032,,
52409,12032,,
52410,12032,,
52411,12032,,
52412,12032,,
52413,12032,,
52414,12032,,
52415,12032,,
52416,12032,,
52417,12032,,
52418,12032,,
52419,12032,,
52420,12032,,
52421,12032,,
52422,12032,,
52423,12032,,
52424,12032,,
52425,12032,,
52426,12032,,
52427,12032,,
52428,12032,,
52429,12032,,
52430,12032,,
52431,12032,,
52432,12032,,
52433,12032,,
52434,12032,,
52435,12032,,
52436,12032,,
52437,12032,,
52438,12032,,
52439,12032,,
52440,12032,,
52441,12032,,
52442,12032,,
52443,12032,,
52444,12032,,
52445,12032,,
52446,12032,,
52447,12032,,
52448,12032,,
52449,12032,,
52450,12032,,
52451,12032,,
52452,12032,,
52453,12032,,
52454,12032,,
52455,12032,,
52456,12032,,
52457,12032,,
52458,12032,,
52459,12032,,
52460,12032,,
52461,12032,,
52462,12032,,
52463,12032,,
52464,12032,,
52465,12032,,
52466,12032,,
52467,12032,,
52468,12032,,
52469,12032,,
52470,12032,,
52471,12032,,
52472,12032,,
52473,12032,,
52474,12032,,
52475,12032,,
52476,12032,,
52477,12032,,
52478,12032,,
52479,12032,,
52480,12032,,
52481,12032,,
52482,12032,,
52483,12032,,
52484,12032,,
52485,12032,,
52486,12032,,
52487,12032,,
52488,12032,,
52489,12032,,
52490,12032,,
52491,12032,,
52492,12032,,
52493,12032,,
52494,12032,,
52495,12032,,
52496,12032,,
52497,12032,,
52498,12032,,
52499,12032,,
52500,12032,,
52501,12032,,
52502,12032,,
52503,12032,,
52504,12032,,
52505,12032,,
52506,12032,,
52507,12032,,
52508,12032,,
52509,12032,,
52510,12032,,
52511,12032,,
52512,12032,,
52513,12032,,
52514,12032,,
52515,12032,,
52516,12032,,
52517,12032,,
52518,12032,,
52519,12032,,
52520,12032,,
52521,12032,,
52522,12032,,
52523,12032,,
52524,12032,,
52525,12032,,
52526,12032,,
52527,12032,,
52528,12032,,
52529,12032,,
52530,12032,,
52531,12032,,
52532,12032,,
52533,12032,,
52534,12032,,
52535,12032,,
52536,12032,,
52537,12032,,
52538,12032,,
52539,12032,,
52540,12032,,
52541,12032,,
52542,12032,,
52543,12032,,
52544,12032,,
52545,12032,,
52546,12032,,
52547,12032,,
52548,12032,,
52549,12032,,
52550,12032,,
52551,12032,,
52552,12032,,
52553,12032,,
52554,12032,,
52555,12032,,
52556,12032,,
52557,12032,,
52558,12032,,
52559,12032,,
52560,12032,,
52561,12032,,
52562,12032,,
52563,12032,,
52564,12032,,
52565,12032,,
52566,12032,,
52567,12032,,
52568,12032,,
52569,12032,,
52570,12032,,
52571,12032,,
52572,12032,,
52573,12032,,
52574,12032,,
52575,12032,,
52576,12032,,
52577,12032,,
52578,12032,,
52579,12032,,
52580,12032,,
52581,12032,,
52582,12032,,
52583,12032,,
52584,12032,,
52585,12032,,
52586,12032,,
52587,12032,,
52588,12032,,
52589,12032,,
52590,12032,,
52591,12032,,
52592,12032,,
52593,12032,,
52594,12032,,
52595,12032,,
52596,12032,,
52597,12032,,
52598,12032,,
52599,12032,,
52600,12032,,
52601,12032,,
52602,12032,,
52603,12032,,
52604,12032,,
52605,12032,,
52606,12032,,
52607,12032,,
52608,12032,,
52609,12032,,
52610,12032,,
52611,12032,,
52612,12032,,
52613,12032,,
52614,12032,,
52615,12032,,
52616,12032,,
52617,12032,,
52618,12032,,
52619,12032,,
52620,12032,,
52621,12032,,
52622,12032,,
52623,12032,,
52624,12032,,
52625,12032,,
52626,12032,,
52627,12032,,
52628,12032,,
52629,12032,,
52630,12032,,
52631,12032,,
52632,12032,,
52633,12032,,
52634,12032,,
52635,12032,,
52636,12032,,
52637,12032,,
52638,12032,,
52639,12032,,
52640,12032,,
52641,12032,,
52642,12032,,
52643,12032,,
52644,12032,,
52645,12032,,
52646,12032,,
52647,12032,,
52648,12032,,
52649,12032,,
52650,12032,,
52651,12032,,
52652,12032,,
52653,12032,,
52654,12032,,
52655,12032,,
52656,12032,,
52657,12032,,
52658,12032,,
52659,12032,,
52660,12032,,
52661,12032,,
52662,12032,,
52663,12032,,
52664,12032,,
52665,12032,,
52666,12032,,
52667,12032,,
52668,12032,,
52669,12032,,
52670,12032,,
52671,12032,,
52672,12032,,
52673,12032,,
52674,12032,,
52675,12032,,
52676,12032,,
52677,12032,,
52678,12032,,
52679,12032,,
52680,12032,,
52681,12032,,
52682,12032,,
52683,12032,,
52684,12032,,
52685,12032,,
52686,12032,,
52687,12032,,
52688,12032,,
52689,12032,,
52690,12032,,
52691,12032,,
52692,12032,,
52693,12032,,
52694,12032,,
52695,12032,,
52696,12032,,
52697,12032,,
52698,12032,,
52699,12032,,
52700,12032,,
52701,12032,,
52702,12032,,
52703,12032,,
52704,12032,,
52705,12032,,
52706,12032,,
52707,12032,,
52708,12032,,
52709,12032,,
52710,12032,,
52711,12032,,
52712,12032,,
52713,12032,,
52714,12032,,
52715,12032,,
52716,12032,,
52717,12032,,
52718,12032,,
52719,12032,,
52720,12032,,
52721,12032,,
52722,12032,,
52723,12032,,
52724,12032,,
52725,12032,,
52726,12032,,
52727,12032,,
52728,12032,,
52729,12032,,
52730,12032,,
52731,12032,,
52732,12032,,
52733,12032,,
52734,12032,,
52735,12032,,
52736,12032,,
52737,12032,,
52738,12032,,
52739,12032,,
52740,12032,,
52741,12032,,
52742,12032,,
52743,12032,,
52744,12032,,
52745,12032,,
52746,12032,,
52747,12032,,
52748,12032,,
52749,12032,,
52750,12032,,
52751,12032,,
52752,12032,,
52753,12032,,
52754,12032,,
52755,12032,,
52756,12032,,
52757,12032,,
52758,12032,,
52759,12032,,
52760,12032,,
52761,12032,,
52762,12032,,
52763,12032,,
52764,12032,,
52765,12032,,
52766,12032,,
52767,12032,,
52768,12032,,
52769,12032,,
52770,12032,,
52771,12032,,
52772,12032,,
52773,12032,,
52774,12032,,
52775,12032,,
52776,12032,,
52777,12032,,
52778,12032,,
52779,12032,,
52780,12032,,
52781,12032,,
52782,12032,,
52783,12032,,
52784,12032,,
52785,12032,,
52786,12032,,
52787,12032,,
52788,12032,,
52789,12032,,
52790,12032,,
52791,12032,,
52792,12032,,
52793,12032,,
52794,12032,,
52795,12032,,
52796,12032,,
52797,12032,,
52798,12032,,
52799,12032,,
52800,12032,,
52801,12032,,
52802,12032,,
52803,12032,,
52804,12032,,
52805,12032,,
52806,12032,,
52807,12032,,
52808,12032,,
52809,12032,,
52810,12032,,
52811,12032,,
52812,12032,,
52813,12032,,
52814,12032,,
52815,12032,,
52816,12032,,
52817,12032,,
52818,12032,,
52819,12032,,
52820,12032,,
52821,12032,,
52822,12032,,
52823,12032,,
52824,12032,,
52825,12032,,
52826,12032,,
52827,12032,,
52828,12032,,
52829,12032,,
52830,12032,,
52831,12032,,
52832,12032,,
52833,12032,,
52834,12032,,
52835,12032,,
52836,12032,,
52837,12032,,
52838,12032,,
52839,12032,,
52840,12032,,
52841,12032,,
52842,12032,,
52843,12032,,
52844,12032,,
52845,12032,,
52846,12032,,
52847,12032,,
52848,12032,,
52849,12032,,
52850,12032,,
52851,12032,,
52852,12032,,
52853,12032,,
52854,12032,,
52855,12032,,
52856,12032,,
52857,12032,,
52858,12032,,
52859,12032,,
52860,12032,,
52861,12032,,
52862,12032,,
52863,12032,,
52864,12032,,
52865,12032,,
52866,12032,,
52867,12032,,
52868,12032,,
52869,12032,,
52870,12032,,
52871,12032,,
52872,12032,,
52873,12032,,
52874,12032,,
52875,12032,,
52876,12032,,
52877,12032,,
52878,12032,,
52879,12032,,
52880,12032,,
52881,12032,,
52882,12032,,
52883,12032,,
52884,12032,,
52885,12032,,
52886,12032,,
52887,12032,,
52888,12032,,
52889,12032,,
52890,12032,,
52891,12032,,
52892,12032,,
52893,12032,,
52894,12032,,
52895,12032,,
52896,12032,,
52897,12032,,
52898,12032,,
52899,12032,,
52900,12032,,
52901,12032,,
52902,12032,,
52903,12032,,
52904,12032,,
52905,12032,,
52906,12032,,
52907,12032,,
52908,12032,,
52909,12032,,
52910,12032,,
52911,12032,,
52912,12032,,
52913,12032,,
52914,12032,,
52915,12032,,
52916,12032,,
52917,12032,,
52918,12032,,
52919,12032,,
52920,12032,,
52921,12032,,
52922,12032,,
52923,12032,,
52924,12032,,
52925,12032,,
52926,12032,,
52927,12032,,
52928,12032,,
52929,12032,,
52930,12032,,
52931,12032,,
52932,12032,,
52933,12032,,
52934,12032,,
52935,12032,,
52936,12032,,
52937,12032,,
52938,12032,,
52939,12032,,
52940,12032,,
52941,12032,,
52942,12032,,
52943,12032,,
52944,12032,,
52945,12032,,
52946,12032,,
52947,12032,,
52948,12032,,
52949,12032,,
52950,12032,,
52951,12032,,
52952,12032,,
52953,12032,,
52954,12032,,
52955,12032,,
52956,12032,,
52957,12032,,
52958,12032,,
52959,12032,,
52960,12032,,
52961,12032,,
52962,12032,,
52963,12032,,
52964,12032,,
52965,12032,,
52966,12032,,
52967,12032,,
52968,12032,,
52969,12032,,
52970,12032,,
52971,12032,,
52972,12032,,
52973,12032,,
52974,12032,,
52975,12032,,
52976,12032,,
52977,12032,,
52978,12032,,
52979,12032,,
52980,12032,,
52981,12032,,
52982,12032,,
52983,12032,,
52984,12032,,
52985,12032,,
52986,12032,,
52987,12032,,
52988,12032,,
52989,12032,,
52990,12032,,
52991,12032,,
52992,12032,,
52993,12032,,
52994,12032,,
52995,12032,,
52996,12032,,
52997,12032,,
52998,12032,,
52999,12032,,
53000,12032,,
53001,12032,,
53002,12032,,
53003,12032,,
53004,12032,,
53005,12032,,
53006,12032,,
53007,12032,,
53008,12032,,
53009,12032,,
53010,12032,,
53011,12032,,
53012,12032,,
53013,12032,,
53014,12032,,
53015,12032,,
53016,12032,,
53017,12032,,
53018,12032,,
53019,12032,,
53020,12032,,
53021,12032,,
53022,12032,,
53023,12032,,
53024,12032,,
53025,12032,,
53026,12032,,
53027,12032,,
53028,12032,,
53029,12032,,
53030,12032,,
53031,12032,,
53032,12032,,
53033,12032,,
53034,12032,,
53035,12032,,
53036,12032,,
53037,12032,,
53038,12032,,
53039,12032,,
53040,12032,,
53041,12032,,
53042,12032,,
53043,12032,,
53044,12032,,
53045,12032,,
53046,12032,,
53047,12032,,
53048,12032,,
53049,12032,,
53050,12032,,
53051,12032,,
53052,12032,,
53053,12032,,
53054,12032,,
53055,12032,,
53056,12032,,
53057,12032,,
53058,12032,,
53059,12032,,
53060,12032,,
53061,12032,,
53062,12032,,
53063,12032,,
53064,12032,,
53065,12032,,
53066,12032,,
53067,12032,,
53068,12032,,
53069,12032,,
53070,12032,,
53071,12032,,
53072,12032,,
53073,12032,,
53074,12032,,
53075,12032,,
53076,12032,,
53077,12032,,
53078,12032,,
53079,12032,,
53080,12032,,
53081,12032,,
53082,12032,,
53083,12032,,
53084,12032,,
53085,12032,,
53086,12032,,
53087,12032,,
53088,12032,,
53089,12032,,
53090,12032,,
53091,12032,,
53092,12032,,
53093,12032,,
53094,12032,,
53095,12032,,
53096,12032,,
53097,12032,,
53098,12032,,
53099,12032,,
53100,12032,,
53101,12032,,
53102,12032,,
53103,12032,,
53104,12032,,
53105,12032,,
53106,12032,,
53107,12032,,
53108,12032,,
53109,12032,,
53110,12032,,
53111,12032,,
53112,12032,,
53113,12032,,
53114,12032,,
53115,12032,,
53116,12032,,
53117,12032,,
53118,12032,,
53119,12032,,
53120,12032,,
53121,12032,,
53122,12032,,
53123,12032,,
53124,12032,,
53125,12032,,
53126,12032,,
53127,12032,,
53128,12032,,
53129,12032,,
53130,12032,,
53131,12032,,
53132,12032,,
53133,12032,,
53134,12032,,
53135,12032,,
53136,12032,,
53137,12032,,
53138,12032,,
53139,12032,,
53140,12032,,
53141,12032,,
53142,12032,,
53143,12032,,
53144,12032,,
53145,12032,,
53146,12032,,
53147,12032,,
53148,12032,,
53149,12032,,
53150,12032,,
53151,12032,,
53152,12032,,
53153,12032,,
53154,12032,,
53155,12032,,
53156,12032,,
53157,12032,,
53158,12032,,
53159,12032,,
53160,12032,,
53161,12032,,
53162,12032,,
53163,12032,,
53164,12032,,
53165,12032,,
53166,12032,,
53167,12032,,
53168,12032,,
53169,12032,,
53170,12032,,
53171,12032,,
53172,12032,,
53173,12032,,
53174,12032,,
53175,12032,,
53176,12032,,
53177,12032,,
53178,12032,,
53179,12032,,
53180,12032,,
53181,12032,,
53182,12032,,
53183,12032,,
53184,12032,,
53185,12032,,
53186,12032,,
53187,12032,,
53188,12032,,
53189,12032,,
53190,12032,,
53191,12032,,
53192,12032,,
53193,12032,,
53194,12032,,
53195,12032,,
53196,12032,,
53197,12032,,
53198,12032,,
53199,12032,,
53200,12032,,
53201,12032,,
53202,12032,,
53203,12032,,
53204,12032,,
53205,12032,,
53206,12032,,
53207,12032,,
53208,12032,,
53209,12032,,
53210,12032,,
53211,12032,,
53212,12032,,
53213,12032,,
53214,12032,,
53215,12032,,
53216,12032,,
53217,12032,,
53218,12032,,
53219,12032,,
53220,12032,,
53221,12032,,
53222,12032,,
53223,12032,,
53224,12032,,
53225,12032,,
53226,12032,,
53227,12032,,
53228,12032,,
53229,12032,,
53230,12032,,
53231,12032,,
53232,12032,,
53233,12032,,
53234,12032,,
53235,12032,,
53236,12032,,
53237,12032,,
53238,12032,,
53239,12032,,
53240,12032,,
53241,12032,,
53242,12032,,
53243,12032,,
53244,12032,,
53245,12032,,
53246,12032,,
53247,12032,,
53248,12032,,
53249,12032,,
53250,12032,,
53251,12032,,
53252,12032,,
53253,12032,,
53254,12032,,
53255,12032,,
53256,12032,,
53257,12032,,
53258,12032,,
53259,12032,,
53260,12032,,
53261,12032,,
53262,12032,,
53263,12032,,
53264,12032,,
53265,12032,,
53266,12032,,
53267,12032,,
53268,12032,,
53269,12032,,
53270,12032,,
53271,12032,,
53272,12032,,
53273,12032,,
53274,12032,,
53275,12032,,
53276,12032,,
53277,12032,,
53278,12032,,
53279,12032,,
53280,12032,,
53281,12032,,
53282,12032,,
53283,12032,,
53284,12032,,
53285,12032,,
53286,12032,,
53287,12032,,
53288,12032,,
53289,12032,,
53290,12032,,
53291,12032,,
53292,12032,,
53293,12032,,
53294,12032,,
53295,12032,,
53296,12032,,
53297,12032,,
53298,12032,,
53299,12032,,
53300,12032,,
53301,12032,,
53302,12032,,
53303,12032,,
53304,12032,,
53305,12032,,
53306,12032,,
53307,12032,,
53308,12032,,
53309,12032,,
53310,12032,,
53311,12032,,
53312,12032,,
53313,12032,,
53314,12032,,
53315,12032,,
53316,12032,,
53317,12032,,
53318,12032,,
53319,12032,,
53320,12032,,
53321,12032,,
53322,12032,,
53323,12032,,
53324,12032,,
53325,12032,,
53326,12032,,
53327,12032,,
53328,12032,,
53329,12032,,
53330,12032,,
53331,12032,,
53332,12032,,
53333,12032,,
53334,12032,,
53335,12032,,
53336,12032,,
53337,12032,,
53338,12032,,
53339,12032,,
53340,12032,,
53341,12032,,
53342,12032,,
53343,12032,,
53344,12032,,
53345,12032,,
53346,12032,,
53347,12032,,
53348,12032,,
53349,12032,,
53350,12032,,
53351,12032,,
53352,12032,,
53353,12032,,
53354,12032,,
53355,12032,,
53356,12032,,
53357,12032,,
53358,12032,,
53359,12032,,
53360,12032,,
53361,12032,,
53362,12032,,
53363,12032,,
53364,12032,,
53365,12032,,
53366,12032,,
53367,12032,,
53368,12032,,
53369,12032,,
53370,12032,,
53371,12032,,
53372,12032,,
53373,12032,,
53374,12032,,
53375,12032,,
53376,12032,,
53377,12032,,
53378,12032,,
53379,12032,,
53380,12032,,
53381,12032,,
53382,12032,,
53383,12032,,
53384,12032,,
53385,12032,,
53386,12032,,
53387,12032,,
53388,12032,,
53389,12032,,
53390,12032,,
53391,12032,,
53392,12032,,
53393,12032,,
53394,12032,,
53395,12032,,
53396,12032,,
53397,12032,,
53398,12032,,
53399,12032,,
53400,12032,,
53401,12032,,
53402,12032,,
53403,12032,,
53404,12032,,
53405,12032,,
53406,12032,,
53407,12032,,
53408,12032,,
53409,12032,,
53410,12032,,
53411,12032,,
53412,12032,,
53413,12032,,
53414,12032,,
53415,12032,,
53416,12032,,
53417,12032,,
53418,12032,,
53419,12032,,
53420,12032,,
53421,12032,,
53422,12032,,
53423,12032,,
53424,12032,,
53425,12032,,
53426,12032,,
53427,12032,,
53428,12032,,
53429,12032,,
53430,12032,,
53431,12032,,
53432,12032,,
53433,12032,,
53434,12032,,
53435,12032,,
53436,12032,,
53437,12032,,
53438,12032,,
53439,12032,,
53440,12032,,
53441,12032,,
53442,12032,,
53443,12032,,
53444,12032,,
53445,12032,,
53446,12032,,
53447,12032,,
53448,12032,,
53449,12032,,
53450,12032,,
53451,12032,,
53452,12032,,
53453,12032,,
53454,12032,,
53455,12032,,
53456,12032,,
53457,12032,,
53458,12032,,
53459,12032,,
53460,12032,,
53461,12032,,
53462,12032,,
53463,12032,,
53464,12032,,
53465,12032,,
53466,12032,,
53467,12032,,
53468,12032,,
53469,12032,,
53470,12032,,
53471,12032,,
53472,12032,,
53473,12032,,
53474,12032,,
53475,12032,,
53476,12032,,
53477,12032,,
53478,12032,,
53479,12032,,
53480,12032,,
53481,12032,,
53482,12032,,
53483,12032,,
53484,12032,,
53485,12032,,
53486,12032,,
53487,12032,,
53488,12032,,
53489,12032,,
53490,12032,,
53491,12032,,
53492,12032,,
53493,12032,,
53494,12032,,
53495,12032,,
53496,12032,,
53497,12032,,
53498,12032,,
53499,12032,,
53500,12032,,
53501,12032,,
53502,12032,,
53503,12032,,
53504,12032,,
53505,12032,,
53506,12032,,
53507,12032,,
53508,12032,,
53509,12032,,
53510,12032,,
53511,12032,,
53512,12032,,
53513,12032,,
53514,12032,,
53515,12032,,
53516,12032,,
53517,12032,,
53518,12032,,
53519,12032,,
53520,12032,,
53521,12032,,
53522,12032,,
53523,12032,,
53524,12032,,
53525,12032,,
53526,12032,,
53527,12032,,
53528,12032,,
53529,12032,,
53530,12032,,
53531,12032,,
53532,12032,,
53533,12032,,
53534,12032,,
53535,12032,,
53536,12032,,
53537,12032,,
53538,12032,,
53539,12032,,
53540,12032,,
53541,12032,,
53542,12032,,
53543,12032,,
53544,12032,,
53545,12032,,
53546,12032,,
53547,12032,,
53548,12032,,
53549,12032,,
53550,12032,,
53551,12032,,
53552,12032,,
53553,12032,,
53554,12032,,
53555,12032,,
53556,12032,,
53557,12032,,
53558,12032,,
53559,12032,,
53560,12032,,
53561,12032,,
53562,12032,,
53563,12032,,
53564,12032,,
53565,12032,,
53566,12032,,
53567,12032,,
53568,12032,,
53569,12032,,
53570,12032,,
53571,12032,,
53572,12032,,
53573,12032,,
53574,12032,,
53575,12032,,
53576,12032,,
53577,12032,,
53578,12032,,
53579,12032,,
53580,12032,,
53581,12032,,
53582,12032,,
53583,12032,,
53584,12032,,
53585,12032,,
53586,12032,,
53587,12032,,
53588,12032,,
53589,12032,,
53590,12032,,
53591,12032,,
53592,12032,,
53593,12032,,
53594,12032,,
53595,12032,,
53596,12032,,
53597,12032,,
53598,12032,,
53599,12032,,
53600,12032,,
53601,12032,,
53602,12032,,
53603,12032,,
53604,12032,,
53605,12032,,
53606,12032,,
53607,12032,,
53608,12032,,
53609,12032,,
53610,12032,,
53611,12032,,
53612,12032,,
53613,12032,,
53614,12032,,
53615,12032,,
53616,12032,,
53617,12032,,
53618,12032,,
53619,12032,,
53620,12032,,
53621,12032,,
53622,12032,,
53623,12032,,
53624,12032,,
53625,12032,,
53626,12032,,
53627,12032,,
53628,12032,,
53629,12032,,
53630,12032,,
53631,12032,,
53632,12032,,
53633,12032,,
53634,12032,,
53635,12032,,
53636,12032,,
53637,12032,,
53638,12032,,
53639,12032,,
53640,12032,,
53641,12032,,
53642,12032,,
53643,12032,,
53644,12032,,
53645,12032,,
53646,12032,,
53647,12032,,
53648,12032,,
53649,12032,,
53650,12032,,
53651,12032,,
53652,12032,,
53653,12032,,
53654,12032,,
53655,12032,,
53656,12032,,
53657,12032,,
53658,12032,,
53659,12032,,
53660,12032,,
53661,12032,,
53662,12032,,
53663,12032,,
53664,12032,,
53665,12032,,
53666,12032,,
53667,12032,,
53668,12032,,
53669,12032,,
53670,12032,,
53671,12032,,
53672,12032,,
53673,12032,,
53674,12032,,
53675,12032,,
53676,12032,,
53677,12032,,
53678,12032,,
53679,12032,,
53680,12032,,
53681,12032,,
53682,12032,,
53683,12032,,
53684,12032,,
53685,12032,,
53686,12032,,
53687,12032,,
53688,12032,,
53689,12032,,
53690,12032,,
53691,12032,,
53692,12032,,
53693,12032,,
53694,12032,,
53695,12032,,
53696,12032,,
53697,12032,,
53698,12032,,
53699,12032,,
53700,12032,,
53701,12032,,
53702,12032,,
53703,12032,,
53704,12032,,
53705,12032,,
53706,12032,,
53707,12032,,
53708,12032,,
53709,12032,,
53710,12032,,
53711,12032,,
53712,12032,,
53713,12032,,
53714,12032,,
53715,12032,,
53716,12032,,
53717,12032,,
53718,12032,,
53719,12032,,
53720,12032,,
53721,12032,,
53722,12032,,
53723,12032,,
53724,12032,,
53725,12032,,
53726,12032,,
53727,12032,,
53728,12032,,
53729,12032,,
53730,12032,,
53731,12032,,
53732,12032,,
53733,12032,,
53734,12032,,
53735,12032,,
53736,12032,,
53737,12032,,
53738,12032,,
53739,12032,,
53740,12032,,
53741,12032,,
53742,12032,,
53743,12032,,
53744,12032,,
53745,12032,,
53746,12032,,
53747,12032,,
53748,12032,,
53749,12032,,
53750,12032,,
53751,12032,,
53752,12032,,
53753,12032,,
53754,12032,,
53755,12032,,
53756,12032,,
53757,12032,,
53758,12032,,
53759,12032,,
53760,12032,,
53761,12032,,
53762,12032,,
53763,12032,,
53764,12032,,
53765,12032,,
53766,12032,,
53767,12032,,
53768,12032,,
53769,12032,,
53770,12032,,
53771,12032,,
53772,12032,,
53773,12032,,
53774,12032,,
53775,12032,,
53776,12032,,
53777,12032,,
53778,12032,,
53779,12032,,
53780,12032,,
53781,12032,,
53782,12032,,
53783,12032,,
53784,12032,,
53785,12032,,
53786,12032,,
53787,12032,,
53788,12032,,
53789,12032,,
53790,12032,,
53791,12032,,
53792,12032,,
53793,12032,,
53794,12032,,
53795,12032,,
53796,12032,,
53797,12032,,
53798,12032,,
53799,12032,,
53800,12032,,
53801,12032,,
53802,12032,,
53803,12032,,
53804,12032,,
53805,12032,,
53806,12032,,
53807,12032,,
53808,12032,,
53809,12032,,
53810,12032,,
53811,12032,,
53812,12032,,
53813,12032,,
53814,12032,,
53815,12032,,
53816,12032,,
53817,12032,,
53818,12032,,
53819,12032,,
53820,12032,,
53821,12032,,
53822,12032,,
53823,12032,,
53824,12032,,
53825,12032,,
53826,12032,,
53827,12032,,
53828,12032,,
53829,12032,,
53830,12032,,
53831,12032,,
53832,12032,,
53833,12032,,
53834,12032,,
53835,12032,,
53836,12032,,
53837,12032,,
53838,12032,,
53839,12032,,
53840,12032,,
53841,12032,,
53842,12032,,
53843,12032,,
53844,12032,,
53845,12032,,
53846,12032,,
53847,12032,,
53848,12032,,
53849,12032,,
53850,12032,,
53851,12032,,
53852,12032,,
53853,12032,,
53854,12032,,
53855,12032,,
53856,12032,,
53857,12032,,
53858,12032,,
53859,12032,,
53860,12032,,
53861,12032,,
53862,12032,,
53863,12032,,
53864,12032,,
53865,12032,,
53866,12032,,
53867,12032,,
53868,12032,,
53869,12032,,
53870,12032,,
53871,12032,,
53872,12032,,
53873,12032,,
53874,12032,,
53875,12032,,
53876,12032,,
53877,12032,,
53878,12032,,
53879,12032,,
53880,12032,,
53881,12032,,
53882,12032,,
53883,12032,,
53884,12032,,
53885,12032,,
53886,12032,,
53887,12032,,
53888,12032,,
53889,12032,,
53890,12032,,
53891,12032,,
53892,12032,,
53893,12032,,
53894,12032,,
53895,12032,,
53896,12032,,
53897,12032,,
53898,12032,,
53899,12032,,
53900,12032,,
53901,12032,,
53902,12032,,
53903,12032,,
53904,12032,,
53905,12032,,
53906,12032,,
53907,12032,,
53908,12032,,
53909,12032,,
53910,12032,,
53911,12032,,
53912,12032,,
53913,12032,,
53914,12032,,
53915,12032,,
53916,12032,,
53917,12032,,
53918,12032,,
53919,12032,,
53920,12032,,
53921,12032,,
53922,12032,,
53923,12032,,
53924,12032,,
53925,12032,,
53926,12032,,
53927,12032,,
53928,12032,,
53929,12032,,
53930,12032,,
53931,12032,,
53932,12032,,
53933,12032,,
53934,12032,,
53935,12032,,
53936,12032,,
53937,12032,,
53938,12032,,
53939,12032,,
53940,12032,,
53941,12032,,
53942,12032,,
53943,12032,,
53944,12032,,
53945,12032,,
53946,12032,,
53947,12032,,
53948,12032,,
53949,12032,,
53950,12032,,
53951,12032,,
53952,12032,,
53953,12032,,
53954,12032,,
53955,12032,,
53956,12032,,
53957,12032,,
53958,12032,,
53959,12032,,
53960,12032,,
53961,12032,,
53962,12032,,
53963,12032,,
53964,12032,,
53965,12032,,
53966,12032,,
53967,12032,,
53968,12032,,
53969,12032,,
53970,12032,,
53971,12032,,
53972,12032,,
53973,12032,,
53974,12032,,
53975,12032,,
53976,12032,,
53977,12032,,
53978,12032,,
53979,12032,,
53980,12032,,
53981,12032,,
53982,12032,,
53983,12032,,
53984,12032,,
53985,12032,,
53986,12032,,
53987,12032,,
53988,12032,,
53989,12032,,
53990,12032,,
53991,12032,,
53992,12032,,
53993,12032,,
53994,12032,,
53995,12032,,
53996,12032,,
53997,12032,,
53998,12032,,
53999,12032,,
54000,12032,,
54001,12032,,
54002,12032,,
54003,12032,,
54004,12032,,
54005,12032,,
54006,12032,,
54007,12032,,
54008,12032,,
54009,12032,,
54010,12032,,
54011,12032,,
54012,12032,,
54013,12032,,
54014,12032,,
54015,12032,,
54016,12032,,
54017,12032,,
54018,12032,,
54019,12032,,
54020,12032,,
54021,12032,,
54022,12032,,
54023,12032,,
54024,12032,,
54025,12032,,
54026,12032,,
54027,12032,,
54028,12032,,
54029,12032,,
54030,12032,,
54031,12032,,
54032,12032,,
54033,12032,,
54034,12032,,
54035,12032,,
54036,12032,,
54037,12032,,
54038,12032,,
54039,12032,,
54040,12032,,
54041,12032,,
54042,12032,,
54043,12032,,
54044,12032,,
54045,12032,,
54046,12032,,
54047,12032,,
54048,12032,,
54049,12032,,
54050,12032,,
54051,12032,,
54052,12032,,
54053,12032,,
54054,12032,,
54055,12032,,
54056,12032,,
54057,12032,,
54058,12032,,
54059,12032,,
54060,12032,,
54061,12032,,
54062,12032,,
54063,12032,,
54064,12032,,
54065,12032,,
54066,12032,,
54067,12032,,
54068,12032,,
54069,12032,,
54070,12032,,
54071,12032,,
54072,12032,,
54073,12032,,
54074,12032,,
54075,12032,,
54076,12032,,
54077,12032,,
54078,12032,,
54079,12032,,
54080,12032,,
54081,12032,,
54082,12032,,
54083,12032,,
54084,12032,,
54085,12032,,
54086,12032,,
54087,12032,,
54088,12032,,
54089,12032,,
54090,12032,,
54091,12032,,
54092,12032,,
54093,12032,,
54094,12032,,
54095,12032,,
54096,12032,,
54097,12032,,
54098,12032,,
54099,12032,,
54100,12032,,
54101,12032,,
54102,12032,,
54103,12032,,
54104,12032,,
54105,12032,,
54106,12032,,
54107,12032,,
54108,12032,,
54109,12032,,
54110,12032,,
54111,12032,,
54112,12032,,
54113,12032,,
54114,12032,,
54115,12032,,
54116,12032,,
54117,12032,,
54118,12032,,
54119,12032,,
54120,12032,,
54121,12032,,
54122,12032,,
54123,12032,,
54124,12032,,
54125,12032,,
54126,12032,,
54127,12032,,
54128,12032,,
54129,12032,,
54130,12032,,
54131,12032,,
54132,12032,,
54133,12032,,
54134,12032,,
54135,12032,,
54136,12032,,
54137,12032,,
54138,12032,,
54139,12032,,
54140,12032,,
54141,12032,,
54142,12032,,
54143,12032,,
54144,12032,,
54145,12032,,
54146,12032,,
54147,12032,,
54148,12032,,
54149,12032,,
54150,12032,,
54151,12032,,
54152,12032,,
54153,12032,,
54154,12032,,
54155,12032,,
54156,12032,,
54157,12032,,
54158,12032,,
54159,12032,,
54160,12032,,
54161,12032,,
54162,12032,,
54163,12032,,
54164,12032,,
54165,12032,,
54166,12032,,
54167,12032,,
54168,12032,,
54169,12032,,
54170,12032,,
54171,12032,,
54172,12032,,
54173,12032,,
54174,12032,,
54175,12032,,
54176,12032,,
54177,12032,,
54178,12032,,
54179,12032,,
54180,12032,,
54181,12032,,
54182,12032,,
54183,12032,,
54184,12032,,
54185,12032,,
54186,12032,,
54187,12032,,
54188,12032,,
54189,12032,,
54190,12032,,
54191,12032,,
54192,12032,,
54193,12032,,
54194,12032,,
54195,12032,,
54196,12032,,
54197,12032,,
54198,12032,,
54199,12032,,
54200,12032,,
54201,12032,,
54202,12032,,
54203,12032,,
54204,12032,,
54205,12032,,
54206,12032,,
54207,12032,,
54208,12032,,
54209,12032,,
54210,12032,,
54211,12032,,
54212,12032,,
54213,12032,,
54214,12032,,
54215,12032,,
54216,12032,,
54217,12032,,
54218,12032,,
54219,12032,,
54220,12032,,
54221,12032,,
54222,12032,,
54223,12032,,
54224,12032,,
54225,12032,,
54226,12032,,
54227,12032,,
54228,12032,,
54229,12032,,
54230,12032,,
54231,12032,,
54232,12032,,
54233,12032,,
54234,12032,,
54235,12032,,
54236,12032,,
54237,12032,,
54238,12032,,
54239,12032,,
54240,12032,,
54241,12032,,
54242,12032,,
54243,12032,,
54244,12032,,
54245,12032,,
54246,12032,,
54247,12032,,
54248,12032,,
54249,12032,,
54250,12032,,
54251,12032,,
54252,12032,,
54253,12032,,
54254,12032,,
54255,12032,,
54256,12032,,
54257,12032,,
54258,12032,,
54259,12032,,
54260,12032,,
54261,12032,,
54262,12032,,
54263,12032,,
54264,12032,,
54265,12032,,
54266,12032,,
54267,12032,,
54268,12032,,
54269,12032,,
54270,12032,,
54271,12032,,
54272,12032,,
54273,12032,,
54274,12032,,
54275,12032,,
54276,12032,,
54277,12032,,
54278,12032,,
54279,12032,,
54280,12032,,
54281,12032,,
54282,12032,,
54283,12032,,
54284,12032,,
54285,12032,,
54286,12032,,
54287,12032,,
54288,12032,,
54289,12032,,
54290,12032,,
54291,12032,,
54292,12032,,
54293,12032,,
54294,12032,,
54295,12032,,
54296,12032,,
54297,12032,,
54298,12032,,
54299,12032,,
54300,12032,,
54301,12032,,
54302,12032,,
54303,12032,,
54304,12032,,
54305,12032,,
54306,12032,,
54307,12032,,
54308,12032,,
54309,12032,,
54310,12032,,
54311,12032,,
54312,12032,,
54313,12032,,
54314,12032,,
54315,12032,,
54316,12032,,
54317,12032,,
54318,12032,,
54319,12032,,
54320,12032,,
54321,12032,,
54322,12032,,
54323,12032,,
54324,12032,,
54325,12032,,
54326,12032,,
54327,12032,,
54328,12032,,
54329,12032,,
54330,12032,,
54331,12032,,
54332,12032,,
54333,12032,,
54334,12032,,
54335,12032,,
54336,12032,,
54337,12032,,
54338,12032,,
54339,12032,,
54340,12032,,
54341,12032,,
54342,12032,,
54343,12032,,
54344,12032,,
54345,12032,,
54346,12032,,
54347,12032,,
54348,12032,,
54349,12032,,
54350,12032,,
54351,12032,,
54352,12032,,
54353,12032,,
54354,12032,,
54355,12032,,
54356,12032,,
54357,12032,,
54358,12032,,
54359,12032,,
54360,12032,,
54361,12032,,
54362,12032,,
54363,12032,,
54364,12032,,
54365,12032,,
54366,12032,,
54367,12032,,
54368,12032,,
54369,12032,,
54370,12032,,
54371,12032,,
54372,12032,,
54373,12032,,
54374,12032,,
54375,12032,,
54376,12032,,
54377,12032,,
54378,12032,,
54379,12032,,
54380,12032,,
54381,12032,,
54382,12032,,
54383,12032,,
54384,12032,,
54385,12032,,
54386,12032,,
54387,12032,,
54388,12032,,
54389,12032,,
54390,12032,,
54391,12032,,
54392,12032,,
54393,12032,,
54394,12032,,
54395,12032,,
54396,12032,,
54397,12032,,
54398,12032,,
54399,12032,,
54400,12032,,
54401,12032,,
54402,12032,,
54403,12032,,
54404,12032,,
54405,12032,,
54406,12032,,
54407,12032,,
54408,12032,,
54409,12032,,
54410,12032,,
54411,12032,,
54412,12032,,
54413,12032,,
54414,12032,,
54415,12032,,
54416,12032,,
54417,12032,,
54418,12032,,
54419,12032,,
54420,12032,,
54421,12032,,
54422,12032,,
54423,12032,,
54424,12032,,
54425,12032,,
54426,12032,,
54427,12032,,
54428,12032,,
54429,12032,,
54430,12032,,
54431,12032,,
54432,12032,,
54433,12032,,
54434,12032,,
54435,12032,,
54436,12032,,
54437,12032,,
54438,12032,,
54439,12032,,
54440,12032,,
54441,12032,,
54442,12032,,
54443,12032,,
54444,12032,,
54445,12032,,
54446,12032,,
54447,12032,,
54448,12032,,
54449,12032,,
54450,12032,,
54451,12032,,
54452,12032,,
54453,12032,,
54454,12032,,
54455,12032,,
54456,12032,,
54457,12032,,
54458,12032,,
54459,12032,,
54460,12032,,
54461,12032,,
54462,12032,,
54463,12032,,
54464,12032,,
54465,12032,,
54466,12032,,
54467,12032,,
54468,12032,,
54469,12032,,
54470,12032,,
54471,12032,,
54472,12032,,
54473,12032,,
54474,12032,,
54475,12032,,
54476,12032,,
54477,12032,,
54478,12032,,
54479,12032,,
54480,12032,,
54481,12032,,
54482,12032,,
54483,12032,,
54484,12032,,
54485,12032,,
54486,12032,,
54487,12032,,
54488,12032,,
54489,12032,,
54490,12032,,
54491,12032,,
54492,12032,,
54493,12032,,
54494,12032,,
54495,12032,,
54496,12032,,
54497,12032,,
54498,12032,,
54499,12032,,
54500,12032,,
54501,12032,,
54502,12032,,
54503,12032,,
54504,12032,,
54505,12032,,
54506,12032,,
54507,12032,,
54508,12032,,
54509,12032,,
54510,12032,,
54511,12032,,
54512,12032,,
54513,12032,,
54514,12032,,
54515,12032,,
54516,12032,,
54517,12032,,
54518,12032,,
54519,12032,,
54520,12032,,
54521,12032,,
54522,12032,,
54523,12032,,
54524,12032,,
54525,12032,,
54526,12032,,
54527,12032,,
54528,12032,,
54529,12032,,
54530,12032,,
54531,12032,,
54532,12032,,
54533,12032,,
54534,12032,,
54535,12032,,
54536,12032,,
54537,12032,,
54538,12032,,
54539,12032,,
54540,12032,,
54541,12032,,
54542,12032,,
54543,12032,,
54544,12032,,
54545,12032,,
54546,12032,,
54547,12032,,
54548,12032,,
54549,12032,,
54550,12032,,
54551,12032,,
54552,12032,,
54553,12032,,
54554,12032,,
54555,12032,,
54556,12032,,
54557,12032,,
54558,12032,,
54559,12032,,
54560,12032,,
54561,12032,,
54562,12032,,
54563,12032,,
54564,12032,,
54565,12032,,
54566,12032,,
54567,12032,,
54568,12032,,
54569,12032,,
54570,12032,,
54571,12032,,
54572,12032,,
54573,12032,,
54574,12032,,
54575,12032,,
54576,12032,,
54577,12032,,
54578,12032,,
54579,12032,,
54580,12032,,
54581,12032,,
54582,12032,,
54583,12032,,
54584,12032,,
54585,12032,,
54586,12032,,
54587,12032,,
54588,12032,,
54589,12032,,
54590,12032,,
54591,12032,,
54592,12032,,
54593,12032,,
54594,12032,,
54595,12032,,
54596,12032,,
54597,12032,,
54598,12032,,
54599,12032,,
54600,12032,,
54601,12032,,
54602,12032,,
54603,12032,,
54604,12032,,
54605,12032,,
54606,12032,,
54607,12032,,
54608,12032,,
54609,12032,,
54610,12032,,
54611,12032,,
54612,12032,,
54613,12032,,
54614,12032,,
54615,12032,,
54616,12032,,
54617,12032,,
54618,12032,,
54619,12032,,
54620,12032,,
54621,12032,,
54622,12032,,
54623,12032,,
54624,12032,,
54625,12032,,
54626,12032,,
54627,12032,,
54628,12032,,
54629,12032,,
54630,12032,,
54631,12032,,
54632,12032,,
54633,12032,,
54634,12032,,
54635,12032,,
54636,12032,,
54637,12032,,
54638,12032,,
54639,12032,,
54640,12032,,
54641,12032,,
54642,12032,,
54643,12032,,
54644,12032,,
54645,12032,,
54646,12032,,
54647,12032,,
54648,12032,,
54649,12032,,
54650,12032,,
54651,12032,,
54652,12032,,
54653,12032,,
54654,12032,,
54655,12032,,
54656,12032,,
54657,12032,,
54658,12032,,
54659,12032,,
54660,12032,,
54661,12032,,
54662,12032,,
54663,12032,,
54664,12032,,
54665,12032,,
54666,12032,,
54667,12032,,
54668,12032,,
54669,12032,,
54670,12032,,
54671,12032,,
54672,12032,,
54673,12032,,
54674,12032,,
54675,12032,,
54676,12032,,
54677,12032,,
54678,12032,,
54679,12032,,
54680,12032,,
54681,12032,,
54682,12032,,
54683,12032,,
54684,12032,,
54685,12032,,
54686,12032,,
54687,12032,,
54688,12032,,
54689,12032,,
54690,12032,,
54691,12032,,
54692,12032,,
54693,12032,,
54694,12032,,
54695,12032,,
54696,12032,,
54697,12032,,
54698,12032,,
54699,12032,,
54700,12032,,
54701,12032,,
54702,12032,,
54703,12032,,
54704,12032,,
54705,12032,,
54706,12032,,
54707,12032,,
54708,12032,,
54709,12032,,
54710,12032,,
54711,12032,,
54712,12032,,
54713,12032,,
54714,12032,,
54715,12032,,
54716,12032,,
54717,12032,,
54718,12032,,
54719,12032,,
54720,12032,,
54721,12032,,
54722,12032,,
54723,12032,,
54724,12032,,
54725,12032,,
54726,12032,,
54727,12032,,
54728,12032,,
54729,12032,,
54730,12032,,
54731,12032,,
54732,12032,,
54733,12032,,
54734,12032,,
54735,12032,,
54736,12032,,
54737,12032,,
54738,12032,,
54739,12032,,
54740,12032,,
54741,12032,,
54742,12032,,
54743,12032,,
54744,12032,,
54745,12032,,
54746,12032,,
54747,12032,,
54748,12032,,
54749,12032,,
54750,12032,,
54751,12032,,
54752,12032,,
54753,12032,,
54754,12032,,
54755,12032,,
54756,12032,,
54757,12032,,
54758,12032,,
54759,12032,,
54760,12032,,
54761,12032,,
54762,12032,,
54763,12032,,
54764,12032,,
54765,12032,,
54766,12032,,
54767,12032,,
54768,12032,,
54769,12032,,
54770,12032,,
54771,12032,,
54772,12032,,
54773,12032,,
54774,12032,,
54775,12032,,
54776,12032,,
54777,12032,,
54778,12032,,
54779,12032,,
54780,12032,,
54781,12032,,
54782,12032,,
54783,12032,,
54784,12032,,
54785,12032,,
54786,12032,,
54787,12032,,
54788,12032,,
54789,12032,,
54790,12032,,
54791,12032,,
54792,12032,,
54793,12032,,
54794,12032,,
54795,12032,,
54796,12032,,
54797,12032,,
54798,12032,,
54799,12032,,
54800,12032,,
54801,12032,,
54802,12032,,
54803,12032,,
54804,12032,,
54805,12032,,
54806,12032,,
54807,12032,,
54808,12032,,
54809,12032,,
54810,12032,,
54811,12032,,
54812,12032,,
54813,12032,,
54814,12032,,
54815,12032,,
54816,12032,,
54817,12032,,
54818,12032,,
54819,12032,,
54820,12032,,
54821,12032,,
54822,12032,,
54823,12032,,
54824,12032,,
54825,12032,,
54826,12032,,
54827,12032,,
54828,12032,,
54829,12032,,
54830,12032,,
54831,12032,,
54832,12032,,
54833,12032,,
54834,12032,,
54835,12032,,
54836,12032,,
54837,12032,,
54838,12032,,
54839,12032,,
54840,12032,,
54841,12032,,
54842,12032,,
54843,12032,,
54844,12032,,
54845,12032,,
54846,12032,,
54847,12032,,
54848,12032,,
54849,12032,,
54850,12032,,
54851,12032,,
54852,12032,,
54853,12032,,
54854,12032,,
54855,12032,,
54856,12032,,
54857,12032,,
54858,12032,,
54859,12032,,
54860,12032,,
54861,12032,,
54862,12032,,
54863,12032,,
54864,12032,,
54865,12032,,
54866,12032,,
54867,12032,,
54868,12032,,
54869,12032,,
54870,12032,,
54871,12032,,
54872,12032,,
54873,12032,,
54874,12032,,
54875,12032,,
54876,12032,,
54877,12032,,
54878,12032,,
54879,12032,,
54880,12032,,
54881,12032,,
54882,12032,,
54883,12032,,
54884,12032,,
54885,12032,,
54886,12032,,
54887,12032,,
54888,12032,,
54889,12032,,
54890,12032,,
54891,12032,,
54892,12032,,
54893,12032,,
54894,12032,,
54895,12032,,
54896,12032,,
54897,12032,,
54898,12032,,
54899,12032,,
54900,12032,,
54901,12032,,
54902,12032,,
54903,12032,,
54904,12032,,
54905,12032,,
54906,12032,,
54907,12032,,
54908,12032,,
54909,12032,,
54910,12032,,
54911,12032,,
54912,12032,,
54913,12032,,
54914,12032,,
54915,12032,,
54916,12032,,
54917,12032,,
54918,12032,,
54919,12032,,
54920,12032,,
54921,12032,,
54922,12032,,
54923,12032,,
54924,12032,,
54925,12032,,
54926,12032,,
54927,12032,,
54928,12032,,
54929,12032,,
54930,12032,,
54931,12032,,
54932,12032,,
54933,12032,,
54934,12032,,
54935,12032,,
54936,12032,,
54937,12032,,
54938,12032,,
54939,12032,,
54940,12032,,
54941,12032,,
54942,12032,,
54943,12032,,
54944,12032,,
54945,12032,,
54946,12032,,
54947,12032,,
54948,12032,,
54949,12032,,
54950,12032,,
54951,12032,,
54952,12032,,
54953,12032,,
54954,12032,,
54955,12032,,
54956,12032,,
54957,12032,,
54958,12032,,
54959,12032,,
54960,12032,,
54961,12032,,
54962,12032,,
54963,12032,,
54964,12032,,
54965,12032,,
54966,12032,,
54967,12032,,
54968,12032,,
54969,12032,,
54970,12032,,
54971,12032,,
54972,12032,,
54973,12032,,
54974,12032,,
54975,12032,,
54976,12032,,
54977,12032,,
54978,12032,,
54979,12032,,
54980,12032,,
54981,12032,,
54982,12032,,
54983,12032,,
54984,12032,,
54985,12032,,
54986,12032,,
54987,12032,,
54988,12032,,
54989,12032,,
54990,12032,,
54991,12032,,
54992,12032,,
54993,12032,,
54994,12032,,
54995,12032,,
54996,12032,,
54997,12032,,
54998,12032,,
54999,12032,,
55000,12032,,
55001,12032,,
55002,12032,,
55003,12032,,
55004,12032,,
55005,12032,,
55006,12032,,
55007,12032,,
55008,12032,,
55009,12032,,
55010,12032,,
55011,12032,,
55012,12032,,
55013,12032,,
55014,12032,,
55015,12032,,
55016,12032,,
55017,12032,,
55018,12032,,
55019,12032,,
55020,12032,,
55021,12032,,
55022,12032,,
55023,12032,,
55024,12032,,
55025,12032,,
55026,12032,,
55027,12032,,
55028,12032,,
55029,12032,,
55030,12032,,
55031,12032,,
55032,12032,,
55033,12032,,
55034,12032,,
55035,12032,,
55036,12032,,
55037,12032,,
55038,12032,,
55039,12032,,
55040,12032,,
55041,12032,,
55042,12032,,
55043,12032,,
55044,12032,,
55045,12032,,
55046,12032,,
55047,12032,,
55048,12032,,
55049,12032,,
55050,12032,,
55051,12032,,
55052,12032,,
55053,12032,,
55054,12032,,
55055,12032,,
55056,12032,,
55057,12032,,
55058,12032,,
55059,12032,,
55060,12032,,
55061,12032,,
55062,12032,,
55063,12032,,
55064,12032,,
55065,12032,,
55066,12032,,
55067,12032,,
55068,12032,,
55069,12032,,
55070,12032,,
55071,12032,,
55072,12032,,
55073,12032,,
55074,12032,,
55075,12032,,
55076,12032,,
55077,12032,,
55078,12032,,
55079,12032,,
55080,12032,,
55081,12032,,
55082,12032,,
55083,12032,,
55084,12032,,
55085,12032,,
55086,12032,,
55087,12032,,
55088,12032,,
55089,12032,,
55090,12032,,
55091,12032,,
55092,12032,,
55093,12032,,
55094,12032,,
55095,12032,,
55096,12032,,
55097,12032,,
55098,12032,,
55099,12032,,
55100,12032,,
55101,12032,,
55102,12032,,
55103,12032,,
55104,12032,,
55105,12032,,
55106,12032,,
55107,12032,,
55108,12032,,
55109,12032,,
55110,12032,,
55111,12032,,
55112,12032,,
55113,12032,,
55114,12032,,
55115,12032,,
55116,12032,,
55117,12032,,
55118,12032,,
55119,12032,,
55120,12032,,
55121,12032,,
55122,12032,,
55123,12032,,
55124,12032,,
55125,12032,,
55126,12032,,
55127,12032,,
55128,12032,,
55129,12032,,
55130,12032,,
55131,12032,,
55132,12032,,
55133,12032,,
55134,12032,,
55135,12032,,
55136,12032,,
55137,12032,,
55138,12032,,
55139,12032,,
55140,12032,,
55141,12032,,
55142,12032,,
55143,12032,,
55144,12032,,
55145,12032,,
55146,12032,,
55147,12032,,
55148,12032,,
55149,12032,,
55150,12032,,
55151,12032,,
55152,12032,,
55153,12032,,
55154,12032,,
55155,12032,,
55156,12032,,
55157,12032,,
55158,12032,,
55159,12032,,
55160,12032,,
55161,12032,,
55162,12032,,
55163,12032,,
55164,12032,,
55165,12032,,
55166,12032,,
55167,12032,,
55168,12032,,
55169,12032,,
55170,12032,,
55171,12032,,
55172,12032,,
55173,12032,,
55174,12032,,
55175,12032,,
55176,12032,,
55177,12032,,
55178,12032,,
55179,12032,,
55180,12032,,
55181,12032,,
55182,12032,,
55183,12032,,
55184,12032,,
55185,12032,,
55186,12032,,
55187,12032,,
55188,12032,,
55189,12032,,
55190,12032,,
55191,12032,,
55192,12032,,
55193,12032,,
55194,12032,,
55195,12032,,
55196,12032,,
55197,12032,,
55198,12032,,
55199,12032,,
55200,12032,,
55201,12032,,
55202,12032,,
55203,12032,,
55204,12032,,
55205,12032,,
55206,12032,,
55207,12032,,
55208,12032,,
55209,12032,,
55210,12032,,
55211,12032,,
55212,12032,,
55213,12032,,
55214,12032,,
55215,12032,,
55216,12032,,
55217,12032,,
55218,12032,,
55219,12032,,
55220,12032,,
55221,12032,,
55222,12032,,
55223,12032,,
55224,12032,,
55225,12032,,
55226,12032,,
55227,12032,,
55228,12032,,
55229,12032,,
55230,12032,,
55231,12032,,
55232,12032,,
55233,12032,,
55234,12032,,
55235,12032,,
55236,12032,,
55237,12032,,
55238,12032,,
55239,12032,,
55240,12032,,
55241,12032,,
55242,12032,,
55243,12032,,
55244,12032,,
55245,12032,,
55246,12032,,
55247,12032,,
55248,12032,,
55249,12032,,
55250,12032,,
55251,12032,,
55252,12032,,
55253,12032,,
55254,12032,,
55255,12032,,
55256,12032,,
55257,12032,,
55258,12032,,
55259,12032,,
55260,12032,,
55261,12032,,
55262,12032,,
55263,12032,,
55264,12032,,
55265,12032,,
55266,12032,,
55267,12032,,
55268,12032,,
55269,12032,,
55270,12032,,
55271,12032,,
55272,12032,,
55273,12032,,
55274,12032,,
55275,12032,,
55276,12032,,
55277,12032,,
55278,12032,,
55279,12032,,
55280,12032,,
55281,12032,,
55282,12032,,
55283,12032,,
55284,12032,,
55285,12032,,
55286,12032,,
55287,12032,,
55288,12032,,
55289,12032,,
55290,12032,,
55291,12032,,
55292,12032,,
55293,12032,,
55294,12032,,
55295,12032,,
55296,12032,,
55297,12032,,
55298,12032,,
55299,12032,,
55300,12032,,
55301,12032,,
55302,12032,,
55303,12032,,
55304,12032,,
55305,12032,,
55306,12032,,
55307,12032,,
55308,12032,,
55309,12032,,
55310,12032,,
55311,12032,,
55312,12032,,
55313,12032,,
55314,12032,,
55315,12032,,
55316,12032,,
55317,12032,,
55318,12032,,
55319,12032,,
55320,12032,,
55321,12032,,
55322,12032,,
55323,12032,,
55324,12032,,
55325,12032,,
55326,12032,,
55327,12032,,
55328,12032,,
55329,12032,,
55330,12032,,
55331,12032,,
55332,12032,,
55333,12032,,
55334,12032,,
55335,12032,,
55336,12032,,
55337,12032,,
55338,12032,,
55339,12032,,
55340,12032,,
55341,12032,,
55342,12032,,
55343,12032,,
55344,12032,,
55345,12032,,
55346,12032,,
55347,12032,,
55348,12032,,
55349,12032,,
55350,12032,,
55351,12032,,
55352,12032,,
55353,12032,,
55354,12032,,
55355,12032,,
55356,12032,,
55357,12032,,
55358,12032,,
55359,12032,,
55360,12032,,
55361,12032,,
55362,12032,,
55363,12032,,
55364,12032,,
55365,12032,,
55366,12032,,
55367,12032,,
55368,12032,,
55369,12032,,
55370,12032,,
55371,12032,,
55372,12032,,
55373,12032,,
55374,12032,,
55375,12032,,
55376,12032,,
55377,12032,,
55378,12032,,
55379,12032,,
55380,12032,,
55381,12032,,
55382,12032,,
55383,12032,,
55384,12032,,
55385,12032,,
55386,12032,,
55387,12032,,
55388,12032,,
55389,12032,,
55390,12032,,
55391,12032,,
55392,12032,,
55393,12032,,
55394,12032,,
55395,12032,,
55396,12032,,
55397,12032,,
55398,12032,,
55399,12032,,
55400,12032,,
55401,12032,,
55402,12032,,
55403,12032,,
55404,12032,,
55405,12032,,
55406,12032,,
55407,12032,,
55408,12032,,
55409,12032,,
55410,12032,,
55411,12032,,
55412,12032,,
55413,12032,,
55414,12032,,
55415,12032,,
55416,12032,,
55417,12032,,
55418,12032,,
55419,12032,,
55420,12032,,
55421,12032,,
55422,12032,,
55423,12032,,
55424,12032,,
55425,12032,,
55426,12032,,
55427,12032,,
55428,12032,,
55429,12032,,
55430,12032,,
55431,12032,,
55432,12032,,
55433,12032,,
55434,12032,,
55435,12032,,
55436,12032,,
55437,12032,,
55438,12032,,
55439,12032,,
55440,12032,,
55441,12032,,
55442,12032,,
55443,12032,,
55444,12032,,
55445,12032,,
55446,12032,,
55447,12032,,
55448,12032,,
55449,12032,,
55450,12032,,
55451,12032,,
55452,12032,,
55453,12032,,
55454,12032,,
55455,12032,,
55456,12032,,
55457,12032,,
55458,12032,,
55459,12032,,
55460,12032,,
55461,12032,,
55462,12032,,
55463,12032,,
55464,12032,,
55465,12032,,
55466,12032,,
55467,12032,,
55468,12032,,
55469,12032,,
55470,12032,,
55471,12032,,
55472,12032,,
55473,12032,,
55474,12032,,
55475,12032,,
55476,12032,,
55477,12032,,
55478,12032,,
55479,12032,,
55480,12032,,
55481,12032,,
55482,12032,,
55483,12032,,
55484,12032,,
55485,12032,,
55486,12032,,
55487,12032,,
55488,12032,,
55489,12032,,
55490,12032,,
55491,12032,,
55492,12032,,
55493,12032,,
55494,12032,,
55495,12032,,
55496,12032,,
55497,12032,,
55498,12032,,
55499,12032,,
55500,12032,,
55501,12032,,
55502,12032,,
55503,12032,,
55504,12032,,
55505,12032,,
55506,12032,,
55507,12032,,
55508,12032,,
55509,12032,,
55510,12032,,
55511,12032,,
55512,12032,,
55513,12032,,
55514,12032,,
55515,12032,,
55516,12032,,
55517,12032,,
55518,12032,,
55519,12032,,
55520,12032,,
55521,12032,,
55522,12032,,
55523,12032,,
55524,12032,,
55525,12032,,
55526,12032,,
55527,12032,,
55528,12032,,
55529,12032,,
55530,12032,,
55531,12032,,
55532,12032,,
55533,12032,,
55534,12032,,
55535,12032,,
55536,12032,,
55537,12032,,
55538,12032,,
55539,12032,,
55540,12032,,
55541,12032,,
55542,12032,,
55543,12032,,
55544,12032,,
55545,12032,,
55546,12032,,
55547,12032,,
55548,12032,,
55549,12032,,
55550,12032,,
55551,12032,,
55552,12032,,
55553,12032,,
55554,12032,,
55555,12032,,
55556,12032,,
55557,12032,,
55558,12032,,
55559,12032,,
55560,12032,,
55561,12032,,
55562,12032,,
55563,12032,,
55564,12032,,
55565,12032,,
55566,12032,,
55567,12032,,
55568,12032,,
55569,12032,,
55570,12032,,
55571,12032,,
55572,12032,,
55573,12032,,
55574,12032,,
55575,12032,,
55576,12032,,
55577,12032,,
55578,12032,,
55579,12032,,
55580,12032,,
55581,12032,,
55582,12032,,
55583,12032,,
55584,12032,,
55585,12032,,
55586,12032,,
55587,12032,,
55588,12032,,
55589,12032,,
55590,12032,,
55591,12032,,
55592,12032,,
55593,12032,,
55594,12032,,
55595,12032,,
55596,12032,,
55597,12032,,
55598,12032,,
55599,12032,,
55600,12032,,
55601,12032,,
55602,12032,,
55603,12032,,
55604,12032,,
55605,12032,,
55606,12032,,
55607,12032,,
55608,12032,,
55609,12032,,
55610,12032,,
55611,12032,,
55612,12032,,
55613,12032,,
55614,12032,,
55615,12032,,
55616,12032,,
55617,12032,,
55618,12032,,
55619,12032,,
55620,12032,,
55621,12032,,
55622,12032,,
55623,12032,,
55624,12032,,
55625,12032,,
55626,12032,,
55627,12032,,
55628,12032,,
55629,12032,,
55630,12032,,
55631,12032,,
55632,12032,,
55633,12032,,
55634,12032,,
55635,12032,,
55636,12032,,
55637,12032,,
55638,12032,,
55639,12032,,
55640,12032,,
55641,12032,,
55642,12032,,
55643,12032,,
55644,12032,,
55645,12032,,
55646,12032,,
55647,12032,,
55648,12032,,
55649,12032,,
55650,12032,,
55651,12032,,
55652,12032,,
55653,12032,,
55654,12032,,
55655,12032,,
55656,12032,,
55657,12032,,
55658,12032,,
55659,12032,,
55660,12032,,
55661,12032,,
55662,12032,,
55663,12032,,
55664,12032,,
55665,12032,,
55666,12032,,
55667,12032,,
55668,12032,,
55669,12032,,
55670,12032,,
55671,12032,,
55672,12032,,
55673,12032,,
55674,12032,,
55675,12032,,
55676,12032,,
55677,12032,,
55678,12032,,
55679,12032,,
55680,12032,,
55681,12032,,
55682,12032,,
55683,12032,,
55684,12032,,
55685,12032,,
55686,12032,,
55687,12032,,
55688,12032,,
55689,12032,,
55690,12032,,
55691,12032,,
55692,12032,,
55693,12032,,
55694,12032,,
55695,12032,,
55696,12032,,
55697,12032,,
55698,12032,,
55699,12032,,
55700,12032,,
55701,12032,,
55702,12032,,
55703,12032,,
55704,12032,,
55705,12032,,
55706,12032,,
55707,12032,,
55708,12032,,
55709,12032,,
55710,12032,,
55711,12032,,
55712,12032,,
55713,12032,,
55714,12032,,
55715,12032,,
55716,12032,,
55717,12032,,
55718,12032,,
55719,12032,,
55720,12032,,
55721,12032,,
55722,12032,,
55723,12032,,
55724,12032,,
55725,12032,,
55726,12032,,
55727,12032,,
55728,12032,,
55729,12032,,
55730,12032,,
55731,12032,,
55732,12032,,
55733,12032,,
55734,12032,,
55735,12032,,
55736,12032,,
55737,12032,,
55738,12032,,
55739,12032,,
55740,12032,,
55741,12032,,
55742,12032,,
55743,12032,,
55744,12032,,
55745,12032,,
55746,12032,,
55747,12032,,
55748,12032,,
55749,12032,,
55750,12032,,
55751,12032,,
55752,12032,,
55753,12032,,
55754,12032,,
55755,12032,,
55756,12032,,
55757,12032,,
55758,12032,,
55759,12032,,
55760,12032,,
55761,12032,,
55762,12032,,
55763,12032,,
55764,12032,,
55765,12032,,
55766,12032,,
55767,12032,,
55768,12032,,
55769,12032,,
55770,12032,,
55771,12032,,
55772,12032,,
55773,12032,,
55774,12032,,
55775,12032,,
55776,12032,,
55777,12032,,
55778,12032,,
55779,12032,,
55780,12032,,
55781,12032,,
55782,12032,,
55783,12032,,
55784,12032,,
55785,12032,,
55786,12032,,
55787,12032,,
55788,12032,,
55789,12032,,
55790,12032,,
55791,12032,,
55792,12032,,
55793,12032,,
55794,12032,,
55795,12032,,
55796,12032,,
55797,12032,,
55798,12032,,
55799,12032,,
55800,12032,,
55801,12032,,
55802,12032,,
55803,12032,,
55804,12032,,
55805,12032,,
55806,12032,,
55807,12032,,
55808,12032,,
55809,12032,,
55810,12032,,
55811,12032,,
55812,12032,,
55813,12032,,
55814,12032,,
55815,12032,,
55816,12032,,
55817,12032,,
55818,12032,,
55819,12032,,
55820,12032,,
55821,12032,,
55822,12032,,
55823,12032,,
55824,12032,,
55825,12032,,
55826,12032,,
55827,12032,,
55828,12032,,
55829,12032,,
55830,12032,,
55831,12032,,
55832,12032,,
55833,12032,,
55834,12032,,
55835,12032,,
55836,12032,,
55837,12032,,
55838,12032,,
55839,12032,,
55840,12032,,
55841,12032,,
55842,12032,,
55843,12032,,
55844,12032,,
55845,12032,,
55846,12032,,
55847,12032,,
55848,12032,,
55849,12032,,
55850,12032,,
55851,12032,,
55852,12032,,
55853,12032,,
55854,12032,,
55855,12032,,
55856,12032,,
55857,12032,,
55858,12032,,
55859,12032,,
55860,12032,,
55861,12032,,
55862,12032,,
55863,12032,,
55864,12032,,
55865,12032,,
55866,12032,,
55867,12032,,
55868,12032,,
55869,12032,,
55870,12032,,
55871,12032,,
55872,12032,,
55873,12032,,
55874,12032,,
55875,12032,,
55876,12032,,
55877,12032,,
55878,12032,,
55879,12032,,
55880,12032,,
55881,12032,,
55882,12032,,
55883,12032,,
55884,12032,,
55885,12032,,
55886,12032,,
55887,12032,,
55888,12032,,
55889,12032,,
55890,12032,,
55891,12032,,
55892,12032,,
55893,12032,,
55894,12032,,
55895,12032,,
55896,12032,,
55897,12032,,
55898,12032,,
55899,12032,,
55900,12032,,
55901,12032,,
55902,12032,,
55903,12032,,
55904,12032,,
55905,12032,,
55906,12032,,
55907,12032,,
55908,12032,,
55909,12032,,
55910,12032,,
55911,12032,,
55912,12032,,
55913,12032,,
55914,12032,,
55915,12032,,
55916,12032,,
55917,12032,,
55918,12032,,
55919,12032,,
55920,12032,,
55921,12032,,
55922,12032,,
55923,12032,,
55924,12032,,
55925,12032,,
55926,12032,,
55927,12032,,
55928,12032,,
55929,12032,,
55930,12032,,
55931,12032,,
55932,12032,,
55933,12032,,
55934,12032,,
55935,12032,,
55936,12032,,
55937,12032,,
55938,12032,,
55939,12032,,
55940,12032,,
55941,12032,,
55942,12032,,
55943,12032,,
55944,12032,,
55945,12032,,
55946,12032,,
55947,12032,,
55948,12032,,
55949,12032,,
55950,12032,,
55951,12032,,
55952,12032,,
55953,12032,,
55954,12032,,
55955,12032,,
55956,12032,,
55957,12032,,
55958,12032,,
55959,12032,,
55960,12032,,
55961,12032,,
55962,12032,,
55963,12032,,
55964,12032,,
55965,12032,,
55966,12032,,
55967,12032,,
55968,12032,,
55969,12032,,
55970,12032,,
55971,12032,,
55972,12032,,
55973,12032,,
55974,12032,,
55975,12032,,
55976,12032,,
55977,12032,,
55978,12032,,
55979,12032,,
55980,12032,,
55981,12032,,
55982,12032,,
55983,12032,,
55984,12032,,
55985,12032,,
55986,12032,,
55987,12032,,
55988,12032,,
55989,12032,,
55990,12032,,
55991,12032,,
55992,12032,,
55993,12032,,
55994,12032,,
55995,12032,,
55996,12032,,
55997,12032,,
55998,12032,,
55999,12032,,
56000,12032,,
56001,12032,,
56002,12032,,
56003,12032,,
56004,12032,,
56005,12032,,
56006,12032,,
56007,12032,,
56008,12032,,
56009,12032,,
56010,12032,,
56011,12032,,
56012,12032,,
56013,12032,,
56014,12032,,
56015,12032,,
56016,12032,,
56017,12032,,
56018,12032,,
56019,12032,,
56020,12032,,
56021,12032,,
56022,12032,,
56023,12032,,
56024,12032,,
56025,12032,,
56026,12032,,
56027,12032,,
56028,12032,,
56029,12032,,
56030,12032,,
56031,12032,,
56032,12032,,
56033,12032,,
56034,12032,,
56035,12032,,
56036,12032,,
56037,12032,,
56038,12032,,
56039,12032,,
56040,12032,,
56041,12032,,
56042,12032,,
56043,12032,,
56044,12032,,
56045,12032,,
56046,12032,,
56047,12032,,
56048,12032,,
56049,12032,,
56050,12032,,
56051,12032,,
56052,12032,,
56053,12032,,
56054,12032,,
56055,12032,,
56056,12032,,
56057,12032,,
56058,12032,,
56059,12032,,
56060,12032,,
56061,12032,,
56062,12032,,
56063,12032,,
56064,12032,,
56065,12032,,
56066,12032,,
56067,12032,,
56068,12032,,
56069,12032,,
56070,12032,,
56071,12032,,
56072,12032,,
56073,12032,,
56074,12032,,
56075,12032,,
56076,12032,,
56077,12032,,
56078,12032,,
56079,12032,,
56080,12032,,
56081,12032,,
56082,12032,,
56083,12032,,
56084,12032,,
56085,12032,,
56086,12032,,
56087,12032,,
56088,12032,,
56089,12032,,
56090,12032,,
56091,12032,,
56092,12032,,
56093,12032,,
56094,12032,,
56095,12032,,
56096,12032,,
56097,12032,,
56098,12032,,
56099,12032,,
56100,12032,,
56101,12032,,
56102,12032,,
56103,12032,,
56104,12032,,
56105,12032,,
56106,12032,,
56107,12032,,
56108,12032,,
56109,12032,,
56110,12032,,
56111,12032,,
56112,12032,,
56113,12032,,
56114,12032,,
56115,12032,,
56116,12032,,
56117,12032,,
56118,12032,,
56119,12032,,
56120,12032,,
56121,12032,,
56122,12032,,
56123,12032,,
56124,12032,,
56125,12032,,
56126,12032,,
56127,12032,,
56128,12032,,
56129,12032,,
56130,12032,,
56131,12032,,
56132,12032,,
56133,12032,,
56134,12032,,
56135,12032,,
56136,12032,,
56137,12032,,
56138,12032,,
56139,12032,,
56140,12032,,
56141,12032,,
56142,12032,,
56143,12032,,
56144,12032,,
56145,12032,,
56146,12032,,
56147,12032,,
56148,12032,,
56149,12032,,
56150,12032,,
56151,12032,,
56152,12032,,
56153,12032,,
56154,12032,,
56155,12032,,
56156,12032,,
56157,12032,,
56158,12032,,
56159,12032,,
56160,12032,,
56161,12032,,
56162,12032,,
56163,12032,,
56164,12032,,
56165,12032,,
56166,12032,,
56167,12032,,
56168,12032,,
56169,12032,,
56170,12032,,
56171,12032,,
56172,12032,,
56173,12032,,
56174,12032,,
56175,12032,,
56176,12032,,
56177,12032,,
56178,12032,,
56179,12032,,
56180,12032,,
56181,12032,,
56182,12032,,
56183,12032,,
56184,12032,,
56185,12032,,
56186,12032,,
56187,12032,,
56188,12032,,
56189,12032,,
56190,12032,,
56191,12032,,
56192,12032,,
56193,12032,,
56194,12032,,
56195,12032,,
56196,12032,,
56197,12032,,
56198,12032,,
56199,12032,,
56200,12032,,
56201,12032,,
56202,12032,,
56203,12032,,
56204,12032,,
56205,12032,,
56206,12032,,
56207,12032,,
56208,12032,,
56209,12032,,
56210,12032,,
56211,12032,,
56212,12032,,
56213,12032,,
56214,12032,,
56215,12032,,
56216,12032,,
56217,12032,,
56218,12032,,
56219,12032,,
56220,12032,,
56221,12032,,
56222,12032,,
56223,12032,,
56224,12032,,
56225,12032,,
56226,12032,,
56227,12032,,
56228,12032,,
56229,12032,,
56230,12032,,
56231,12032,,
56232,12032,,
56233,12032,,
56234,12032,,
56235,12032,,
56236,12032,,
56237,12032,,
56238,12032,,
56239,12032,,
56240,12032,,
56241,12032,,
56242,12032,,
56243,12032,,
56244,12032,,
56245,12032,,
56246,12032,,
56247,12032,,
56248,12032,,
56249,12032,,
56250,12032,,
56251,12032,,
56252,12032,,
56253,12032,,
56254,12032,,
56255,12032,,
56256,12032,,
56257,12032,,
56258,12032,,
56259,12032,,
56260,12032,,
56261,12032,,
56262,12032,,
56263,12032,,
56264,12032,,
56265,12032,,
56266,12032,,
56267,12032,,
56268,12032,,
56269,12032,,
56270,12032,,
56271,12032,,
56272,12032,,
56273,12032,,
56274,12032,,
56275,12032,,
56276,12032,,
56277,12032,,
56278,12032,,
56279,12032,,
56280,12032,,
56281,12032,,
56282,12032,,
56283,12032,,
56284,12032,,
56285,12032,,
56286,12032,,
56287,12032,,
56288,12032,,
56289,12032,,
56290,12032,,
56291,12032,,
56292,12032,,
56293,12032,,
56294,12032,,
56295,12032,,
56296,12032,,
56297,12032,,
56298,12032,,
56299,12032,,
56300,12032,,
56301,12032,,
56302,12032,,
56303,12032,,
56304,12032,,
56305,12032,,
56306,12032,,
56307,12032,,
56308,12032,,
56309,12032,,
56310,12032,,
56311,12032,,
56312,12032,,
56313,12032,,
56314,12032,,
56315,12032,,
56316,12032,,
56317,12032,,
56318,12032,,
56319,12032,,
56320,12032,,
56321,12032,,
56322,12032,,
56323,12032,,
56324,12032,,
56325,12032,,
56326,12032,,
56327,12032,,
56328,12032,,
56329,12032,,
56330,12032,,
56331,12032,,
56332,12032,,
56333,12032,,
56334,12032,,
56335,12032,,
56336,12032,,
56337,12032,,
56338,12032,,
56339,12032,,
56340,12032,,
56341,12032,,
56342,12032,,
56343,12032,,
56344,12032,,
56345,12032,,
56346,12032,,
56347,12032,,
56348,12032,,
56349,12032,,
56350,12032,,
56351,12032,,
56352,12032,,
56353,12032,,
56354,12032,,
56355,12032,,
56356,12032,,
56357,12032,,
56358,12032,,
56359,12032,,
56360,12032,,
56361,12032,,
56362,12032,,
56363,12032,,
56364,12032,,
56365,12032,,
56366,12032,,
56367,12032,,
56368,12032,,
56369,12032,,
56370,12032,,
56371,12032,,
56372,12032,,
56373,12032,,
56374,12032,,
56375,12032,,
56376,12032,,
56377,12032,,
56378,12032,,
56379,12032,,
56380,12032,,
56381,12032,,
56382,12032,,
56383,12032,,
56384,12032,,
56385,12032,,
56386,12032,,
56387,12032,,
56388,12032,,
56389,12032,,
56390,12032,,
56391,12032,,
56392,12032,,
56393,12032,,
56394,12032,,
56395,12032,,
56396,12032,,
56397,12032,,
56398,12032,,
56399,12032,,
56400,12032,,
56401,12032,,
56402,12032,,
56403,12032,,
56404,12032,,
56405,12032,,
56406,12032,,
56407,12032,,
56408,12032,,
56409,12032,,
56410,12032,,
56411,12032,,
56412,12032,,
56413,12032,,
56414,12032,,
56415,12032,,
56416,12032,,
56417,12032,,
56418,12032,,
56419,12032,,
56420,12032,,
56421,12032,,
56422,12032,,
56423,12032,,
56424,12032,,
56425,12032,,
56426,12032,,
56427,12032,,
56428,12032,,
56429,12032,,
56430,12032,,
56431,12032,,
56432,12032,,
56433,12032,,
56434,12032,,
56435,12032,,
56436,12032,,
56437,12032,,
56438,12032,,
56439,12032,,
56440,12032,,
56441,12032,,
56442,12032,,
56443,12032,,
56444,12032,,
56445,12032,,
56446,12032,,
56447,12032,,
56448,12032,,
56449,12032,,
56450,12032,,
56451,12032,,
56452,12032,,
56453,12032,,
56454,12032,,
56455,12032,,
56456,12032,,
56457,12032,,
56458,12032,,
56459,12032,,
56460,12032,,
56461,12032,,
56462,12032,,
56463,12032,,
56464,12032,,
56465,12032,,
56466,12032,,
56467,12032,,
56468,12032,,
56469,12032,,
56470,12032,,
56471,12032,,
56472,12032,,
56473,12032,,
56474,12032,,
56475,12032,,
56476,12032,,
56477,12032,,
56478,12032,,
56479,12032,,
56480,12032,,
56481,12032,,
56482,12032,,
56483,12032,,
56484,12032,,
56485,12032,,
56486,12032,,
56487,12032,,
56488,12032,,
56489,12032,,
56490,12032,,
56491,12032,,
56492,12032,,
56493,12032,,
56494,12032,,
56495,12032,,
56496,12032,,
56497,12032,,
56498,12032,,
56499,12032,,
56500,12032,,
56501,12032,,
56502,12032,,
56503,12032,,
56504,12032,,
56505,12032,,
56506,12032,,
56507,12032,,
56508,12032,,
56509,12032,,
56510,12032,,
56511,12032,,
56512,12032,,
56513,12032,,
56514,12032,,
56515,12032,,
56516,12032,,
56517,12032,,
56518,12032,,
56519,12032,,
56520,12032,,
56521,12032,,
56522,12032,,
56523,12032,,
56524,12032,,
56525,12032,,
56526,12032,,
56527,12032,,
56528,12032,,
56529,12032,,
56530,12032,,
56531,12032,,
56532,12032,,
56533,12032,,
56534,12032,,
56535,12032,,
56536,12032,,
56537,12032,,
56538,12032,,
56539,12032,,
56540,12032,,
56541,12032,,
56542,12032,,
56543,12032,,
56544,12032,,
56545,12032,,
56546,12032,,
56547,12032,,
56548,12032,,
56549,12032,,
56550,12032,,
56551,12032,,
56552,12032,,
56553,12032,,
56554,12032,,
56555,12032,,
56556,12032,,
56557,12032,,
56558,12032,,
56559,12032,,
56560,12032,,
56561,12032,,
56562,12032,,
56563,12032,,
56564,12032,,
56565,12032,,
56566,12032,,
56567,12032,,
56568,12032,,
56569,12032,,
56570,12032,,
56571,12032,,
56572,12032,,
56573,12032,,
56574,12032,,
56575,12032,,
56576,12032,,
56577,12032,,
56578,12032,,
56579,12032,,
56580,12032,,
56581,12032,,
56582,12032,,
56583,12032,,
56584,12032,,
56585,12032,,
56586,12032,,
56587,12032,,
56588,12032,,
56589,12032,,
56590,12032,,
56591,12032,,
56592,12032,,
56593,12032,,
56594,12032,,
56595,12032,,
56596,12032,,
56597,12032,,
56598,12032,,
56599,12032,,
56600,12032,,
56601,12032,,
56602,12032,,
56603,12032,,
56604,12032,,
56605,12032,,
56606,12032,,
56607,12032,,
56608,12032,,
56609,12032,,
56610,12032,,
56611,12032,,
56612,12032,,
56613,12032,,
56614,12032,,
56615,12032,,
56616,12032,,
56617,12032,,
56618,12032,,
56619,12032,,
56620,12032,,
56621,12032,,
56622,12032,,
56623,12032,,
56624,12032,,
56625,12032,,
56626,12032,,
56627,12032,,
56628,12032,,
56629,12032,,
56630,12032,,
56631,12032,,
56632,12032,,
56633,12032,,
56634,12032,,
56635,12032,,
56636,12032,,
56637,12032,,
56638,12032,,
56639,12032,,
56640,12032,,
56641,12032,,
56642,12032,,
56643,12032,,
56644,12032,,
56645,12032,,
56646,12032,,
56647,12032,,
56648,12032,,
56649,12032,,
56650,12032,,
56651,12032,,
56652,12032,,
56653,12032,,
56654,12032,,
56655,12032,,
56656,12032,,
56657,12032,,
56658,12032,,
56659,12032,,
56660,12032,,
56661,12032,,
56662,12032,,
56663,12032,,
56664,12032,,
56665,12032,,
56666,12032,,
56667,12032,,
56668,12032,,
56669,12032,,
56670,12032,,
56671,12032,,
56672,12032,,
56673,12032,,
56674,12032,,
56675,12032,,
56676,12032,,
56677,12032,,
56678,12032,,
56679,12032,,
56680,12032,,
56681,12032,,
56682,12032,,
56683,12032,,
56684,12032,,
56685,12032,,
56686,12032,,
56687,12032,,
56688,12032,,
56689,12032,,
56690,12032,,
56691,12032,,
56692,12032,,
56693,12032,,
56694,12032,,
56695,12032,,
56696,12032,,
56697,12032,,
56698,12032,,
56699,12032,,
56700,12032,,
56701,12032,,
56702,12032,,
56703,12032,,
56704,12032,,
56705,12032,,
56706,12032,,
56707,12032,,
56708,12032,,
56709,12032,,
56710,12032,,
56711,12032,,
56712,12032,,
56713,12032,,
56714,12032,,
56715,12032,,
56716,12032,,
56717,12032,,
56718,12032,,
56719,12032,,
56720,12032,,
56721,12032,,
56722,12032,,
56723,12032,,
56724,12032,,
56725,12032,,
56726,12032,,
56727,12032,,
56728,12032,,
56729,12032,,
56730,12032,,
56731,12032,,
56732,12032,,
56733,12032,,
56734,12032,,
56735,12032,,
56736,12032,,
56737,12032,,
56738,12032,,
56739,12032,,
56740,12032,,
56741,12032,,
56742,12032,,
56743,12032,,
56744,12032,,
56745,12032,,
56746,12032,,
56747,12032,,
56748,12032,,
56749,12032,,
56750,12032,,
56751,12032,,
56752,12032,,
56753,12032,,
56754,12032,,
56755,12032,,
56756,12032,,
56757,12032,,
56758,12032,,
56759,12032,,
56760,12032,,
56761,12032,,
56762,12032,,
56763,12032,,
56764,12032,,
56765,12032,,
56766,12032,,
56767,12032,,
56768,12032,,
56769,12032,,
56770,12032,,
56771,12032,,
56772,12032,,
56773,12032,,
56774,12032,,
56775,12032,,
56776,12032,,
56777,12032,,
56778,12032,,
56779,12032,,
56780,12032,,
56781,12032,,
56782,12032,,
56783,12032,,
56784,12032,,
56785,12032,,
56786,12032,,
56787,12032,,
56788,12032,,
56789,12032,,
56790,12032,,
56791,12032,,
56792,12032,,
56793,12032,,
56794,12032,,
56795,12032,,
56796,12032,,
56797,12032,,
56798,12032,,
56799,12032,,
56800,12032,,
56801,12032,,
56802,12032,,
56803,12032,,
56804,12032,,
56805,12032,,
56806,12032,,
56807,12032,,
56808,12032,,
56809,12032,,
56810,12032,,
56811,12032,,
56812,12032,,
56813,12032,,
56814,12032,,
56815,12032,,
56816,12032,,
56817,12032,,
56818,12032,,
56819,12032,,
56820,12032,,
56821,12032,,
56822,12032,,
56823,12032,,
56824,12032,,
56825,12032,,
56826,12032,,
56827,12032,,
56828,12032,,
56829,12032,,
56830,12032,,
56831,12032,,
56832,12032,,
56833,12032,,
56834,12032,,
56835,12032,,
56836,12032,,
56837,12032,,
56838,12032,,
56839,12032,,
56840,12032,,
56841,12032,,
56842,12032,,
56843,12032,,
56844,12032,,
56845,12032,,
56846,12032,,
56847,12032,,
56848,12032,,
56849,12032,,
56850,12032,,
56851,12032,,
56852,12032,,
56853,12032,,
56854,12032,,
56855,12032,,
56856,12032,,
56857,12032,,
56858,12032,,
56859,12032,,
56860,12032,,
56861,12032,,
56862,12032,,
56863,12032,,
56864,12032,,
56865,12032,,
56866,12032,,
56867,12032,,
56868,12032,,
56869,12032,,
56870,12032,,
56871,12032,,
56872,12032,,
56873,12032,,
56874,12032,,
56875,12032,,
56876,12032,,
56877,12032,,
56878,12032,,
56879,12032,,
56880,12032,,
56881,12032,,
56882,12032,,
56883,12032,,
56884,12032,,
56885,12032,,
56886,12032,,
56887,12032,,
56888,12032,,
56889,12032,,
56890,12032,,
56891,12032,,
56892,12032,,
56893,12032,,
56894,12032,,
56895,12032,,
56896,12032,,
56897,12032,,
56898,12032,,
56899,12032,,
56900,12032,,
56901,12032,,
56902,12032,,
56903,12032,,
56904,12032,,
56905,12032,,
56906,12032,,
56907,12032,,
56908,12032,,
56909,12032,,
56910,12032,,
56911,12032,,
56912,12032,,
56913,12032,,
56914,12032,,
56915,12032,,
56916,12032,,
56917,12032,,
56918,12032,,
56919,12032,,
56920,12032,,
56921,12032,,
56922,12032,,
56923,12032,,
56924,12032,,
56925,12032,,
56926,12032,,
56927,12032,,
56928,12032,,
56929,12032,,
56930,12032,,
56931,12032,,
56932,12032,,
56933,12032,,
56934,12032,,
56935,12032,,
56936,12032,,
56937,12032,,
56938,12032,,
56939,12032,,
56940,12032,,
56941,12032,,
56942,12032,,
56943,12032,,
56944,12032,,
56945,12032,,
56946,12032,,
56947,12032,,
56948,12032,,
56949,12032,,
56950,12032,,
56951,12032,,
56952,12032,,
56953,12032,,
56954,12032,,
56955,12032,,
56956,12032,,
56957,12032,,
56958,12032,,
56959,12032,,
56960,12032,,
56961,12032,,
56962,12032,,
56963,12032,,
56964,12032,,
56965,12032,,
56966,12032,,
56967,12032,,
56968,12032,,
56969,12032,,
56970,12032,,
56971,12032,,
56972,12032,,
56973,12032,,
56974,12032,,
56975,12032,,
56976,12032,,
56977,12032,,
56978,12032,,
56979,12032,,
56980,12032,,
56981,12032,,
56982,12032,,
56983,12032,,
56984,12032,,
56985,12032,,
56986,12032,,
56987,12032,,
56988,12032,,
56989,12032,,
56990,12032,,
56991,12032,,
56992,12032,,
56993,12032,,
56994,12032,,
56995,12032,,
56996,12032,,
56997,12032,,
56998,12032,,
56999,12032,,
57000,12032,,
57001,12032,,
57002,12032,,
57003,12032,,
57004,12032,,
57005,12032,,
57006,12032,,
57007,12032,,
57008,12032,,
57009,12032,,
57010,12032,,
57011,12032,,
57012,12032,,
57013,12032,,
57014,12032,,
57015,12032,,
57016,12032,,
57017,12032,,
57018,12032,,
57019,12032,,
57020,12032,,
57021,12032,,
57022,12032,,
57023,12032,,
57024,12032,,
57025,12032,,
57026,12032,,
57027,12032,,
57028,12032,,
57029,12032,,
57030,12032,,
57031,12032,,
57032,12032,,
57033,12032,,
57034,12032,,
57035,12032,,
57036,12032,,
57037,12032,,
57038,12032,,
57039,12032,,
57040,12032,,
57041,12032,,
57042,12032,,
57043,12032,,
57044,12032,,
57045,12032,,
57046,12032,,
57047,12032,,
57048,12032,,
57049,12032,,
57050,12032,,
57051,12032,,
57052,12032,,
57053,12032,,
57054,12032,,
57055,12032,,
57056,12032,,
57057,12032,,
57058,12032,,
57059,12032,,
57060,12032,,
57061,12032,,
57062,12032,,
57063,12032,,
57064,12032,,
57065,12032,,
57066,12032,,
57067,12032,,
57068,12032,,
57069,12032,,
57070,12032,,
57071,12032,,
57072,12032,,
57073,12032,,
57074,12032,,
57075,12032,,
57076,12032,,
57077,12032,,
57078,12032,,
57079,12032,,
57080,12032,,
57081,12032,,
57082,12032,,
57083,12032,,
57084,12032,,
57085,12032,,
57086,12032,,
57087,12032,,
57088,12032,,
57089,12032,,
57090,12032,,
57091,12032,,
57092,12032,,
57093,12032,,
57094,12032,,
57095,12032,,
57096,12032,,
57097,12032,,
57098,12032,,
57099,12032,,
57100,12032,,
57101,12032,,
57102,12032,,
57103,12032,,
57104,12032,,
57105,12032,,
57106,12032,,
57107,12032,,
57108,12032,,
57109,12032,,
57110,12032,,
57111,12032,,
57112,12032,,
57113,12032,,
57114,12032,,
57115,12032,,
57116,12032,,
57117,12032,,
57118,12032,,
57119,12032,,
57120,12032,,
57121,12032,,
57122,12032,,
57123,12032,,
57124,12032,,
57125,12032,,
57126,12032,,
57127,12032,,
57128,12032,,
57129,12032,,
57130,12032,,
57131,12032,,
57132,12032,,
57133,12032,,
57134,12032,,
57135,12032,,
57136,12032,,
57137,12032,,
57138,12032,,
57139,12032,,
57140,12032,,
57141,12032,,
57142,12032,,
57143,12032,,
57144,12032,,
57145,12032,,
57146,12032,,
57147,12032,,
57148,12032,,
57149,12032,,
57150,12032,,
57151,12032,,
57152,12032,,
57153,12032,,
57154,12032,,
57155,12032,,
57156,12032,,
57157,12032,,
57158,12032,,
57159,12032,,
57160,12032,,
57161,12032,,
57162,12032,,
57163,12032,,
57164,12032,,
57165,12032,,
57166,12032,,
57167,12032,,
57168,12032,,
57169,12032,,
57170,12032,,
57171,12032,,
57172,12032,,
57173,12032,,
57174,12032,,
57175,12032,,
57176,12032,,
57177,12032,,
57178,12032,,
57179,12032,,
57180,12032,,
57181,12032,,
57182,12032,,
57183,12032,,
57184,12032,,
57185,12032,,
57186,12032,,
57187,12032,,
57188,12032,,
57189,12032,,
57190,12032,,
57191,12032,,
57192,12032,,
57193,12032,,
57194,12032,,
57195,12032,,
57196,12032,,
57197,12032,,
57198,12032,,
57199,12032,,
57200,12032,,
57201,12032,,
57202,12032,,
57203,12032,,
57204,12032,,
57205,12032,,
57206,12032,,
57207,12032,,
57208,12032,,
57209,12032,,
57210,12032,,
57211,12032,,
57212,12032,,
57213,12032,,
57214,12032,,
57215,12032,,
57216,12032,,
57217,12032,,
57218,12032,,
57219,12032,,
57220,12032,,
57221,12032,,
57222,12032,,
57223,12032,,
57224,12032,,
57225,12032,,
57226,12032,,
57227,12032,,
57228,12032,,
57229,12032,,
57230,12032,,
57231,12032,,
57232,12032,,
57233,12032,,
57234,12032,,
57235,12032,,
57236,12032,,
57237,12032,,
57238,12032,,
57239,12032,,
57240,12032,,
57241,12032,,
57242,12032,,
57243,12032,,
57244,12032,,
57245,12032,,
57246,12032,,
57247,12032,,
57248,12032,,
57249,12032,,
57250,12032,,
57251,12032,,
57252,12032,,
57253,12032,,
57254,12032,,
57255,12032,,
57256,12032,,
57257,12032,,
57258,12032,,
57259,12032,,
57260,12032,,
57261,12032,,
57262,12032,,
57263,12032,,
57264,12032,,
57265,12032,,
57266,12032,,
57267,12032,,
57268,12032,,
57269,12032,,
57270,12032,,
57271,12032,,
57272,12032,,
57273,12032,,
57274,12032,,
57275,12032,,
57276,12032,,
57277,12032,,
57278,12032,,
57279,12032,,
57280,12032,,
57281,12032,,
57282,12032,,
57283,12032,,
57284,12032,,
57285,12032,,
57286,12032,,
57287,12032,,
57288,12032,,
57289,12032,,
57290,12032,,
57291,12032,,
57292,12032,,
57293,12032,,
57294,12032,,
57295,12032,,
57296,12032,,
57297,12032,,
57298,12032,,
57299,12032,,
57300,12032,,
57301,12032,,
57302,12032,,
57303,12032,,
57304,12032,,
57305,12032,,
57306,12032,,
57307,12032,,
57308,12032,,
57309,12032,,
57310,12032,,
57311,12032,,
57312,12032,,
57313,12032,,
57314,12032,,
57315,12032,,
57316,12032,,
57317,12032,,
57318,12032,,
57319,12032,,
57320,12032,,
57321,12032,,
57322,12032,,
57323,12032,,
57324,12032,,
57325,12032,,
57326,12032,,
57327,12032,,
57328,12032,,
57329,12032,,
57330,12032,,
57331,12032,,
57332,12032,,
57333,12032,,
57334,12032,,
57335,12032,,
57336,12032,,
57337,12032,,
57338,12032,,
57339,12032,,
57340,12032,,
57341,12032,,
57342,12032,,
57343,12032,,
57344,12032,,
57345,12032,,
57346,12032,,
57347,12032,,
57348,12032,,
57349,12032,,
57350,12032,,
57351,12032,,
57352,12032,,
57353,12032,,
57354,12032,,
57355,12032,,
57356,12032,,
57357,12032,,
57358,12032,,
57359,12032,,
57360,12032,,
57361,12032,,
57362,12032,,
57363,12032,,
57364,12032,,
57365,12032,,
57366,12032,,
57367,12032,,
57368,12032,,
57369,12032,,
57370,12032,,
57371,12032,,
57372,12032,,
57373,12032,,
57374,12032,,
57375,12032,,
57376,12032,,
57377,12032,,
57378,12032,,
57379,12032,,
57380,12032,,
57381,12032,,
57382,12032,,
57383,12032,,
57384,12032,,
57385,12032,,
57386,12032,,
57387,12032,,
57388,12032,,
57389,12032,,
57390,12032,,
57391,12032,,
57392,12032,,
57393,12032,,
57394,12032,,
57395,12032,,
57396,12032,,
57397,12032,,
57398,12032,,
57399,12032,,
57400,12032,,
57401,12032,,
57402,12032,,
57403,12032,,
57404,12032,,
57405,12032,,
57406,12032,,
57407,12032,,
57408,12032,,
57409,12032,,
57410,12032,,
57411,12032,,
57412,12032,,
57413,12032,,
57414,12032,,
57415,12032,,
57416,12032,,
57417,12032,,
57418,12032,,
57419,12032,,
57420,12032,,
57421,12032,,
57422,12032,,
57423,12032,,
57424,12032,,
57425,12032,,
57426,12032,,
57427,12032,,
57428,12032,,
57429,12032,,
57430,12032,,
57431,12032,,
57432,12032,,
57433,12032,,
57434,12032,,
57435,12032,,
57436,12032,,
57437,12032,,
57438,12032,,
57439,12032,,
57440,12032,,
57441,12032,,
57442,12032,,
57443,12032,,
57444,12032,,
57445,12032,,
57446,12032,,
57447,12032,,
57448,12032,,
57449,12032,,
57450,12032,,
57451,12032,,
57452,12032,,
57453,12032,,
57454,12032,,
57455,12032,,
57456,12032,,
57457,12032,,
57458,12032,,
57459,12032,,
57460,12032,,
57461,12032,,
57462,12032,,
57463,12032,,
57464,12032,,
57465,12032,,
57466,12032,,
57467,12032,,
57468,12032,,
57469,12032,,
57470,12032,,
57471,12032,,
57472,12032,,
57473,12032,,
57474,12032,,
57475,12032,,
57476,12032,,
57477,12032,,
57478,12032,,
57479,12032,,
57480,12032,,
57481,12032,,
57482,12032,,
57483,12032,,
57484,12032,,
57485,12032,,
57486,12032,,
57487,12032,,
57488,12032,,
57489,12032,,
57490,12032,,
57491,12032,,
57492,12032,,
57493,12032,,
57494,12032,,
57495,12032,,
57496,12032,,
57497,12032,,
57498,12032,,
57499,12032,,
57500,12032,,
57501,12032,,
57502,12032,,
57503,12032,,
57504,12032,,
57505,12032,,
57506,12032,,
57507,12032,,
57508,12032,,
57509,12032,,
57510,12032,,
57511,12032,,
57512,12032,,
57513,12032,,
57514,12032,,
57515,12032,,
57516,12032,,
57517,12032,,
57518,12032,,
57519,12032,,
57520,12032,,
57521,12032,,
57522,12032,,
57523,12032,,
57524,12032,,
57525,12032,,
57526,12032,,
57527,12032,,
57528,12032,,
57529,12032,,
57530,12032,,
57531,12032,,
57532,12032,,
57533,12032,,
57534,12032,,
57535,12032,,
57536,12032,,
57537,12032,,
57538,12032,,
57539,12032,,
57540,12032,,
57541,12032,,
57542,12032,,
57543,12032,,
57544,12032,,
57545,12032,,
57546,12032,,
57547,12032,,
57548,12032,,
57549,12032,,
57550,12032,,
57551,12032,,
57552,12032,,
57553,12032,,
57554,12032,,
57555,12032,,
57556,12032,,
57557,12032,,
57558,12032,,
57559,12032,,
57560,12032,,
57561,12032,,
57562,12032,,
57563,12032,,
57564,12032,,
57565,12032,,
57566,12032,,
57567,12032,,
57568,12032,,
57569,12032,,
57570,12032,,
57571,12032,,
57572,12032,,
57573,12032,,
57574,12032,,
57575,12032,,
57576,12032,,
57577,12032,,
57578,12032,,
57579,12032,,
57580,12032,,
57581,12032,,
57582,12032,,
57583,12032,,
57584,12032,,
57585,12032,,
57586,12032,,
57587,12032,,
57588,12032,,
57589,12032,,
57590,12032,,
57591,12032,,
57592,12032,,
57593,12032,,
57594,12032,,
57595,12032,,
57596,12032,,
57597,12032,,
57598,12032,,
57599,12032,,
57600,12032,,
57601,12032,,
57602,12032,,
57603,12032,,
57604,12032,,
57605,12032,,
57606,12032,,
57607,12032,,
57608,12032,,
57609,12032,,
57610,12032,,
57611,12032,,
57612,12032,,
57613,12032,,
57614,12032,,
57615,12032,,
57616,12032,,
57617,12032,,
57618,12032,,
57619,12032,,
57620,12032,,
57621,12032,,
57622,12032,,
57623,12032,,
57624,12032,,
57625,12032,,
57626,12032,,
57627,12032,,
57628,12032,,
57629,12032,,
57630,12032,,
57631,12032,,
57632,12032,,
57633,12032,,
57634,12032,,
57635,12032,,
57636,12032,,
57637,12032,,
57638,12032,,
57639,12032,,
57640,12032,,
57641,12032,,
57642,12032,,
57643,12032,,
57644,12032,,
57645,12032,,
57646,12032,,
57647,12032,,
57648,12032,,
57649,12032,,
57650,12032,,
57651,12032,,
57652,12032,,
57653,12032,,
57654,12032,,
57655,12032,,
57656,12032,,
57657,12032,,
57658,12032,,
57659,12032,,
57660,12032,,
57661,12032,,
57662,12032,,
57663,12032,,
57664,12032,,
57665,12032,,
57666,12032,,
57667,12032,,
57668,12032,,
57669,12032,,
57670,12032,,
57671,12032,,
57672,12032,,
57673,12032,,
57674,12032,,
57675,12032,,
57676,12032,,
57677,12032,,
57678,12032,,
57679,12032,,
57680,12032,,
57681,12032,,
57682,12032,,
57683,12032,,
57684,12032,,
57685,12032,,
57686,12032,,
57687,12032,,
57688,12032,,
57689,12032,,
57690,12032,,
57691,12032,,
57692,12032,,
57693,12032,,
57694,12032,,
57695,12032,,
57696,12032,,
57697,12032,,
57698,12032,,
57699,12032,,
57700,12032,,
57701,12032,,
57702,12032,,
57703,12032,,
57704,12032,,
57705,12032,,
57706,12032,,
57707,12032,,
57708,12032,,
57709,12032,,
57710,12032,,
57711,12032,,
57712,12032,,
57713,12032,,
57714,12032,,
57715,12032,,
57716,12032,,
57717,12032,,
57718,12032,,
57719,12032,,
57720,12032,,
57721,12032,,
57722,12032,,
57723,12032,,
57724,12032,,
57725,12032,,
57726,12032,,
57727,12032,,
57728,12032,,
57729,12032,,
57730,12032,,
57731,12032,,
57732,12032,,
57733,12032,,
57734,12032,,
57735,12032,,
57736,12032,,
57737,12032,,
57738,12032,,
57739,12032,,
57740,12032,,
57741,12032,,
57742,12032,,
57743,12032,,
57744,12032,,
57745,12032,,
57746,12032,,
57747,12032,,
57748,12032,,
57749,12032,,
57750,12032,,
57751,12032,,
57752,12032,,
57753,12032,,
57754,12032,,
57755,12032,,
57756,12032,,
57757,12032,,
57758,12032,,
57759,12032,,
57760,12032,,
57761,12032,,
57762,12032,,
57763,12032,,
57764,12032,,
57765,12032,,
57766,12032,,
57767,12032,,
57768,12032,,
57769,12032,,
57770,12032,,
57771,12032,,
57772,12032,,
57773,12032,,
57774,12032,,
57775,12032,,
57776,12032,,
57777,12032,,
57778,12032,,
57779,12032,,
57780,12032,,
57781,12032,,
57782,12032,,
57783,12032,,
57784,12032,,
57785,12032,,
57786,12032,,
57787,12032,,
57788,12032,,
57789,12032,,
57790,12032,,
57791,12032,,
57792,12032,,
57793,12032,,
57794,12032,,
57795,12032,,
57796,12032,,
57797,12032,,
57798,12032,,
57799,12032,,
57800,12032,,
57801,12032,,
57802,12032,,
57803,12032,,
57804,12032,,
57805,12032,,
57806,12032,,
57807,12032,,
57808,12032,,
57809,12032,,
57810,12032,,
57811,12032,,
57812,12032,,
57813,12032,,
57814,12032,,
57815,12032,,
57816,12032,,
57817,12032,,
57818,12032,,
57819,12032,,
57820,12032,,
57821,12032,,
57822,12032,,
57823,12032,,
57824,12032,,
57825,12032,,
57826,12032,,
57827,12032,,
57828,12032,,
57829,12032,,
57830,12032,,
57831,12032,,
57832,12032,,
57833,12032,,
57834,12032,,
57835,12032,,
57836,12032,,
57837,12032,,
57838,12032,,
57839,12032,,
57840,12032,,
57841,12032,,
57842,12032,,
57843,12032,,
57844,12032,,
57845,12032,,
57846,12032,,
57847,12032,,
57848,12032,,
57849,12032,,
57850,12032,,
57851,12032,,
57852,12032,,
57853,12032,,
57854,12032,,
57855,12032,,
57856,12032,,
57857,12032,,
57858,12032,,
57859,12032,,
57860,12032,,
57861,12032,,
57862,12032,,
57863,12032,,
57864,12032,,
57865,12032,,
57866,12032,,
57867,12032,,
57868,12032,,
57869,12032,,
57870,12032,,
57871,12032,,
57872,12032,,
57873,12032,,
57874,12032,,
57875,12032,,
57876,12032,,
57877,12032,,
57878,12032,,
57879,12032,,
57880,12032,,
57881,12032,,
57882,12032,,
57883,12032,,
57884,12032,,
57885,12032,,
57886,12032,,
57887,12032,,
57888,12032,,
57889,12032,,
57890,12032,,
57891,12032,,
57892,12032,,
57893,12032,,
57894,12032,,
57895,12032,,
57896,12032,,
57897,12032,,
57898,12032,,
57899,12032,,
57900,12032,,
57901,12032,,
57902,12032,,
57903,12032,,
57904,12032,,
57905,12032,,
57906,12032,,
57907,12032,,
57908,12032,,
57909,12032,,
57910,12032,,
57911,12032,,
57912,12032,,
57913,12032,,
57914,12032,,
57915,12032,,
57916,12032,,
57917,12032,,
57918,12032,,
57919,12032,,
57920,12032,,
57921,12032,,
57922,12032,,
57923,12032,,
57924,12032,,
57925,12032,,
57926,12032,,
57927,12032,,
57928,12032,,
57929,12032,,
57930,12032,,
57931,12032,,
57932,12032,,
57933,12032,,
57934,12032,,
57935,12032,,
57936,12032,,
57937,12032,,
57938,12032,,
57939,12032,,
57940,12032,,
57941,12032,,
57942,12032,,
57943,12032,,
57944,12032,,
57945,12032,,
57946,12032,,
57947,12032,,
57948,12032,,
57949,12032,,
57950,12032,,
57951,12032,,
57952,12032,,
57953,12032,,
57954,12032,,
57955,12032,,
57956,12032,,
57957,12032,,
57958,12032,,
57959,12032,,
57960,12032,,
57961,12032,,
57962,12032,,
57963,12032,,
57964,12032,,
57965,12032,,
57966,12032,,
57967,12032,,
57968,12032,,
57969,12032,,
57970,12032,,
57971,12032,,
57972,12032,,
57973,12032,,
57974,12032,,
57975,12032,,
57976,12032,,
57977,12032,,
57978,12032,,
57979,12032,,
57980,12032,,
57981,12032,,
57982,12032,,
57983,12032,,
57984,12032,,
57985,12032,,
57986,12032,,
57987,12032,,
57988,12032,,
57989,12032,,
57990,12032,,
57991,12032,,
57992,12032,,
57993,12032,,
57994,12032,,
57995,12032,,
57996,12032,,
57997,12032,,
57998,12032,,
57999,12032,,
58000,12032,,
58001,12032,,
58002,12032,,
58003,12032,,
58004,12032,,
58005,12032,,
58006,12032,,
58007,12032,,
58008,12032,,
58009,12032,,
58010,12032,,
58011,12032,,
58012,12032,,
58013,12032,,
58014,12032,,
58015,12032,,
58016,12032,,
58017,12032,,
58018,12032,,
58019,12032,,
58020,12032,,
58021,12032,,
58022,12032,,
58023,12032,,
58024,12032,,
58025,12032,,
58026,12032,,
58027,12032,,
58028,12032,,
58029,12032,,
58030,12032,,
58031,12032,,
58032,12032,,
58033,12032,,
58034,12032,,
58035,12032,,
58036,12032,,
58037,12032,,
58038,12032,,
58039,12032,,
58040,12032,,
58041,12032,,
58042,12032,,
58043,12032,,
58044,12032,,
58045,12032,,
58046,12032,,
58047,12032,,
58048,12032,,
58049,12032,,
58050,12032,,
58051,12032,,
58052,12032,,
58053,12032,,
58054,12032,,
58055,12032,,
58056,12032,,
58057,12032,,
58058,12032,,
58059,12032,,
58060,12032,,
58061,12032,,
58062,12032,,
58063,12032,,
58064,12032,,
58065,12032,,
58066,12032,,
58067,12032,,
58068,12032,,
58069,12032,,
58070,12032,,
58071,12032,,
58072,12032,,
58073,12032,,
58074,12032,,
58075,12032,,
58076,12032,,
58077,12032,,
58078,12032,,
58079,12032,,
58080,12032,,
58081,12032,,
58082,12032,,
58083,12032,,
58084,12032,,
58085,12032,,
58086,12032,,
58087,12032,,
58088,12032,,
58089,12032,,
58090,12032,,
58091,12032,,
58092,12032,,
58093,12032,,
58094,12032,,
58095,12032,,
58096,12032,,
58097,12032,,
58098,12032,,
58099,12032,,
58100,12032,,
58101,12032,,
58102,12032,,
58103,12032,,
58104,12032,,
58105,12032,,
58106,12032,,
58107,12032,,
58108,12032,,
58109,12032,,
58110,12032,,
58111,12032,,
58112,12032,,
58113,12032,,
58114,12032,,
58115,12032,,
58116,12032,,
58117,12032,,
58118,12032,,
58119,12032,,
58120,12032,,
58121,12032,,
58122,12032,,
58123,12032,,
58124,12032,,
58125,12032,,
58126,12032,,
58127,12032,,
58128,12032,,
58129,12032,,
58130,12032,,
58131,12032,,
58132,12032,,
58133,12032,,
58134,12032,,
58135,12032,,
58136,12032,,
58137,12032,,
58138,12032,,
58139,12032,,
58140,12032,,
58141,12032,,
58142,12032,,
58143,12032,,
58144,12032,,
58145,12032,,
58146,12032,,
58147,12032,,
58148,12032,,
58149,12032,,
58150,12032,,
58151,12032,,
58152,12032,,
58153,12032,,
58154,12032,,
58155,12032,,
58156,12032,,
58157,12032,,
58158,12032,,
58159,12032,,
58160,12032,,
58161,12032,,
58162,12032,,
58163,12032,,
58164,12032,,
58165,12032,,
58166,12032,,
58167,12032,,
58168,12032,,
58169,12032,,
58170,12032,,
58171,12032,,
58172,12032,,
58173,12032,,
58174,12032,,
58175,12032,,
58176,12032,,
58177,12032,,
58178,12032,,
58179,12032,,
58180,12032,,
58181,12032,,
58182,12032,,
58183,12032,,
58184,12032,,
58185,12032,,
58186,12032,,
58187,12032,,
58188,12032,,
58189,12032,,
58190,12032,,
58191,12032,,
58192,12032,,
58193,12032,,
58194,12032,,
58195,12032,,
58196,12032,,
58197,12032,,
58198,12032,,
58199,12032,,
58200,12032,,
58201,12032,,
58202,12032,,
58203,12032,,
58204,12032,,
58205,12032,,
58206,12032,,
58207,12032,,
58208,12032,,
58209,12032,,
58210,12032,,
58211,12032,,
58212,12032,,
58213,12032,,
58214,12032,,
58215,12032,,
58216,12032,,
58217,12032,,
58218,12032,,
58219,12032,,
58220,12032,,
58221,12032,,
58222,12032,,
58223,12032,,
58224,12032,,
58225,12032,,
58226,12032,,
58227,12032,,
58228,12032,,
58229,12032,,
58230,12032,,
58231,12032,,
58232,12032,,
58233,12032,,
58234,12032,,
58235,12032,,
58236,12032,,
58237,12032,,
58238,12032,,
58239,12032,,
58240,12032,,
58241,12032,,
58242,12032,,
58243,12032,,
58244,12032,,
58245,12032,,
58246,12032,,
58247,12032,,
58248,12032,,
58249,12032,,
58250,12032,,
58251,12032,,
58252,12032,,
58253,12032,,
58254,12032,,
58255,12032,,
58256,12032,,
58257,12032,,
58258,12032,,
58259,12032,,
58260,12032,,
58261,12032,,
58262,12032,,
58263,12032,,
58264,12032,,
58265,12032,,
58266,12032,,
58267,12032,,
58268,12032,,
58269,12032,,
58270,12032,,
58271,12032,,
58272,12032,,
58273,12032,,
58274,12032,,
58275,12032,,
58276,12032,,
58277,12032,,
58278,12032,,
58279,12032,,
58280,12032,,
58281,12032,,
58282,12032,,
58283,12032,,
58284,12032,,
58285,12032,,
58286,12032,,
58287,12032,,
58288,12032,,
58289,12032,,
58290,12032,,
58291,12032,,
58292,12032,,
58293,12032,,
58294,12032,,
58295,12032,,
58296,12032,,
58297,12032,,
58298,12032,,
58299,12032,,
58300,12032,,
58301,12032,,
58302,12032,,
58303,12032,,
58304,12032,,
58305,12032,,
58306,12032,,
58307,12032,,
58308,12032,,
58309,12032,,
58310,12032,,
58311,12032,,
58312,12032,,
58313,12032,,
58314,12032,,
58315,12032,,
58316,12032,,
58317,12032,,
58318,12032,,
58319,12032,,
58320,12032,,
58321,12032,,
58322,12032,,
58323,12032,,
58324,12032,,
58325,12032,,
58326,12032,,
58327,12032,,
58328,12032,,
58329,12032,,
58330,12032,,
58331,12032,,
58332,12032,,
58333,12032,,
58334,12032,,
58335,12032,,
58336,12032,,
58337,12032,,
58338,12032,,
58339,12032,,
58340,12032,,
58341,12032,,
58342,12032,,
58343,12032,,
58344,12032,,
58345,12032,,
58346,12032,,
58347,12032,,
58348,12032,,
58349,12032,,
58350,12032,,
58351,12032,,
58352,12032,,
58353,12032,,
58354,12032,,
58355,12032,,
58356,12032,,
58357,12032,,
58358,12032,,
58359,12032,,
58360,12032,,
58361,12032,,
58362,12032,,
58363,12032,,
58364,12032,,
58365,12032,,
58366,12032,,
58367,12032,,
58368,12032,,
58369,12032,,
58370,12032,,
58371,12032,,
58372,12032,,
58373,12032,,
58374,12032,,
58375,12032,,
58376,12032,,
58377,12032,,
58378,12032,,
58379,12032,,
58380,12032,,
58381,12032,,
58382,12032,,
58383,12032,,
58384,12032,,
58385,12032,,
58386,12032,,
58387,12032,,
58388,12032,,
58389,12032,,
58390,12032,,
58391,12032,,
58392,12032,,
58393,12032,,
58394,12032,,
58395,12032,,
58396,12032,,
58397,12032,,
58398,12032,,
58399,12032,,
58400,12032,,
58401,12032,,
58402,12032,,
58403,12032,,
58404,12032,,
58405,12032,,
58406,12032,,
58407,12032,,
58408,12032,,
58409,12032,,
58410,12032,,
58411,12032,,
58412,12032,,
58413,12032,,
58414,12032,,
58415,12032,,
58416,12032,,
58417,12032,,
58418,12032,,
58419,12032,,
58420,12032,,
58421,12032,,
58422,12032,,
58423,12032,,
58424,12032,,
58425,12032,,
58426,12032,,
58427,12032,,
58428,12032,,
58429,12032,,
58430,12032,,
58431,12032,,
58432,12032,,
58433,12032,,
58434,12032,,
58435,12032,,
58436,12032,,
58437,12032,,
58438,12032,,
58439,12032,,
58440,12032,,
58441,12032,,
58442,12032,,
58443,12032,,
58444,12032,,
58445,12032,,
58446,12032,,
58447,12032,,
58448,12032,,
58449,12032,,
58450,12032,,
58451,12032,,
58452,12032,,
58453,12032,,
58454,12032,,
58455,12032,,
58456,12032,,
58457,12032,,
58458,12032,,
58459,12032,,
58460,12032,,
58461,12032,,
58462,12032,,
58463,12032,,
58464,12032,,
58465,12032,,
58466,12032,,
58467,12032,,
58468,12032,,
58469,12032,,
58470,12032,,
58471,12032,,
58472,12032,,
58473,12032,,
58474,12032,,
58475,12032,,
58476,12032,,
58477,12032,,
58478,12032,,
58479,12032,,
58480,12032,,
58481,12032,,
58482,12032,,
58483,12032,,
58484,12032,,
58485,12032,,
58486,12032,,
58487,12032,,
58488,12032,,
58489,12032,,
58490,12032,,
58491,12032,,
58492,12032,,
58493,12032,,
58494,12032,,
58495,12032,,
58496,12032,,
58497,12032,,
58498,12032,,
58499,12032,,
58500,12032,,
58501,12032,,
58502,12032,,
58503,12032,,
58504,12032,,
58505,12032,,
58506,12032,,
58507,12032,,
58508,12032,,
58509,12032,,
58510,12032,,
58511,12032,,
58512,12032,,
58513,12032,,
58514,12032,,
58515,12032,,
58516,12032,,
58517,12032,,
58518,12032,,
58519,12032,,
58520,12032,,
58521,12032,,
58522,12032,,
58523,12032,,
58524,12032,,
58525,12032,,
58526,12032,,
58527,12032,,
58528,12032,,
58529,12032,,
58530,12032,,
58531,12032,,
58532,12032,,
58533,12032,,
58534,12032,,
58535,12032,,
58536,12032,,
58537,12032,,
58538,12032,,
58539,12032,,
58540,12032,,
58541,12032,,
58542,12032,,
58543,12032,,
58544,12032,,
58545,12032,,
58546,12032,,
58547,12032,,
58548,12032,,
58549,12032,,
58550,12032,,
58551,12032,,
58552,12032,,
58553,12032,,
58554,12032,,
58555,12032,,
58556,12032,,
58557,12032,,
58558,12032,,
58559,12032,,
58560,12032,,
58561,12032,,
58562,12032,,
58563,12032,,
58564,12032,,
58565,12032,,
58566,12032,,
58567,12032,,
58568,12032,,
58569,12032,,
58570,12032,,
58571,12032,,
58572,12032,,
58573,12032,,
58574,12032,,
58575,12032,,
58576,12032,,
58577,12032,,
58578,12032,,
58579,12032,,
58580,12032,,
58581,12032,,
58582,12032,,
58583,12032,,
58584,12032,,
58585,12032,,
58586,12032,,
58587,12032,,
58588,12032,,
58589,12032,,
58590,12032,,
58591,12032,,
58592,12032,,
58593,12032,,
58594,12032,,
58595,12032,,
58596,12032,,
58597,12032,,
58598,12032,,
58599,12032,,
58600,12032,,
58601,12032,,
58602,12032,,
58603,12032,,
58604,12032,,
58605,12032,,
58606,12032,,
58607,12032,,
58608,12032,,
58609,12032,,
58610,12032,,
58611,12032,,
58612,12032,,
58613,12032,,
58614,12032,,
58615,12032,,
58616,12032,,
58617,12032,,
58618,12032,,
58619,12032,,
58620,12032,,
58621,12032,,
58622,12032,,
58623,12032,,
58624,12032,,
58625,12032,,
58626,12032,,
58627,12032,,
58628,12032,,
58629,12032,,
58630,12032,,
58631,12032,,
58632,12032,,
58633,12032,,
58634,12032,,
58635,12032,,
58636,12032,,
58637,12032,,
58638,12032,,
58639,12032,,
58640,12032,,
58641,12032,,
58642,12032,,
58643,12032,,
58644,12032,,
58645,12032,,
58646,12032,,
58647,12032,,
58648,12032,,
58649,12032,,
58650,12032,,
58651,12032,,
58652,12032,,
58653,12032,,
58654,12032,,
58655,12032,,
58656,12032,,
58657,12032,,
58658,12032,,
58659,12032,,
58660,12032,,
58661,12032,,
58662,12032,,
58663,12032,,
58664,12032,,
58665,12032,,
58666,12032,,
58667,12032,,
58668,12032,,
58669,12032,,
58670,12032,,
58671,12032,,
58672,12032,,
58673,12032,,
58674,12032,,
58675,12032,,
58676,12032,,
58677,12032,,
58678,12032,,
58679,12032,,
58680,12032,,
58681,12032,,
58682,12032,,
58683,12032,,
58684,12032,,
58685,12032,,
58686,12032,,
58687,12032,,
58688,12032,,
58689,12032,,
58690,12032,,
58691,12032,,
58692,12032,,
58693,12032,,
58694,12032,,
58695,12032,,
58696,12032,,
58697,12032,,
58698,12032,,
58699,12032,,
58700,12032,,
58701,12032,,
58702,12032,,
58703,12032,,
58704,12032,,
58705,12032,,
58706,12032,,
58707,12032,,
58708,12032,,
58709,12032,,
58710,12032,,
58711,12032,,
58712,12032,,
58713,12032,,
58714,12032,,
58715,12032,,
58716,12032,,
58717,12032,,
58718,12032,,
58719,12032,,
58720,12032,,
58721,12032,,
58722,12032,,
58723,12032,,
58724,12032,,
58725,12032,,
58726,12032,,
58727,12032,,
58728,12032,,
58729,12032,,
58730,12032,,
58731,12032,,
58732,12032,,
58733,12032,,
58734,12032,,
58735,12032,,
58736,12032,,
58737,12032,,
58738,12032,,
58739,12032,,
58740,12032,,
58741,12032,,
58742,12032,,
58743,12032,,
58744,12032,,
58745,12032,,
58746,12032,,
58747,12032,,
58748,12032,,
58749,12032,,
58750,12032,,
58751,12032,,
58752,12032,,
58753,12032,,
58754,12032,,
58755,12032,,
58756,12032,,
58757,12032,,
58758,12032,,
58759,12032,,
58760,12032,,
58761,12032,,
58762,12032,,
58763,12032,,
58764,12032,,
58765,12032,,
58766,12032,,
58767,12032,,
58768,12032,,
58769,12032,,
58770,12032,,
58771,12032,,
58772,12032,,
58773,12032,,
58774,12032,,
58775,12032,,
58776,12032,,
58777,12032,,
58778,12032,,
58779,12032,,
58780,12032,,
58781,12032,,
58782,12032,,
58783,12032,,
58784,12032,,
58785,12032,,
58786,12032,,
58787,12032,,
58788,12032,,
58789,12032,,
58790,12032,,
58791,12032,,
58792,12032,,
58793,12032,,
58794,12032,,
58795,12032,,
58796,12032,,
58797,12032,,
58798,12032,,
58799,12032,,
58800,12032,,
58801,12032,,
58802,12032,,
58803,12032,,
58804,12032,,
58805,12032,,
58806,12032,,
58807,12032,,
58808,12032,,
58809,12032,,
58810,12032,,
58811,12032,,
58812,12032,,
58813,12032,,
58814,12032,,
58815,12032,,
58816,12032,,
58817,12032,,
58818,12032,,
58819,12032,,
58820,12032,,
58821,12032,,
58822,12032,,
58823,12032,,
58824,12032,,
58825,12032,,
58826,12032,,
58827,12032,,
58828,12032,,
58829,12032,,
58830,12032,,
58831,12032,,
58832,12032,,
58833,12032,,
58834,12032,,
58835,12032,,
58836,12032,,
58837,12032,,
58838,12032,,
58839,12032,,
58840,12032,,
58841,12032,,
58842,12032,,
58843,12032,,
58844,12032,,
58845,12032,,
58846,12032,,
58847,12032,,
58848,12032,,
58849,12032,,
58850,12032,,
58851,12032,,
58852,12032,,
58853,12032,,
58854,12032,,
58855,12032,,
58856,12032,,
58857,12032,,
58858,12032,,
58859,12032,,
58860,12032,,
58861,12032,,
58862,12032,,
58863,12032,,
58864,12032,,
58865,12032,,
58866,12032,,
58867,12032,,
58868,12032,,
58869,12032,,
58870,12032,,
58871,12032,,
58872,12032,,
58873,12032,,
58874,12032,,
58875,12032,,
58876,12032,,
58877,12032,,
58878,12032,,
58879,12032,,
58880,12032,,
58881,12032,,
58882,12032,,
58883,12032,,
58884,12032,,
58885,12032,,
58886,12032,,
58887,12032,,
58888,12032,,
58889,12032,,
58890,12032,,
58891,12032,,
58892,12032,,
58893,12032,,
58894,12032,,
58895,12032,,
58896,12032,,
58897,12032,,
58898,12032,,
58899,12032,,
58900,12032,,
58901,12032,,
58902,12032,,
58903,12032,,
58904,12032,,
58905,12032,,
58906,12032,,
58907,12032,,
58908,12032,,
58909,12032,,
58910,12032,,
58911,12032,,
58912,12032,,
58913,12032,,
58914,12032,,
58915,12032,,
58916,12032,,
58917,12032,,
58918,12032,,
58919,12032,,
58920,12032,,
58921,12032,,
58922,12032,,
58923,12032,,
58924,12032,,
58925,12032,,
58926,12032,,
58927,12032,,
58928,12032,,
58929,12032,,
58930,12032,,
58931,12032,,
58932,12032,,
58933,12032,,
58934,12032,,
58935,12032,,
58936,12032,,
58937,12032,,
58938,12032,,
58939,12032,,
58940,12032,,
58941,12032,,
58942,12032,,
58943,12032,,
58944,12032,,
58945,12032,,
58946,12032,,
58947,12032,,
58948,12032,,
58949,12032,,
58950,12032,,
58951,12032,,
58952,12032,,
58953,12032,,
58954,12032,,
58955,12032,,
58956,12032,,
58957,12032,,
58958,12032,,
58959,12032,,
58960,12032,,
58961,12032,,
58962,12032,,
58963,12032,,
58964,12032,,
58965,12032,,
58966,12032,,
58967,12032,,
58968,12032,,
58969,12032,,
58970,12032,,
58971,12032,,
58972,12032,,
58973,12032,,
58974,12032,,
58975,12032,,
58976,12032,,
58977,12032,,
58978,12032,,
58979,12032,,
58980,12032,,
58981,12032,,
58982,12032,,
58983,12032,,
58984,12032,,
58985,12032,,
58986,12032,,
58987,12032,,
58988,12032,,
58989,12032,,
58990,12032,,
58991,12032,,
58992,12032,,
58993,12032,,
58994,12032,,
58995,12032,,
58996,12032,,
58997,12032,,
58998,12032,,
58999,12032,,
59000,12032,,
59001,12032,,
59002,12032,,
59003,12032,,
59004,12032,,
59005,12032,,
59006,12032,,
59007,12032,,
59008,12032,,
59009,12032,,
59010,12032,,
59011,12032,,
59012,12032,,
59013,12032,,
59014,12032,,
59015,12032,,
59016,12032,,
59017,12032,,
59018,12032,,
59019,12032,,
59020,12032,,
59021,12032,,
59022,12032,,
59023,12032,,
59024,12032,,
59025,12032,,
59026,12032,,
59027,12032,,
59028,12032,,
59029,12032,,
59030,12032,,
59031,12032,,
59032,12032,,
59033,12032,,
59034,12032,,
59035,12032,,
59036,12032,,
59037,12032,,
59038,12032,,
59039,12032,,
59040,12032,,
59041,12032,,
59042,12032,,
59043,12032,,
59044,12032,,
59045,12032,,
59046,12032,,
59047,12032,,
59048,12032,,
59049,12032,,
59050,12032,,
59051,12032,,
59052,12032,,
59053,12032,,
59054,12032,,
59055,12032,,
59056,12032,,
59057,12032,,
59058,12032,,
59059,12032,,
59060,12032,,
59061,12032,,
59062,12032,,
59063,12032,,
59064,12032,,
59065,12032,,
59066,12032,,
59067,12032,,
59068,12032,,
59069,12032,,
59070,12032,,
59071,12032,,
59072,12032,,
59073,12032,,
59074,12032,,
59075,12032,,
59076,12032,,
59077,12032,,
59078,12032,,
59079,12032,,
59080,12032,,
59081,12032,,
59082,12032,,
59083,12032,,
59084,12032,,
59085,12032,,
59086,12032,,
59087,12032,,
59088,12032,,
59089,12032,,
59090,12032,,
59091,12032,,
59092,12032,,
59093,12032,,
59094,12032,,
59095,12032,,
59096,12032,,
59097,12032,,
59098,12032,,
59099,12032,,
59100,12032,,
59101,12032,,
59102,12032,,
59103,12032,,
59104,12032,,
59105,12032,,
59106,12032,,
59107,12032,,
59108,12032,,
59109,12032,,
59110,12032,,
59111,12032,,
59112,12032,,
59113,12032,,
59114,12032,,
59115,12032,,
59116,12032,,
59117,12032,,
59118,12032,,
59119,12032,,
59120,12032,,
59121,12032,,
59122,12032,,
59123,12032,,
59124,12032,,
59125,12032,,
59126,12032,,
59127,12032,,
59128,12032,,
59129,12032,,
59130,12032,,
59131,12032,,
59132,12032,,
59133,12032,,
59134,12032,,
59135,12032,,
59136,12032,,
59137,12032,,
59138,12032,,
59139,12032,,
59140,12032,,
59141,12032,,
59142,12032,,
59143,12032,,
59144,12032,,
59145,12032,,
59146,12032,,
59147,12032,,
59148,12032,,
59149,12032,,
59150,12032,,
59151,12032,,
59152,12032,,
59153,12032,,
59154,12032,,
59155,12032,,
59156,12032,,
59157,12032,,
59158,12032,,
59159,12032,,
59160,12032,,
59161,12032,,
59162,12032,,
59163,12032,,
59164,12032,,
59165,12032,,
59166,12032,,
59167,12032,,
59168,12032,,
59169,12032,,
59170,12032,,
59171,12032,,
59172,12032,,
59173,12032,,
59174,12032,,
59175,12032,,
59176,12032,,
59177,12032,,
59178,12032,,
59179,12032,,
59180,12032,,
59181,12032,,
59182,12032,,
59183,12032,,
59184,12032,,
59185,12032,,
59186,12032,,
59187,12032,,
59188,12032,,
59189,12032,,
59190,12032,,
59191,12032,,
59192,12032,,
59193,12032,,
59194,12032,,
59195,12032,,
59196,12032,,
59197,12032,,
59198,12032,,
59199,12032,,
59200,12032,,
59201,12032,,
59202,12032,,
59203,12032,,
59204,12032,,
59205,12032,,
59206,12032,,
59207,12032,,
59208,12032,,
59209,12032,,
59210,12032,,
59211,12032,,
59212,12032,,
59213,12032,,
59214,12032,,
59215,12032,,
59216,12032,,
59217,12032,,
59218,12032,,
59219,12032,,
59220,12032,,
59221,12032,,
59222,12032,,
59223,12032,,
59224,12032,,
59225,12032,,
59226,12032,,
59227,12032,,
59228,12032,,
59229,12032,,
59230,12032,,
59231,12032,,
59232,12032,,
59233,12032,,
59234,12032,,
59235,12032,,
59236,12032,,
59237,12032,,
59238,12032,,
59239,12032,,
59240,12032,,
59241,12032,,
59242,12032,,
59243,12032,,
59244,12032,,
59245,12032,,
59246,12032,,
59247,12032,,
59248,12032,,
59249,12032,,
59250,12032,,
59251,12032,,
59252,12032,,
59253,12032,,
59254,12032,,
59255,12032,,
59256,12032,,
59257,12032,,
59258,12032,,
59259,12032,,
59260,12032,,
59261,12032,,
59262,12032,,
59263,12032,,
59264,12032,,
59265,12032,,
59266,12032,,
59267,12032,,
59268,12032,,
59269,12032,,
59270,12032,,
59271,12032,,
59272,12032,,
59273,12032,,
59274,12032,,
59275,12032,,
59276,12032,,
59277,12032,,
59278,12032,,
59279,12032,,
59280,12032,,
59281,12032,,
59282,12032,,
59283,12032,,
59284,12032,,
59285,12032,,
59286,12032,,
59287,12032,,
59288,12032,,
59289,12032,,
59290,12032,,
59291,12032,,
59292,12032,,
59293,12032,,
59294,12032,,
59295,12032,,
59296,12032,,
59297,12032,,
59298,12032,,
59299,12032,,
59300,12032,,
59301,12032,,
59302,12032,,
59303,12032,,
59304,12032,,
59305,12032,,
59306,12032,,
59307,12032,,
59308,12032,,
59309,12032,,
59310,12032,,
59311,12032,,
59312,12032,,
59313,12032,,
59314,12032,,
59315,12032,,
59316,12032,,
59317,12032,,
59318,12032,,
59319,12032,,
59320,12032,,
59321,12032,,
59322,12032,,
59323,12032,,
59324,12032,,
59325,12032,,
59326,12032,,
59327,12032,,
59328,12032,,
59329,12032,,
59330,12032,,
59331,12032,,
59332,12032,,
59333,12032,,
59334,12032,,
59335,12032,,
59336,12032,,
59337,12032,,
59338,12032,,
59339,12032,,
59340,12032,,
59341,12032,,
59342,12032,,
59343,12032,,
59344,12032,,
59345,12032,,
59346,12032,,
59347,12032,,
59348,12032,,
59349,12032,,
59350,12032,,
59351,12032,,
59352,12032,,
59353,12032,,
59354,12032,,
59355,12032,,
59356,12032,,
59357,12032,,
59358,12032,,
59359,12032,,
59360,12032,,
59361,12032,,
59362,12032,,
59363,12032,,
59364,12032,,
59365,12032,,
59366,12032,,
59367,12032,,
59368,12032,,
59369,12032,,
59370,12032,,
59371,12032,,
59372,12032,,
59373,12032,,
59374,12032,,
59375,12032,,
59376,12032,,
59377,12032,,
59378,12032,,
59379,12032,,
59380,12032,,
59381,12032,,
59382,12032,,
59383,12032,,
59384,12032,,
59385,12032,,
59386,12032,,
59387,12032,,
59388,12032,,
59389,12032,,
59390,12032,,
59391,12032,,
59392,12032,,
59393,12032,,
59394,12032,,
59395,12032,,
59396,12032,,
59397,12032,,
59398,12032,,
59399,12032,,
59400,12032,,
59401,12032,,
59402,12032,,
59403,12032,,
59404,12032,,
59405,12032,,
59406,12032,,
59407,12032,,
59408,12032,,
59409,12032,,
59410,12032,,
59411,12032,,
59412,12032,,
59413,12032,,
59414,12032,,
59415,12032,,
59416,12032,,
59417,12032,,
59418,12032,,
59419,12032,,
59420,12032,,
59421,12032,,
59422,12032,,
59423,12032,,
59424,12032,,
59425,12032,,
59426,12032,,
59427,12032,,
59428,12032,,
59429,12032,,
59430,12032,,
59431,12032,,
59432,12032,,
59433,12032,,
59434,12032,,
59435,12032,,
59436,12032,,
59437,12032,,
59438,12032,,
59439,12032,,
59440,12032,,
59441,12032,,
59442,12032,,
59443,12032,,
59444,12032,,
59445,12032,,
59446,12032,,
59447,12032,,
59448,12032,,
59449,12032,,
59450,12032,,
59451,12032,,
59452,12032,,
59453,12032,,
59454,12032,,
59455,12032,,
59456,12032,,
59457,12032,,
59458,12032,,
59459,12032,,
59460,12032,,
59461,12032,,
59462,12032,,
59463,12032,,
59464,12032,,
59465,12032,,
59466,12032,,
59467,12032,,
59468,12032,,
59469,12032,,
59470,12032,,
59471,12032,,
59472,12032,,
59473,12032,,
59474,12032,,
59475,12032,,
59476,12032,,
59477,12032,,
59478,12032,,
59479,12032,,
59480,12032,,
59481,12032,,
59482,12032,,
59483,12032,,
59484,12032,,
59485,12032,,
59486,12032,,
59487,12032,,
59488,12032,,
59489,12032,,
59490,12032,,
59491,12032,,
59492,12032,,
59493,12032,,
59494,12032,,
59495,12032,,
59496,12032,,
59497,12032,,
59498,12032,,
59499,12032,,
59500,12032,,
59501,12032,,
59502,12032,,
59503,12032,,
59504,12032,,
59505,12032,,
59506,12032,,
59507,12032,,
59508,12032,,
59509,12032,,
59510,12032,,
59511,12032,,
59512,12032,,
59513,12032,,
59514,12032,,
59515,12032,,
59516,12032,,
59517,12032,,
59518,12032,,
59519,12032,,
59520,12032,,
59521,12032,,
59522,12032,,
59523,12032,,
59524,12032,,
59525,12032,,
59526,12032,,
59527,12032,,
59528,12032,,
59529,12032,,
59530,12032,,
59531,12032,,
59532,12032,,
59533,12032,,
59534,12032,,
59535,12032,,
59536,12032,,
59537,12032,,
59538,12032,,
59539,12032,,
59540,12032,,
59541,12032,,
59542,12032,,
59543,12032,,
59544,12032,,
59545,12032,,
59546,12032,,
59547,12032,,
59548,12032,,
59549,12032,,
59550,12032,,
59551,12032,,
59552,12032,,
59553,12032,,
59554,12032,,
59555,12032,,
59556,12032,,
59557,12032,,
59558,12032,,
59559,12032,,
59560,12032,,
59561,12032,,
59562,12032,,
59563,12032,,
59564,12032,,
59565,12032,,
59566,12032,,
59567,12032,,
59568,12032,,
59569,12032,,
59570,12032,,
59571,12032,,
59572,12032,,
59573,12032,,
59574,12032,,
59575,12032,,
59576,12032,,
59577,12032,,
59578,12032,,
59579,12032,,
59580,12032,,
59581,12032,,
59582,12032,,
59583,12032,,
59584,12032,,
59585,12032,,
59586,12032,,
59587,12032,,
59588,12032,,
59589,12032,,
59590,12032,,
59591,12032,,
59592,12032,,
59593,12032,,
59594,12032,,
59595,12032,,
59596,12032,,
59597,12032,,
59598,12032,,
59599,12032,,
59600,12032,,
59601,12032,,
59602,12032,,
59603,12032,,
59604,12032,,
59605,12032,,
59606,12032,,
59607,12032,,
59608,12032,,
59609,12032,,
59610,12032,,
59611,12032,,
59612,12032,,
59613,12032,,
59614,12032,,
59615,12032,,
59616,12032,,
59617,12032,,
59618,12032,,
59619,12032,,
59620,12032,,
59621,12032,,
59622,12032,,
59623,12032,,
59624,12032,,
59625,12032,,
59626,12032,,
59627,12032,,
59628,12032,,
59629,12032,,
59630,12032,,
59631,12032,,
59632,12032,,
59633,12032,,
59634,12032,,
59635,12032,,
59636,12032,,
59637,12032,,
59638,12032,,
59639,12032,,
59640,12032,,
59641,12032,,
59642,12032,,
59643,12032,,
59644,12032,,
59645,12032,,
59646,12032,,
59647,12032,,
59648,12032,,
59649,12032,,
59650,12032,,
59651,12032,,
59652,12032,,
59653,12032,,
59654,12032,,
59655,12032,,
59656,12032,,
59657,12032,,
59658,12032,,
59659,12032,,
59660,12032,,
59661,12032,,
59662,12032,,
59663,12032,,
59664,12032,,
59665,12032,,
59666,12032,,
59667,12032,,
59668,12032,,
59669,12032,,
59670,12032,,
59671,12032,,
59672,12032,,
59673,12032,,
59674,12032,,
59675,12032,,
59676,12032,,
59677,12032,,
59678,12032,,
59679,12032,,
59680,12032,,
59681,12032,,
59682,12032,,
59683,12032,,
59684,12032,,
59685,12032,,
59686,12032,,
59687,12032,,
59688,12032,,
59689,12032,,
59690,12032,,
59691,12032,,
59692,12032,,
59693,12032,,
59694,12032,,
59695,12032,,
59696,12032,,
59697,12032,,
59698,12032,,
59699,12032,,
59700,12032,,
59701,12032,,
59702,12032,,
59703,12032,,
59704,12032,,
59705,12032,,
59706,12032,,
59707,12032,,
59708,12032,,
59709,12032,,
59710,12032,,
59711,12032,,
59712,12032,,
59713,12032,,
59714,12032,,
59715,12032,,
59716,12032,,
59717,12032,,
59718,12032,,
59719,12032,,
59720,12032,,
59721,12032,,
59722,12032,,
59723,12032,,
59724,12032,,
59725,12032,,
59726,12032,,
59727,12032,,
59728,12032,,
59729,12032,,
59730,12032,,
59731,12032,,
59732,12032,,
59733,12032,,
59734,12032,,
59735,12032,,
59736,12032,,
59737,12032,,
59738,12032,,
59739,12032,,
59740,12032,,
59741,12032,,
59742,12032,,
59743,12032,,
59744,12032,,
59745,12032,,
59746,12032,,
59747,12032,,
59748,12032,,
59749,12032,,
59750,12032,,
59751,12032,,
59752,12032,,
59753,12032,,
59754,12032,,
59755,12032,,
59756,12032,,
59757,12032,,
59758,12032,,
59759,12032,,
59760,12032,,
59761,12032,,
59762,12032,,
59763,12032,,
59764,12032,,
59765,12032,,
59766,12032,,
59767,12032,,
59768,12032,,
59769,12032,,
59770,12032,,
59771,12032,,
59772,12032,,
59773,12032,,
59774,12032,,
59775,12032,,
59776,12032,,
59777,12032,,
59778,12032,,
59779,12032,,
59780,12032,,
59781,12032,,
59782,12032,,
59783,12032,,
59784,12032,,
59785,12032,,
59786,12032,,
59787,12032,,
59788,12032,,
59789,12032,,
59790,12032,,
59791,12032,,
59792,12032,,
59793,12032,,
59794,12032,,
59795,12032,,
59796,12032,,
59797,12032,,
59798,12032,,
59799,12032,,
59800,12032,,
59801,12032,,
59802,12032,,
59803,12032,,
59804,12032,,
59805,12032,,
59806,12032,,
59807,12032,,
59808,12032,,
59809,12032,,
59810,12032,,
59811,12032,,
59812,12032,,
59813,12032,,
59814,12032,,
59815,12032,,
59816,12032,,
59817,12032,,
59818,12032,,
59819,12032,,
59820,12032,,
59821,12032,,
59822,12032,,
59823,12032,,
59824,12032,,
59825,12032,,
59826,12032,,
59827,12032,,
59828,12032,,
59829,12032,,
59830,12032,,
59831,12032,,
59832,12032,,
59833,12032,,
59834,12032,,
59835,12032,,
59836,12032,,
59837,12032,,
59838,12032,,
59839,12032,,
59840,12032,,
59841,12032,,
59842,12032,,
59843,12032,,
59844,12032,,
59845,12032,,
59846,12032,,
59847,12032,,
59848,12032,,
59849,12032,,
59850,12032,,
59851,12032,,
59852,12032,,
59853,12032,,
59854,12032,,
59855,12032,,
59856,12032,,
59857,12032,,
59858,12032,,
59859,12032,,
59860,12032,,
59861,12032,,
59862,12032,,
59863,12032,,
59864,12032,,
59865,12032,,
59866,12032,,
59867,12032,,
59868,12032,,
59869,12032,,
59870,12032,,
59871,12032,,
59872,12032,,
59873,12032,,
59874,12032,,
59875,12032,,
59876,12032,,
59877,12032,,
59878,12032,,
59879,12032,,
59880,12032,,
59881,12032,,
59882,12032,,
59883,12032,,
59884,12032,,
59885,12032,,
59886,12032,,
59887,12032,,
59888,12032,,
59889,12032,,
59890,12032,,
59891,12032,,
59892,12032,,
59893,12032,,
59894,12032,,
59895,12032,,
59896,12032,,
59897,12032,,
59898,12032,,
59899,12032,,
59900,12032,,
59901,12032,,
59902,12032,,
59903,12032,,
59904,12032,,
59905,12032,,
59906,12032,,
59907,12032,,
59908,12032,,
59909,12032,,
59910,12032,,
59911,12032,,
59912,12032,,
59913,12032,,
59914,12032,,
59915,12032,,
59916,12032,,
59917,12032,,
59918,12032,,
59919,12032,,
59920,12032,,
59921,12032,,
59922,12032,,
59923,12032,,
59924,12032,,
59925,12032,,
59926,12032,,
59927,12032,,
59928,12032,,
59929,12032,,
59930,12032,,
59931,12032,,
59932,12032,,
59933,12032,,
59934,12032,,
59935,12032,,
59936,12032,,
59937,12032,,
59938,12032,,
59939,12032,,
59940,12032,,
59941,12032,,
59942,12032,,
59943,12032,,
59944,12032,,
59945,12032,,
59946,12032,,
59947,12032,,
59948,12032,,
59949,12032,,
59950,12032,,
59951,12032,,
59952,12032,,
59953,12032,,
59954,12032,,
59955,12032,,
59956,12032,,
59957,12032,,
59958,12032,,
59959,12032,,
59960,12032,,
59961,12032,,
59962,12032,,
59963,12032,,
59964,12032,,
59965,12032,,
59966,12032,,
59967,12032,,
59968,12032,,
59969,12032,,
59970,12032,,
59971,12032,,
59972,12032,,
59973,12032,,
59974,12032,,
59975,12032,,
59976,12032,,
59977,12032,,
59978,12032,,
59979,12032,,
59980,12032,,
59981,12032,,
59982,12032,,
59983,12032,,
59984,12032,,
59985,12032,,
59986,12032,,
59987,12032,,
59988,12032,,
59989,12032,,
59990,12032,,
59991,12032,,
59992,12032,,
59993,12032,,
59994,12032,,
59995,12032,,
59996,12032,,
59997,12032,,
59998,12032,,
59999,12032,,
60000,12032,,
60001,12032,,
60002,12032,,
60003,12032,,
60004,12032,,
60005,12032,,
60006,12032,,
60007,12032,,
60008,12032,,
60009,12032,,
60010,12032,,
60011,12032,,
60012,12032,,
60013,12032,,
60014,12032,,
60015,12032,,
60016,12032,,
60017,12032,,
60018,12032,,
60019,12032,,
60020,12032,,
60021,12032,,
60022,12032,,
60023,12032,,
60024,12032,,
60025,12032,,
60026,12032,,
60027,12032,,
60028,12032,,
60029,12032,,
60030,12032,,
60031,12032,,
60032,12032,,
60033,12032,,
60034,12032,,
60035,12032,,
60036,12032,,
60037,12032,,
60038,12032,,
60039,12032,,
60040,12032,,
60041,12032,,
60042,12032,,
60043,12032,,
60044,12032,,
60045,12032,,
60046,12032,,
60047,12032,,
60048,12032,,
60049,12032,,
60050,12032,,
60051,12032,,
60052,12032,,
60053,12032,,
60054,12032,,
60055,12032,,
60056,12032,,
60057,12032,,
60058,12032,,
60059,12032,,
60060,12032,,
60061,12032,,
60062,12032,,
60063,12032,,
60064,12032,,
60065,12032,,
60066,12032,,
60067,12032,,
60068,12032,,
60069,12032,,
60070,12032,,
60071,12032,,
60072,12032,,
60073,12032,,
60074,12032,,
60075,12032,,
60076,12032,,
60077,12032,,
60078,12032,,
60079,12032,,
60080,12032,,
60081,12032,,
60082,12032,,
60083,12032,,
60084,12032,,
60085,12032,,
60086,12032,,
60087,12032,,
60088,12032,,
60089,12032,,
60090,12032,,
60091,12032,,
60092,12032,,
60093,12032,,
60094,12032,,
60095,12032,,
60096,12032,,
60097,12032,,
60098,12032,,
60099,12032,,
60100,12032,,
60101,12032,,
60102,12032,,
60103,12032,,
60104,12032,,
60105,12032,,
60106,12032,,
60107,12032,,
60108,12032,,
60109,12032,,
60110,12032,,
60111,12032,,
60112,12032,,
60113,12032,,
60114,12032,,
60115,12032,,
60116,12032,,
60117,12032,,
60118,12032,,
60119,12032,,
60120,12032,,
